league_id,season,draft_id,team_count,draft_rounds,qb_start_slots,superflex_slots,te_start_slots,scoring_type,keeper_pick_count,complete_pick_board,reception_points,passing_td_points,te_premium,primary_sample,exclusion_reason
994378833954476032,2023,1000092587090358272,12,12,1,0,1,ppr,0,True,1.0,6.0,0.0,True,eligible
1000114355565862912,2023,1000114356878770176,12,15,1,1,1,2qb,0,True,1.0,4.0,0.0,False,not_1qb;non_redraft_or_idp
1000137998740054016,2023,1000137999667015680,12,28,1,0,1,idp,0,True,0.5,6.0,0.0,False,non_redraft_or_idp
1000213949192744960,2023,1000213950128111616,12,17,1,0,1,ppr,0,True,1.0,4.0,0.0,True,eligible
1000222942594207744,2023,1000222943491735552,12,24,1,1,1,dynasty_2qb,0,True,1.0,4.0,0.5,False,not_1qb;non_redraft_or_idp;te_premium
1000233772102574080,2023,1000233773331464192,12,29,1,1,1,dynasty_2qb,0,True,1.0,6.0,0.5,False,not_1qb;non_redraft_or_idp;te_premium
1000262589093392384,2023,1000262590188060672,12,14,1,0,1,half_ppr,0,True,0.5,4.0,0.0,True,eligible
1000462675983380480,2023,1000462675983380481,12,16,1,1,1,2qb,0,True,0.5,6.0,0.0,False,not_1qb;non_redraft_or_idp
1000469055511302144,2023,1000469057793003520,12,16,1,0,1,ppr,0,True,1.0,4.0,0.5,False,te_premium
1000555183014748160,2023,1000555187100082176,12,17,1,1,1,2qb,0,True,1.0,4.0,0.0,False,not_1qb;non_redraft_or_idp
1000561915476709376,2023,1000561915476709377,12,20,1,1,1,2qb,19,True,1.0,6.0,0.0,False,not_1qb;keeper_picks;non_redraft_or_idp
1000570754305486848,2023,1000570755916079104,12,15,1,0,1,ppr,0,True,1.0,4.0,0.0,True,eligible
1000615951806685184,2023,1000615952746135552,12,15,1,0,1,ppr,0,True,1.0,4.0,0.0,True,eligible
1000622513153511424,2023,1000622513837146112,12,14,1,0,1,ppr,0,True,1.0,6.0,0.0,True,eligible
983866142047477760,2023,1000782945849724928,12,35,1,1,0,dynasty_2qb,0,False,1.0,4.0,0.75,False,incomplete_board;not_1qb;no_required_te;non_redraft_or_idp;te_premium
1000913148838301696,2023,1000913150146912256,12,26,1,0,1,dynasty_half_ppr,0,True,0.5,5.0,0.0,False,non_redraft_or_idp
1000951168857710592,2023,1000951169495187456,12,15,1,0,1,ppr,0,True,1.0,4.0,0.0,True,eligible
1001018861715578880,2023,1001018862663499776,12,21,1,1,1,dynasty_2qb,0,True,1.0,6.0,1.0,False,not_1qb;non_redraft_or_idp;te_premium
1001024647476948992,2023,1001024648865263616,12,18,1,1,1,2qb,0,True,1.0,12.0,2.0,False,not_1qb;non_redraft_or_idp;te_premium
1001156326715736064,2023,1001156330054316032,12,15,1,0,1,ppr,0,True,1.0,5.0,0.0,True,eligible
1001163819286171648,2023,1001163820536037376,12,18,1,0,1,ppr,0,True,1.0,6.0,0.0,True,eligible
992181436951875584,2023,1001165423724806144,12,25,1,1,1,dynasty_2qb,0,False,1.0,6.0,0.0,False,incomplete_board;not_1qb;non_redraft_or_idp
1001193136267345920,2023,1001193139438247936,12,18,1,1,1,2qb,0,True,1.0,6.0,0.75,False,not_1qb;non_redraft_or_idp;te_premium
1001208620182298624,2023,1001208623978098688,12,20,1,0,1,ppr,0,True,1.0,4.0,0.0,True,eligible
1001497676921307136,2023,1001497678255099904,12,15,1,0,1,half_ppr,0,True,0.5,4.0,0.0,True,eligible
1001578500916113408,2023,1001578501864022016,12,15,1,0,1,ppr,0,True,1.0,4.0,0.0,True,eligible
1001588353885696000,2023,1001588354648981504,12,14,1,0,1,half_ppr,0,True,0.5,4.0,0.0,True,eligible
1001592185734692864,2023,1001592187991191552,12,16,1,1,1,2qb,0,True,1.0,6.0,0.0,False,not_1qb;non_redraft_or_idp
1001608118276534272,2023,1001608120575008768,12,14,1,1,1,2qb,0,True,1.0,4.0,0.0,False,not_1qb;non_redraft_or_idp
1001649920073437184,2023,1001649921990172672,12,17,1,1,1,2qb,0,True,1.0,6.0,0.75,False,not_1qb;non_redraft_or_idp;te_premium
1001664886880968704,2023,1001664888630009856,12,14,1,0,1,ppr,0,True,1.0,4.0,0.0,True,eligible
1001725658369716224,2023,1001725659414118400,12,15,1,0,1,ppr,0,True,1.0,6.0,0.0,True,eligible
1001825449833488384,2023,1001825451452579840,12,36,1,0,1,idp,0,True,1.0,4.0,0.0,False,non_redraft_or_idp
1001908198447652864,2023,1001908199651389440,12,15,1,0,1,ppr,0,True,1.0,6.0,0.5,False,te_premium
1001936577108492288,2023,1001936578186440704,12,14,1,0,1,ppr,0,True,1.0,6.0,0.0,True,eligible
1001943876501860352,2023,1001943878821363712,12,15,1,0,1,ppr,0,True,1.0,6.0,0.0,True,eligible
1001985759156473856,2023,1001985760519741440,12,14,1,0,1,ppr,0,True,1.0,4.0,0.0,True,eligible
1001910323848220672,2023,1002021329480081408,12,16,1,0,1,ppr,0,True,1.0,6.0,0.0,True,eligible
1002032689102438400,2023,1002032689102438401,12,15,1,0,1,ppr,0,True,1.0,4.0,0.0,True,eligible
1002044542431956992,2023,1002044543937634304,12,15,1,0,1,ppr,0,True,1.0,4.0,0.0,True,eligible
1002060968471449600,2023,1002060969683714048,12,20,2,0,1,idp,0,True,1.0,5.0,0.5,False,not_1qb;non_redraft_or_idp;te_premium
1002094994058117120,2023,1002094994934677504,12,16,1,1,1,2qb,0,True,1.0,6.0,0.0,False,not_1qb;non_redraft_or_idp
1002170321945894912,2023,1002170323707568128,12,16,1,0,1,ppr,0,True,1.0,4.0,0.5,False,te_premium
1002230669033988096,2023,1002230669927354368,12,17,2,0,1,2qb,0,True,1.0,4.0,0.0,False,not_1qb;non_redraft_or_idp
1002249525005795328,2023,1002249525865566208,12,14,1,0,1,ppr,0,True,1.0,4.0,0.0,True,eligible
1002300756843655168,2023,1002300757837742080,12,15,1,0,1,ppr,0,True,1.0,4.0,0.0,True,eligible
1002313982977409024,2023,1002313984307056640,12,18,1,1,1,2qb,0,True,1.0,6.0,0.25,False,not_1qb;non_redraft_or_idp;te_premium
1002416164125016064,2023,1002416164125016065,12,18,1,1,1,2qb,0,True,1.0,4.0,0.5,False,not_1qb;non_redraft_or_idp;te_premium
1002578535391576064,2023,1002578536582082560,12,14,1,0,1,half_ppr,0,True,0.5,4.0,0.0,True,eligible
1002608853462188032,2023,1002608855123095552,12,11,1,0,1,ppr,0,True,1.0,10.0,0.0,False,short_draft
1002616763680432128,2023,1002616765597204480,12,11,1,0,1,ppr,0,True,1.0,10.0,0.0,False,short_draft
1002659065362784256,2023,1002659066247770112,12,20,1,1,1,2qb,0,True,1.0,6.0,0.0,False,not_1qb;non_redraft_or_idp
1002692203694649344,2023,1002692205095665664,12,15,1,0,1,ppr,0,True,1.0,4.0,0.0,True,eligible
1002702458944135168,2023,1002702459787104256,12,15,1,0,1,ppr,0,True,1.0,4.0,0.0,True,eligible
1002705949607559168,2023,1002705951239020544,12,23,1,1,1,dynasty_2qb,0,True,1.0,4.0,0.0,False,not_1qb;non_redraft_or_idp
1002757592843816960,2023,1002757593992900608,12,18,1,1,1,dynasty_2qb,0,True,1.0,4.0,0.0,False,not_1qb;non_redraft_or_idp
1002776058560696320,2023,1002776059579826176,12,14,1,0,1,ppr,0,True,1.0,4.0,0.0,True,eligible
1002791267081834496,2023,1002791272379207680,12,18,1,0,1,ppr,0,True,1.0,6.0,0.0,True,eligible
1002814627098599424,2023,1002814628445016064,12,23,1,1,1,dynasty_2qb,0,True,0.5,6.0,0.0,False,not_1qb;non_redraft_or_idp
1002819093046693888,2023,1002819094091104256,12,15,1,1,1,2qb,0,True,1.0,4.0,0.0,False,not_1qb;non_redraft_or_idp
1002955418160762880,2023,1002955419406532608,12,11,1,0,1,ppr,0,True,1.0,10.0,0.0,False,short_draft
1002986398766436352,2023,1002986399970312192,12,15,1,0,1,ppr,0,True,1.0,4.0,0.0,True,eligible
1003026525509242880,2023,1003026526876729344,12,16,1,0,1,ppr,0,True,1.0,6.0,0.0,True,eligible
1003049590389714944,2023,1003049592147148800,12,25,1,1,1,dynasty_2qb,0,True,1.0,4.0,1.0,False,not_1qb;non_redraft_or_idp;te_premium
1003072797045862400,2023,1003072799348473856,12,13,1,0,1,ppr,0,True,1.0,4.0,0.0,True,eligible
1003182517173825536,2023,1003182518016839680,12,14,1,0,1,ppr,0,True,1.0,4.0,0.0,True,eligible
1003198707262713856,2023,1003198708265205760,12,17,1,0,1,ppr,0,True,1.0,6.0,0.0,True,eligible
1003307237026185216,2023,1003307239664398336,12,18,1,0,1,ppr,0,True,1.0,6.0,0.0,True,eligible
1003339747261104128,2023,1003339751539261440,12,16,1,0,1,half_ppr,0,False,0.5,4.0,0.0,False,incomplete_board
1003481004989849600,2023,1003481011084210176,12,15,1,0,1,ppr,0,True,1.0,4.0,0.0,True,eligible
1003486336680054784,2023,1003486338512986112,12,17,1,0,1,ppr,0,True,1.0,6.0,0.5,False,te_premium
1003566393230495744,2023,1003566394316832768,12,22,1,0,1,dynasty_ppr,0,True,0.5,4.0,0.0,False,non_redraft_or_idp
1003774639107092480,2023,1003774640721907712,12,16,1,0,1,ppr,0,True,1.0,4.0,0.0,True,eligible
1003813209880559616,2023,1003813209880559617,12,15,1,0,1,half_ppr,0,True,0.5,6.0,0.0,True,eligible
1003856934367227904,2023,1003856935315132416,12,15,1,1,1,2qb,0,True,1.0,4.0,0.0,False,not_1qb;non_redraft_or_idp
1003969602751164416,2023,1003969604495974400,12,36,1,0,1,idp,0,True,1.0,4.0,0.0,False,non_redraft_or_idp
1004058345378045952,2023,1004058346409799680,12,14,1,0,1,ppr,0,True,1.0,4.0,0.0,True,eligible
1004090772833132544,2023,1004090775132532736,12,15,1,1,1,2qb,0,True,1.0,4.0,0.0,False,not_1qb;non_redraft_or_idp
1004090996671483904,2023,1004090999334854656,12,16,1,0,1,ppr,0,True,1.0,4.0,0.0,True,eligible
1004091352536895488,2023,1004091352536895489,12,14,1,0,1,half_ppr,0,True,0.5,6.0,0.0,True,eligible
1004091371876831232,2023,1004091371876831233,12,14,1,0,1,half_ppr,0,True,0.5,6.0,0.0,True,eligible
1004091376024997888,2023,1004091376024997889,12,14,1,0,1,half_ppr,0,True,0.5,6.0,0.0,True,eligible
1004091392386977792,2023,1004091392386977793,12,14,1,0,1,half_ppr,0,True,0.5,6.0,0.0,True,eligible
1004091392839962624,2023,1004091392839962625,12,14,1,0,1,half_ppr,0,True,0.5,6.0,0.0,True,eligible
1004117731160985600,2023,1004117732180234240,12,15,1,0,1,ppr,0,True,1.0,4.0,0.0,True,eligible
1004132952604778496,2023,1004132953686929408,12,16,1,1,1,2qb,0,True,1.0,6.0,0.0,False,not_1qb;non_redraft_or_idp
1004150612814073856,2023,1004150613858476032,12,16,1,0,1,ppr,0,True,1.0,4.0,0.0,True,eligible
1004162990855311360,2023,1004162991870304256,12,16,1,0,1,ppr,0,True,1.0,6.0,0.5,False,te_premium
1004171004605747200,2023,1004171005536923648,12,16,1,0,1,ppr,0,True,1.0,4.0,0.0,True,eligible
1004181168385806336,2023,1004181169325318144,12,19,1,1,1,2qb,0,True,1.0,6.0,0.75,False,not_1qb;non_redraft_or_idp;te_premium
1004181957929644032,2023,1004181957929644033,12,14,1,0,1,half_ppr,0,True,0.5,6.0,0.0,True,eligible
1004181969803718657,2023,1004181969803718658,12,14,1,0,1,half_ppr,0,True,0.5,6.0,0.0,True,eligible
1004181971229782016,2023,1004181971229782017,12,14,1,0,1,half_ppr,0,True,0.5,6.0,0.0,True,eligible
1004181984878047232,2023,1004181984878047233,12,14,1,0,1,half_ppr,0,True,0.5,6.0,0.0,True,eligible
1004181992209690624,2023,1004181992209690625,12,14,1,0,1,half_ppr,0,True,0.5,6.0,0.0,True,eligible
1004205464084701184,2023,1004205466152439808,12,20,1,0,1,dynasty_ppr,0,True,1.0,4.0,0.0,False,non_redraft_or_idp
1004225951112228864,2023,1004225952257265664,12,17,1,1,1,2qb,0,True,1.0,6.0,1.0,False,not_1qb;non_redraft_or_idp;te_premium
974193615897460736,2023,1004233247183802368,12,15,1,0,1,ppr,10,True,1.0,4.0,0.0,False,keeper_picks
1004423776907436032,2023,1004423777830137856,12,24,1,1,1,dynasty_2qb,0,True,1.0,6.0,2.0,False,not_1qb;non_redraft_or_idp;te_premium
1004425788025884672,2023,1004425788847927296,12,16,1,0,1,ppr,0,True,1.0,4.0,0.0,True,eligible
1004453769808764928,2023,1004453769808764929,12,14,1,0,1,half_ppr,0,True,0.5,6.0,0.0,True,eligible
1004453774904844289,2023,1004453774904844290,12,14,1,0,1,half_ppr,0,True,0.5,6.0,0.0,True,eligible
1004453778721660928,2023,1004453778721660929,12,14,1,0,1,half_ppr,0,True,0.5,6.0,0.0,True,eligible
1004453780126752770,2023,1004453780126752771,12,14,1,0,1,half_ppr,0,True,0.5,6.0,0.0,True,eligible
1004455608067678208,2023,1004455609271410688,12,24,1,1,1,dynasty_2qb,0,True,1.0,4.0,0.0,False,not_1qb;non_redraft_or_idp
1004493594314522624,2023,1004493596264927232,12,17,1,1,1,2qb,0,True,1.0,6.0,1.0,False,not_1qb;non_redraft_or_idp;te_premium
1004521768377257984,2023,1004521771707580416,12,18,1,1,1,2qb,0,True,1.0,6.0,0.0,False,not_1qb;non_redraft_or_idp
1004544379685236736,2023,1004544379685236737,12,14,1,0,1,half_ppr,0,True,0.5,6.0,0.0,True,eligible
1004544384441577472,2023,1004544384441577473,12,14,1,0,1,half_ppr,0,True,0.5,6.0,0.0,True,eligible
1004544384915533825,2023,1004544384915533826,12,14,1,0,1,half_ppr,0,True,0.5,6.0,0.0,True,eligible
1004544391508979712,2023,1004544391508979713,12,14,1,0,1,half_ppr,0,True,0.5,6.0,0.0,True,eligible
1004544392893100032,2023,1004544392893100033,12,14,1,0,1,half_ppr,0,True,0.5,6.0,0.0,True,eligible
1004580603557138432,2023,1004580604249219072,12,15,1,0,1,ppr,0,True,1.0,4.0,0.0,True,eligible
1004606670506426368,2023,1004606671726948352,12,13,1,0,1,ppr,0,True,1.0,6.0,0.0,True,eligible
1004807934817275904,2023,1004807936088154112,12,14,1,0,1,ppr,0,True,1.0,4.0,0.0,True,eligible
1004812135509172224,2023,1004812136356360192,12,17,1,1,1,2qb,0,True,1.0,6.0,0.0,False,not_1qb;non_redraft_or_idp
1004816198614949890,2023,1004816198614949891,12,14,1,0,1,half_ppr,0,True,0.5,6.0,0.0,True,eligible
1004906706288836608,2023,1004906706288836609,12,14,1,0,1,half_ppr,0,True,0.5,6.0,0.0,True,eligible
1004908316212604928,2023,1004908317861396480,12,15,1,0,1,ppr,0,True,1.0,4.0,0.0,True,eligible
1004943954405666816,2023,1004943955286433792,12,16,1,1,1,2qb,0,True,1.0,6.0,0.5,False,not_1qb;non_redraft_or_idp;te_premium
1000199936090103808,2023,1004946982676336640,12,14,1,0,1,ppr,0,True,1.0,6.0,0.5,False,te_premium
1004950216270880768,2023,1004950218544181248,12,15,1,0,1,ppr,0,True,1.0,5.0,0.0,True,eligible
1005162245489324032,2023,1005162246571454464,12,17,1,1,1,2qb,0,True,1.0,6.0,1.0,False,not_1qb;non_redraft_or_idp;te_premium
1005165052216909824,2023,1005165052938268672,12,17,1,1,1,2qb,0,True,1.0,6.0,0.0,False,not_1qb;non_redraft_or_idp
1005178520722280448,2023,1005178520722280450,12,14,1,0,1,half_ppr,0,True,0.5,6.0,0.0,True,eligible
1005223734887747584,2023,1005223736993259520,12,17,1,1,1,2qb,0,True,1.0,6.0,0.0,False,not_1qb;non_redraft_or_idp
1005250708792320000,2023,1005250710658752512,12,14,1,0,1,ppr,0,True,1.0,4.0,0.0,True,eligible
1005269124353417217,2023,1005269124357611520,12,14,1,0,1,half_ppr,0,True,0.5,6.0,0.0,True,eligible
1005269135355076608,2023,1005269135355076609,12,14,1,0,1,half_ppr,0,True,0.5,6.0,0.0,True,eligible
1005269142019825664,2023,1005269142019825665,12,14,1,0,1,half_ppr,0,True,0.5,6.0,0.0,True,eligible
1005269142481199104,2023,1005269142481199105,12,14,1,0,1,half_ppr,0,True,0.5,6.0,0.0,True,eligible
1005325224654516224,2023,1005325225718067200,12,16,1,1,1,2qb,0,True,1.0,6.0,0.0,False,not_1qb;non_redraft_or_idp
1005372441229180928,2023,1005372442350559232,12,16,1,1,1,2qb,0,True,1.0,6.0,0.0,False,not_1qb;non_redraft_or_idp
1005547470148947968,2023,1005547472481079296,12,15,1,0,1,ppr,0,True,1.0,4.0,0.0,True,eligible
1005548035973263360,2023,1005548037122437120,12,17,1,0,1,ppr,0,True,1.0,6.0,0.0,True,eligible
1005566742204190720,2023,1005566743324045312,12,16,1,0,1,ppr,0,True,1.0,6.0,0.0,True,eligible
1005604143400099840,2023,1005604144100589568,12,15,1,0,1,ppr,0,True,1.0,4.0,0.0,True,eligible
1005627846101196800,2023,1005627846722670592,12,16,1,1,1,2qb,0,True,1.0,4.0,0.0,False,not_1qb;non_redraft_or_idp
1006297435448209408,2023,1006297436345806848,12,18,1,1,1,2qb,0,True,1.0,6.0,0.0,False,not_1qb;non_redraft_or_idp
1006422019216461824,2023,1006422020378165248,12,18,1,0,1,ppr,0,True,1.0,6.0,0.0,True,eligible
1007411201652981760,2023,1007411203058044928,12,15,1,0,1,ppr,0,True,1.0,4.0,0.0,True,eligible
1008522118528647168,2023,1008522119669501952,12,16,2,0,2,2qb,0,True,1.5,8.0,1.5,False,not_1qb;non_redraft_or_idp;te_premium
1009335861789773824,2023,1009335866370396160,12,23,1,0,1,dynasty_ppr,0,True,1.0,4.0,0.0,False,non_redraft_or_idp
1009541180410970112,2023,1009541181409234944,12,23,1,1,1,dynasty_2qb,0,True,1.0,6.0,1.0,False,not_1qb;non_redraft_or_idp;te_premium
1009586652559294464,2023,1009586654257979392,12,23,1,1,1,dynasty_2qb,0,True,1.0,6.0,1.0,False,not_1qb;non_redraft_or_idp;te_premium
1009871755164393472,2023,1009906584450945024,12,20,1,1,1,dynasty_2qb,0,True,1.0,4.0,1.5,False,not_1qb;non_redraft_or_idp;te_premium
1012049168547917824,2023,1012049169671913472,12,16,1,0,1,ppr,0,True,1.0,6.0,0.0,True,eligible
1012888832548745216,2023,1012888833504976896,12,16,1,0,1,ppr,0,True,1.0,6.0,0.5,False,te_premium
1015663002638450688,2023,1015663003736850432,12,17,1,0,1,ppr,0,True,1.0,6.0,0.0,True,eligible
1016880801465909248,2023,1016880802107994112,12,22,1,1,1,dynasty_ppr,0,True,1.0,6.0,1.0,False,not_1qb;non_redraft_or_idp;te_premium
1017182607127281664,2023,1017182608968556544,12,35,1,1,1,dynasty_2qb,0,False,1.0,6.0,0.5,False,incomplete_board;not_1qb;non_redraft_or_idp;te_premium
1020498086898126848,2023,1020498087762132992,12,15,1,1,1,2qb,0,True,1.0,6.0,1.0,False,not_1qb;non_redraft_or_idp;te_premium
1021128819673047040,2023,1021128820482478080,12,34,1,1,1,idp,0,True,1.0,6.0,2.5,False,not_1qb;non_redraft_or_idp;te_premium
1025420720987365376,2023,1025420723789148160,12,17,1,0,1,ppr,0,True,1.0,4.0,0.0,True,eligible
1027801493342142464,2023,1027801495493820416,12,27,1,1,1,dynasty_2qb,0,True,1.0,4.0,0.0,False,not_1qb;non_redraft_or_idp
1038767216184987648,2024,1038762843870711808,12,25,1,1,1,dynasty_2qb,0,True,1.0,4.0,0.0,False,not_1qb;non_redraft_or_idp
1045825412649267200,2024,1045825420505165824,12,42,1,1,1,idp,0,True,1.0,4.0,1.0,False,not_1qb;non_redraft_or_idp;te_premium
1046129136558964736,2024,1046129136558964737,12,15,1,0,1,ppr,0,True,1.0,4.0,0.0,True,eligible
1047599316313083904,2024,1047599319777386496,12,14,1,0,1,ppr,0,True,1.0,6.0,0.0,True,eligible
1047693894961512448,2024,1047693896136036352,12,24,1,1,1,dynasty_2qb,0,True,1.0,4.0,0.0,False,not_1qb;non_redraft_or_idp
1047952808521269248,2024,1047952811641712640,12,17,1,1,1,2qb,0,True,1.0,4.0,0.5,False,not_1qb;non_redraft_or_idp;te_premium
1048176685167919104,2024,1048176685167919105,12,16,1,1,1,2qb,0,True,1.0,4.0,0.0,False,not_1qb;non_redraft_or_idp
1048179808364089344,2024,1048179808364089345,12,22,1,1,1,2qb,32,True,1.0,4.0,0.0,False,not_1qb;keeper_picks;non_redraft_or_idp
1048203828627120128,2024,1048203828627120129,12,16,1,0,1,ppr,0,True,1.0,6.0,1.0,False,te_premium
1048238414019100672,2024,1048238414019100673,12,15,1,0,1,half_ppr,0,True,0.5,4.0,1.0,False,te_premium
1048239404931768320,2024,1048239404931768321,12,18,1,1,1,2qb,0,True,1.0,6.0,0.0,False,not_1qb;non_redraft_or_idp
1048240066759430144,2024,1048240066759430145,12,16,1,1,1,2qb,0,True,0.5,6.0,0.5,False,not_1qb;non_redraft_or_idp;te_premium
1048249445994889216,2024,1048249445994889217,12,14,1,0,1,half_ppr,0,True,0.5,6.0,0.0,True,eligible
1048249553511690240,2024,1048249553511690241,12,15,1,0,1,ppr,0,True,1.0,4.0,0.0,True,eligible
1048255683797286912,2024,1048255683797286913,12,19,1,0,1,half_ppr,0,True,0.5,6.0,1.0,False,te_premium
1048278755023728640,2024,1048278755023728641,12,17,1,1,1,2qb,0,True,1.0,6.0,0.5,False,not_1qb;non_redraft_or_idp;te_premium
1048284949939363840,2024,1048284949939363841,12,16,1,0,1,half_ppr,24,True,0.5,4.0,1.0,False,keeper_picks;te_premium
1048308591880511488,2024,1048308591880511489,12,21,1,0,1,ppr,0,True,1.0,4.0,0.0,True,eligible
1048310524582289408,2024,1048310524582289409,12,16,1,1,1,2qb,0,True,1.0,6.0,0.0,False,not_1qb;non_redraft_or_idp
1048312847501017088,2024,1048312847501017089,12,15,1,0,1,ppr,0,True,1.0,6.0,0.5,False,te_premium
1048326310319349760,2024,1048326310319349761,12,15,1,0,1,ppr,0,True,1.0,4.0,0.0,True,eligible
1048330645451251712,2024,1048330645451251713,12,20,1,1,1,2qb,36,True,1.0,4.0,0.0,False,not_1qb;keeper_picks;non_redraft_or_idp
1048335272510955520,2024,1048335272980774912,12,15,1,0,1,ppr,0,True,1.0,4.0,0.5,False,te_premium
1048335646680625152,2024,1048335647196413952,12,15,1,0,1,ppr,0,True,1.0,6.0,0.5,False,te_premium
1048335701194043392,2024,1048335701709860864,12,15,1,0,1,ppr,0,True,1.0,6.0,0.5,False,te_premium
1048336630634983424,2024,1048336630634983425,12,21,1,1,0,2qb,0,False,1.0,6.0,1.0,False,incomplete_board;not_1qb;no_required_te;non_redraft_or_idp;te_premium
1048351354357497856,2024,1048351354357497857,12,15,1,1,1,2qb,0,True,1.0,4.0,0.0,False,not_1qb;non_redraft_or_idp
1048371436836065280,2024,1048371436836065281,12,8,1,0,0,idp,0,True,1.0,5.0,0.0,False,no_required_te;short_draft;non_redraft_or_idp
1048432586260951040,2024,1048432586260951041,12,15,1,0,1,ppr,0,True,1.0,6.0,0.0,True,eligible
1048438141880770560,2024,1048438141880770561,12,18,1,0,1,ppr,0,True,1.0,6.0,0.0,True,eligible
1048447660698624000,2024,1048447660698624001,12,16,0,2,1,idp,0,True,0.5,6.0,1.5,False,not_1qb;non_redraft_or_idp;te_premium
1048448209112203264,2024,1048448209112203265,12,14,1,0,1,ppr,0,True,1.0,6.0,0.0,True,eligible
1048456504170373120,2024,1048456504170373121,12,20,1,0,1,ppr,0,False,1.0,4.0,0.0,False,incomplete_board
1048494267976495104,2024,1048494267976495105,12,14,1,0,1,ppr,0,True,1.0,4.0,0.0,True,eligible
1048502096259059712,2024,1048502096259059713,12,16,1,0,1,ppr,24,True,1.0,6.0,0.0,False,keeper_picks
1048539238800801792,2024,1048539239501156352,12,22,1,1,1,dynasty_2qb,0,True,1.0,4.0,0.5,False,not_1qb;non_redraft_or_idp;te_premium
1048552802663952384,2024,1048552802663952385,12,14,1,0,0,half_ppr,18,True,0.5,4.0,0.0,False,no_required_te;keeper_picks
1048605317606600704,2024,1048605317606600705,12,18,1,1,1,2qb,0,True,1.0,6.0,0.5,False,not_1qb;non_redraft_or_idp;te_premium
1048633161690886144,2024,1048633161690886145,12,18,1,1,1,2qb,0,True,1.0,4.0,0.0,False,not_1qb;non_redraft_or_idp
1048648846735204352,2024,1048648846735204353,12,17,1,0,1,ppr,0,True,1.0,4.0,0.0,True,eligible
1048702358777122816,2024,1048702358777122817,12,15,1,0,1,ppr,0,True,1.0,4.0,0.0,True,eligible
1048732778923216896,2024,1048732778923216897,12,15,1,0,1,ppr,0,True,1.0,4.0,0.0,True,eligible
1048993261341212672,2024,1048993261341212673,12,15,1,0,1,ppr,0,True,1.0,4.0,0.0,True,eligible
1049048689647411200,2024,1049048689647411201,12,15,1,0,1,ppr,0,True,1.0,4.0,0.0,True,eligible
1049049514239295488,2024,1049049514239295489,12,11,0,1,0,2qb,0,True,0.5,6.0,0.0,False,not_1qb;no_required_te;short_draft;non_redraft_or_idp
1049151852878635008,2024,1049151852878635009,12,14,1,0,1,ppr,0,True,1.0,4.0,0.0,True,eligible
1049330152028708864,2024,1049330152028708865,12,30,1,1,1,idp,58,True,1.0,5.0,0.0,False,not_1qb;keeper_picks;non_redraft_or_idp
1049367413747269632,2024,1049367413747269633,12,13,1,0,1,ppr,0,True,1.0,4.0,0.0,True,eligible
1049368308081926144,2024,1049368308081926145,12,16,1,0,1,ppr,0,True,1.0,4.0,0.0,True,eligible
1049373528467951616,2024,1049373528467951617,12,18,1,0,1,ppr,43,True,1.0,6.0,0.0,False,keeper_picks
1049450730686070784,2024,1049450730686070785,12,15,1,0,1,half_ppr,0,True,0.5,5.0,0.0,True,eligible
1049517603008004096,2024,1049517603008004097,12,18,1,1,1,2qb,0,True,1.0,5.0,0.75,False,not_1qb;non_redraft_or_idp;te_premium
1049609925124665344,2024,1049609925124665345,12,15,1,0,1,ppr,0,True,1.0,4.0,0.0,True,eligible
1049771551287676928,2024,1049771551287676929,12,21,1,1,1,2qb,0,True,1.0,6.0,0.0,False,not_1qb;non_redraft_or_idp
1049772301636067328,2024,1049772301636067329,12,21,1,1,1,2qb,0,True,1.0,6.0,0.0,False,not_1qb;non_redraft_or_idp
1049774029626195968,2024,1049774029626195969,12,21,1,1,1,2qb,0,True,1.0,6.0,0.0,False,not_1qb;non_redraft_or_idp
1049833694003392512,2024,1049833694003392513,12,17,1,0,1,ppr,0,True,1.0,6.0,0.0,True,eligible
1049837467823960064,2024,1049837467823960065,12,16,1,0,1,ppr,0,True,1.0,4.0,0.0,True,eligible
1050113375092568064,2024,1050113375092568065,12,14,1,0,1,ppr,20,True,1.0,6.0,0.0,False,keeper_picks
1050265227327074304,2024,1050265227327074305,12,15,1,0,1,half_ppr,0,True,0.5,4.0,0.0,True,eligible
1050267037387370496,2024,1050267038372974592,12,17,1,1,1,idp,0,True,5.0,55.0,2.5,False,not_1qb;non_redraft_or_idp;te_premium
1050405282792235008,2024,1050405282792235009,12,21,1,1,1,idp,0,True,1.0,4.0,0.0,False,not_1qb;non_redraft_or_idp
1050457255625314304,2024,1050457255625314305,12,17,1,0,1,half_ppr,0,True,0.5,4.0,0.0,True,eligible
1051045087825862656,2024,1051045546233905152,12,20,1,0,1,ppr,0,True,1.0,4.0,0.0,True,eligible
1051330175130038272,2024,1051330175130038273,12,16,1,0,1,ppr,9,True,1.0,6.0,0.0,False,keeper_picks
1051973488053059584,2024,1051973499235004416,12,29,1,1,1,dynasty_2qb,0,True,1.0,6.0,0.5,False,not_1qb;non_redraft_or_idp;te_premium
1052394287100555264,2024,1052394287759040512,12,25,1,0,1,dynasty_ppr,0,True,1.0,4.0,0.0,False,non_redraft_or_idp
1053413464112234496,2024,1053413464112234497,12,16,1,1,1,2qb,0,True,0.5,4.0,0.0,False,not_1qb;non_redraft_or_idp
1053611662223323136,2024,1053611663275966464,12,14,1,0,1,half_ppr,0,True,0.5,6.0,0.0,True,eligible
1053890349103448064,2024,1053890349107642368,12,17,1,0,1,half_ppr,0,True,0.5,4.0,0.0,True,eligible
1054357315266260992,2024,1054354053884526592,12,25,1,1,1,dynasty_2qb,0,True,1.0,4.0,0.0,False,not_1qb;non_redraft_or_idp
1054540389618700288,2024,1054540390394691584,12,24,1,1,1,dynasty_2qb,0,True,1.0,6.0,0.0,False,not_1qb;non_redraft_or_idp
1055251643098300416,2024,1055251643098300417,12,16,1,0,1,ppr,0,True,1.0,6.0,0.0,True,eligible
1056243058070757376,2024,1056243060960522240,12,36,1,1,1,dynasty_2qb,0,True,1.0,6.0,0.5,False,not_1qb;non_redraft_or_idp;te_premium
1057287888116834304,2024,1057287888116834305,12,16,1,1,1,2qb,36,True,1.0,6.0,0.5,False,not_1qb;keeper_picks;non_redraft_or_idp;te_premium
1058084047257198592,2024,1058084048100229120,12,22,1,0,1,dynasty_ppr,0,True,1.0,4.0,0.0,False,non_redraft_or_idp
1062182279545507840,2024,1062182280417906688,12,48,1,1,1,idp,0,True,1.0,6.0,1.0,False,not_1qb;non_redraft_or_idp;te_premium
1062513864996139008,2024,1062513865621094400,12,30,1,1,1,dynasty_2qb,0,True,1.0,6.0,0.5,False,not_1qb;non_redraft_or_idp;te_premium
1063859918085648384,2024,1063859918085648385,12,20,1,0,1,ppr,0,True,1.0,4.0,0.0,True,eligible
1066201895166898176,2024,1066201896152637440,12,25,1,1,1,dynasty_2qb,0,True,1.0,5.0,0.5,False,not_1qb;non_redraft_or_idp;te_premium
1066465987538567168,2024,1066465987538567169,12,18,1,0,1,ppr,0,True,1.0,4.0,0.0,True,eligible
1069296996449607680,2024,1069296999092109312,12,25,1,1,1,dynasty_2qb,0,True,1.0,6.0,0.5,False,not_1qb;non_redraft_or_idp;te_premium
1071996596117716992,2024,1071996596822302720,12,15,1,1,1,2qb,0,True,1.0,4.0,1.0,False,not_1qb;non_redraft_or_idp;te_premium
1073956140624617472,2024,1073956140624617473,12,16,1,0,1,ppr,0,True,1.0,4.0,0.0,True,eligible
1073957192262451200,2024,1073957192262451201,12,16,1,0,1,ppr,0,True,1.0,4.0,0.0,True,eligible
1073957471602962432,2024,1073957471602962433,12,16,1,0,1,ppr,0,True,1.0,4.0,0.0,True,eligible
1073958376532467712,2024,1073958376532467713,12,16,1,0,1,ppr,0,True,1.0,4.0,0.0,True,eligible
1074170961567608832,2024,1074170961567608833,12,17,1,0,1,ppr,0,True,1.0,6.0,0.0,True,eligible
1046202163149594624,2024,1075324185871872000,12,4,1,1,1,dynasty_2qb,0,True,1.0,6.0,0.5,False,not_1qb;short_draft;non_redraft_or_idp;te_premium
1077707314154672128,2024,1077707315081539584,12,23,1,1,1,dynasty_2qb,0,True,1.0,4.0,0.75,False,not_1qb;non_redraft_or_idp;te_premium
1078428286277095424,2024,1078428286277095425,12,18,1,1,1,2qb,0,True,1.0,6.0,0.5,False,not_1qb;non_redraft_or_idp;te_premium
1078552410869579776,2024,1078552413398720512,12,17,1,1,1,idp,0,True,1.0,4.0,0.0,False,not_1qb;non_redraft_or_idp
1079549786543538176,2024,1079549787210461184,12,16,1,0,1,ppr,0,True,1.0,4.0,0.0,True,eligible
1077713875581145088,2024,1081009706254028800,12,3,1,1,1,dynasty_2qb,0,True,1.0,4.0,0.0,False,not_1qb;short_draft;non_redraft_or_idp
1081448216551428096,2024,1081448216551428097,12,17,1,1,1,2qb,12,True,1.0,5.0,0.5,False,not_1qb;keeper_picks;non_redraft_or_idp;te_premium
1081664070375366656,2024,1081664070375366657,12,16,1,0,1,ppr,21,True,1.0,4.0,0.0,False,keeper_picks
1081739257632362496,2024,1081739258412593152,12,24,1,1,1,dynasty_2qb,0,True,1.0,4.0,0.0,False,not_1qb;non_redraft_or_idp
1082427232221609984,2024,1082427232221609985,12,14,1,0,1,ppr,0,True,1.0,6.0,0.0,True,eligible
1082428973465886720,2024,1082428973465886721,12,14,1,0,1,ppr,0,True,1.0,6.0,0.0,True,eligible
1082429726947364864,2024,1082429726947364865,12,14,1,0,1,ppr,0,True,1.0,6.0,0.0,True,eligible
1082990721239437312,2024,1082990721239437313,12,26,1,0,1,idp,0,True,1.0,4.0,0.0,False,non_redraft_or_idp
1084286779684970496,2024,1084286779684970497,12,29,0,0,0,idp,0,True,2.0,25.0,0.0,False,not_1qb;no_required_te;non_redraft_or_idp
1084858541380362240,2024,1084858541959180288,12,27,1,1,1,dynasty_2qb,0,True,1.0,4.0,0.0,False,not_1qb;non_redraft_or_idp
1084925199566381056,2024,1084925201164460032,12,17,1,0,1,ppr,0,True,1.0,6.0,0.0,True,eligible
1085048625874542592,2024,1085048625874542593,12,14,1,0,1,ppr,0,True,1.0,6.0,0.0,True,eligible
1085054485136859136,2024,1085054485136859137,12,14,1,0,1,ppr,0,True,1.0,6.0,0.0,True,eligible
1085060361386160128,2024,1085060361386160129,12,14,1,0,1,ppr,0,True,1.0,6.0,0.0,True,eligible
1085061225131786240,2024,1085061225131786241,12,14,1,0,1,ppr,0,True,1.0,6.0,0.0,True,eligible
1085287491252453376,2024,1085287491252453377,12,17,1,0,1,ppr,0,True,1.0,6.0,0.0,True,eligible
1085402379035512832,2024,1085402379035512833,12,14,1,0,1,ppr,0,True,1.0,6.0,0.0,True,eligible
1085403562911399936,2024,1085403562911399937,12,14,1,0,1,ppr,0,True,1.0,6.0,0.0,True,eligible
1085403755719368704,2024,1085403755719368705,12,14,1,0,1,ppr,0,True,1.0,6.0,0.0,True,eligible
1085404471666081792,2024,1085404471666081793,12,14,1,0,1,ppr,0,True,1.0,6.0,0.0,True,eligible
1085456398827368448,2024,1085456398827368449,12,15,1,0,1,ppr,0,True,1.0,6.0,0.0,True,eligible
1084687404256071680,2024,1085713002986364928,12,6,2,0,1,idp,0,True,1.0,6.0,0.8,False,not_1qb;short_draft;non_redraft_or_idp;te_premium
1085750119917604864,2024,1085788223714004992,12,8,1,1,1,idp,0,True,1.0,4.0,0.0,False,not_1qb;short_draft;non_redraft_or_idp
1086101042946732032,2024,1086101045438160896,12,20,1,1,1,2qb,0,True,1.0,6.0,1.0,False,not_1qb;non_redraft_or_idp;te_premium
1086487017564864512,2024,1086487017564864513,12,16,1,0,1,ppr,0,True,1.0,4.0,0.0,True,eligible
1086571249184223232,2024,1086571249184223233,12,15,1,0,1,half_ppr,0,True,0.5,4.0,0.0,True,eligible
1087431222667694080,2024,1087431223586250752,12,22,1,1,1,dynasty_2qb,0,True,1.0,6.0,0.5,False,not_1qb;non_redraft_or_idp;te_premium
1085435992162676736,2024,1087506445379125248,12,6,1,1,1,idp,0,True,1.0,6.0,0.8,False,not_1qb;short_draft;non_redraft_or_idp;te_premium
1088125527786881024,2024,1088125528533549056,12,18,1,1,1,2qb,0,True,1.0,6.0,0.5,False,not_1qb;non_redraft_or_idp;te_premium
1088194537375248384,2024,1088194538272849920,12,31,1,1,1,dynasty_2qb,0,True,1.0,6.0,0.5,False,not_1qb;non_redraft_or_idp;te_premium
1088249002639872000,2024,1088249003780694016,12,23,1,0,1,dynasty_ppr,0,True,1.0,4.0,0.0,False,non_redraft_or_idp
1088687995131187200,2024,1088687995722596352,12,25,1,1,1,dynasty_2qb,0,True,1.0,6.0,0.5,False,not_1qb;non_redraft_or_idp;te_premium
1087679767882579968,2024,1089022699336232960,12,6,1,1,1,dynasty_2qb,0,True,1.0,6.0,1.3,False,not_1qb;short_draft;non_redraft_or_idp;te_premium
1090076021073760256,2024,1090076024454443008,12,23,1,1,1,2qb,0,True,1.0,5.0,0.5,False,not_1qb;non_redraft_or_idp;te_premium
1090172845063262208,2024,1090172845063262209,12,16,1,1,1,2qb,0,True,1.0,6.0,0.0,False,not_1qb;non_redraft_or_idp
1090653094498619392,2024,1090653094502813696,12,34,1,1,1,idp,56,False,0.0,6.0,0.5,False,incomplete_board;not_1qb;keeper_picks;non_redraft_or_idp;te_premium
1090846980110180352,2024,1090846980819017728,12,15,1,0,1,half_ppr,0,True,0.5,6.0,0.0,True,eligible
1048302211740143616,2024,1091588240890482688,12,10,1,1,1,dynasty_2qb,0,True,1.0,4.0,0.0,False,not_1qb;short_draft;non_redraft_or_idp
1092034869326168064,2024,1092034872207597568,12,45,1,1,1,idp,0,True,1.25,6.0,0.0,False,not_1qb;non_redraft_or_idp
1092545035129782272,2024,1092545037004554240,12,28,1,1,1,dynasty_2qb,0,True,1.0,4.0,0.0,False,not_1qb;non_redraft_or_idp
1092612279469764608,2024,1092612279469764609,12,16,1,1,1,2qb,0,True,1.0,6.0,0.5,False,not_1qb;non_redraft_or_idp;te_premium
1092875510893400064,2024,1092875512474624000,12,29,1,1,1,dynasty_2qb,0,True,1.0,6.0,1.0,False,not_1qb;non_redraft_or_idp;te_premium
1092950544823558144,2024,1092950548648787968,12,45,1,1,1,idp,0,True,1.25,6.0,2.0,False,not_1qb;non_redraft_or_idp;te_premium
1093225188851953664,2024,1093225190554689536,12,26,1,1,1,dynasty_2qb,0,True,1.0,5.0,1.0,False,not_1qb;non_redraft_or_idp;te_premium
1093299891796877312,2024,1093299900470759424,12,54,1,1,1,idp,0,True,1.0,6.0,1.5,False,not_1qb;non_redraft_or_idp;te_premium
1093907634077446144,2024,1093907638800326656,12,23,1,1,1,dynasty_2qb,0,True,1.0,4.0,0.5,False,not_1qb;non_redraft_or_idp;te_premium
1094054966009954304,2024,1094054966009954305,12,15,1,0,1,ppr,0,True,1.0,4.0,0.0,True,eligible
1094340866505904128,2024,1094340867978051584,12,23,1,0,1,dynasty_half_ppr,0,True,0.5,4.0,0.5,False,non_redraft_or_idp;te_premium
1094441984175067136,2024,1094441984175067137,12,14,1,0,1,ppr,0,True,1.0,4.0,0.0,True,eligible
1094568253487263744,2024,1094568253487263745,12,15,1,0,1,ppr,0,True,1.0,5.0,0.0,True,eligible
1048285680851361792,2024,1095157722145857536,12,17,1,1,1,2qb,36,True,1.0,4.0,0.0,False,not_1qb;keeper_picks;non_redraft_or_idp
1095379795883532288,2024,1095379798068776960,12,18,1,0,1,ppr,0,True,1.0,6.0,0.0,True,eligible
1095522288402821120,2024,1095522289501728768,12,15,2,0,1,2qb,0,True,1.0,4.0,0.0,False,not_1qb;non_redraft_or_idp
1095564009409011712,2024,1095564009962643456,12,25,1,1,1,dynasty_2qb,0,True,1.0,6.0,0.5,False,not_1qb;non_redraft_or_idp;te_premium
1095983151471575040,2024,1095983151471575041,12,16,1,0,1,ppr,0,True,1.0,6.0,0.5,False,te_premium
1096135326935982080,2024,1096135326935982081,12,16,1,0,1,ppr,0,True,1.0,4.0,0.0,True,eligible
1096293271384563712,2024,1096293272495968256,12,25,1,1,1,dynasty_2qb,0,True,1.0,6.0,0.0,False,not_1qb;non_redraft_or_idp
1096310864090636288,2024,1096310867601248256,12,25,1,0,1,dynasty_ppr,0,True,1.0,4.0,0.0,False,non_redraft_or_idp
1096567593655234560,2024,1096567595102318592,12,14,1,0,1,half_ppr,0,True,0.5,6.0,0.0,True,eligible
1096856601899663360,2024,1096856602608570368,12,16,1,0,1,ppr,0,True,1.0,6.0,0.5,False,te_premium
1096893965548302336,2024,1096893965548302337,12,15,1,0,1,ppr,0,True,1.0,4.0,0.0,True,eligible
1096898041891749888,2024,1096898042692853760,12,16,1,0,1,ppr,0,True,1.0,6.0,0.5,False,te_premium
1096983160711266304,2024,1096983166415368192,12,32,1,1,1,dynasty_2qb,0,True,1.0,4.0,1.5,False,not_1qb;non_redraft_or_idp;te_premium
1097008023647698944,2024,1097008024637628416,12,18,1,0,1,ppr,0,True,1.0,4.0,0.0,True,eligible
1097013068728557568,2024,1097013069814784000,12,28,1,1,1,dynasty_2qb,0,True,1.0,6.0,1.0,False,not_1qb;non_redraft_or_idp;te_premium
1097240790729895936,2024,1097240790729895937,12,15,1,0,1,ppr,0,True,1.0,4.0,0.0,True,eligible
1097619903441477632,2024,1097619904133419008,12,33,1,1,1,idp,0,True,0.5,6.0,0.0,False,not_1qb;non_redraft_or_idp
1098363618309062656,2024,1098363618309062657,12,17,1,1,1,2qb,12,True,1.0,6.0,0.0,False,not_1qb;keeper_picks;non_redraft_or_idp
1098404682554281984,2024,1098404762640379904,12,28,1,1,1,dynasty_2qb,0,True,1.0,4.0,0.0,False,not_1qb;non_redraft_or_idp
1098511170706718720,2024,1098511171474317312,12,22,1,1,1,dynasty_2qb,0,True,1.0,4.0,0.0,False,not_1qb;non_redraft_or_idp
1098637436831326208,2024,1098637437879881728,12,15,1,0,1,ppr,0,True,1.0,4.0,0.0,True,eligible
1098787648077926400,2024,1098787657011929088,12,27,1,0,1,dynasty_ppr,0,True,1.0,6.0,0.0,False,non_redraft_or_idp
1099181248422985728,2024,1099181251753377792,12,19,1,1,1,dynasty_2qb,0,True,1.0,6.0,0.5,False,not_1qb;non_redraft_or_idp;te_premium
1099222504582881280,2024,1099222505841160192,12,16,1,0,1,ppr,0,True,1.0,4.0,0.0,True,eligible
1099429057629962240,2024,1099429059131576320,12,23,1,1,1,dynasty_2qb,0,True,1.0,4.0,0.5,False,not_1qb;non_redraft_or_idp;te_premium
1099518796739489792,2024,1099518797649661952,12,18,1,1,1,2qb,0,True,1.0,6.0,0.5,False,not_1qb;non_redraft_or_idp;te_premium
1099892278010785792,2024,1099892279441031168,12,22,1,1,1,dynasty_2qb,0,True,1.0,6.0,0.5,False,not_1qb;non_redraft_or_idp;te_premium
1099911365499731968,2024,1099911369773768704,12,46,1,1,1,idp,0,True,1.0,4.0,0.35,False,not_1qb;non_redraft_or_idp;te_premium
1100224607656730624,2024,1100224607656730625,12,33,2,0,1,2qb,0,True,1.0,6.0,0.3,False,not_1qb;non_redraft_or_idp;te_premium
1100267916148166656,2024,1100267917024784384,12,23,1,0,1,dynasty_ppr,0,True,1.0,6.0,0.0,False,non_redraft_or_idp
1100511836069285888,2024,1100511836870422528,12,18,1,0,1,dynasty_ppr,0,True,1.0,4.0,0.0,False,non_redraft_or_idp
1100547077316235264,2024,1100547077316235265,12,15,1,0,1,ppr,0,True,1.0,4.0,0.0,True,eligible
1100557029556580352,2024,1100557030366076928,12,26,1,0,1,idp,0,True,1.0,4.0,0.0,False,non_redraft_or_idp
1100830073554415616,2024,1100830074317811712,12,18,1,1,1,2qb,0,True,1.0,6.0,0.5,False,not_1qb;non_redraft_or_idp;te_premium
1100830644365623296,2024,1100830647507070976,12,18,1,1,1,2qb,0,True,1.0,6.0,1.5,False,not_1qb;non_redraft_or_idp;te_premium
1100951642427490304,2024,1100951644990308352,12,17,1,1,1,2qb,0,True,1.0,6.0,0.5,False,not_1qb;non_redraft_or_idp;te_premium
1101117830172397568,2024,1101117836841361408,12,18,0,0,0,idp,0,True,1.0,4.0,0.0,False,not_1qb;no_required_te;non_redraft_or_idp
1101154623240491008,2024,1101154624301572096,12,18,1,0,1,ppr,0,True,1.0,6.0,1.0,False,te_premium
1101236931075076096,2024,1101236931855233024,12,15,1,0,1,ppr,0,True,1.0,6.0,0.0,True,eligible
1101629543007219712,2024,1101629543007219713,12,18,1,1,1,2qb,0,True,1.0,6.0,0.5,False,not_1qb;non_redraft_or_idp;te_premium
1102063105246449664,2024,1102063106341052416,12,26,1,1,1,dynasty_2qb,0,True,1.0,6.0,1.0,False,not_1qb;non_redraft_or_idp;te_premium
1102154766437785600,2024,1102154766437785601,12,15,1,0,1,ppr,0,True,1.0,4.0,0.0,True,eligible
1102431284854390784,2024,1102431284854390785,12,8,1,0,0,ppr,0,True,1.0,4.0,0.5,False,no_required_te;short_draft;te_premium
1100963867829678080,2024,1102932947256188928,12,4,1,0,1,dynasty_ppr,0,True,1.0,6.0,0.0,False,short_draft;non_redraft_or_idp
1103738643228860416,2024,1103738643228860417,12,15,1,0,1,ppr,0,True,1.0,6.0,0.0,True,eligible
1103823844277592064,2024,1103824062524084224,12,18,1,1,1,2qb,0,True,1.0,6.0,0.0,False,not_1qb;non_redraft_or_idp
1103861071317721088,2024,1103861071888236544,12,18,1,1,1,2qb,0,True,1.0,6.0,0.5,False,not_1qb;non_redraft_or_idp;te_premium
1104187902969446400,2024,1104187902969446401,12,17,1,0,1,idp,0,True,0.5,4.0,0.0,False,non_redraft_or_idp
1104465130613551104,2024,1104465131326513152,12,18,1,1,1,2qb,0,True,0.5,6.0,1.5,False,not_1qb;non_redraft_or_idp;te_premium
1104579910728892416,2024,1104579912154923008,12,30,1,1,1,dynasty_2qb,0,True,1.0,4.0,0.5,False,not_1qb;non_redraft_or_idp;te_premium
1104608120631824384,2024,1104608120631824385,12,15,1,0,1,ppr,0,True,1.0,4.0,0.0,True,eligible
1105168056310927360,2024,1105168056310927361,12,16,1,0,1,ppr,0,True,1.0,4.0,0.0,True,eligible
1105182463174742016,2024,1105182463178936320,12,16,1,0,1,ppr,0,True,1.0,6.0,0.0,True,eligible
1105290548065177600,2024,1105290549159874560,12,17,1,1,1,2qb,0,True,1.0,6.0,1.0,False,not_1qb;non_redraft_or_idp;te_premium
1105349338731089920,2024,1105349338731089921,12,15,1,0,1,ppr,0,True,1.0,4.0,0.0,True,eligible
1105702385432829952,2024,1105702389652365312,12,35,1,1,1,idp,0,True,1.0,6.0,0.0,False,not_1qb;non_redraft_or_idp
1105950214415917056,2024,1105950215573549056,12,14,1,0,1,half_ppr,0,True,0.5,4.0,0.0,True,eligible
1106005752726069248,2024,1106005752726069249,12,16,0,0,0,idp,0,True,0.0,0.0,0.0,False,not_1qb;no_required_te;non_redraft_or_idp
1106369963289526272,2024,1106369963289526273,12,15,1,0,1,ppr,0,True,1.0,4.0,0.0,True,eligible
1106381999922622464,2024,1106381999922622465,12,18,1,0,1,ppr,11,True,1.0,6.0,0.0,False,keeper_picks
1107103056669310976,2024,1107103057470652416,12,23,1,1,1,dynasty_2qb,0,True,1.0,6.0,1.0,False,not_1qb;non_redraft_or_idp;te_premium
1107113695580119040,2024,1107113696549007360,12,20,1,1,1,2qb,0,True,1.0,5.0,0.0,False,not_1qb;non_redraft_or_idp
1107167882435301376,2024,1107167883156766720,12,18,1,0,1,ppr,0,True,1.0,6.0,0.0,True,eligible
1107422698604617728,2024,1107422699569115136,12,14,1,0,1,half_ppr,0,True,0.5,4.0,0.0,True,eligible
1107432612681052160,2024,1107432613670838272,12,14,1,0,1,half_ppr,0,True,0.5,4.0,0.0,True,eligible
1107445456310784000,2024,1107445457443414016,12,14,1,0,1,half_ppr,0,True,0.5,4.0,0.0,True,eligible
1107481361239334912,2024,1107481362082353152,12,24,1,1,1,dynasty_2qb,0,True,1.0,6.0,1.0,False,not_1qb;non_redraft_or_idp;te_premium
1107763683670749184,2024,1107763684941594624,12,16,1,0,1,ppr,0,True,1.0,10.0,1.25,False,te_premium
1107785505393115136,2024,1107785506278002688,12,22,1,1,1,dynasty_2qb,0,True,1.0,6.0,1.0,False,not_1qb;non_redraft_or_idp;te_premium
1107793501686767616,2024,1107793502781669376,12,14,1,0,1,half_ppr,0,True,0.5,4.0,0.0,True,eligible
1107833185326419968,2024,1107833187193110528,12,23,1,0,1,dynasty_ppr,0,True,1.0,4.0,0.0,False,non_redraft_or_idp
1107846605983817728,2024,1107846605983817729,12,14,1,0,1,ppr,0,True,1.0,4.0,0.0,True,eligible
1107886018361110528,2024,1107886021741723648,12,35,1,1,2,dynasty_2qb,0,True,1.0,6.0,1.0,False,not_1qb;non_redraft_or_idp;te_premium
1107930729020968960,2024,1107930732485320704,12,29,1,1,2,dynasty_2qb,0,True,1.0,4.0,0.0,False,not_1qb;non_redraft_or_idp
1108059812207845376,2024,1108059812987756544,12,18,1,1,1,2qb,0,True,1.0,6.0,1.0,False,not_1qb;non_redraft_or_idp;te_premium
1108282897078820864,2024,1108282897817067520,12,14,1,0,1,half_ppr,0,True,0.5,6.0,0.0,True,eligible
1108397399451500544,2024,1108397401057898496,12,15,1,0,1,ppr,0,True,1.0,4.0,0.0,True,eligible
1108618158937751552,2024,1108618160263073792,12,46,1,1,1,idp,0,True,1.0,6.0,0.5,False,not_1qb;non_redraft_or_idp;te_premium
1108857639951319040,2024,1108857639951319041,12,22,1,1,1,2qb,0,True,1.0,4.0,0.0,False,not_1qb;non_redraft_or_idp
1108987607280705536,2024,1108987607280705537,12,15,1,0,1,ppr,0,True,1.0,4.0,0.0,True,eligible
1109310516339748864,2024,1109310516339748865,12,19,1,1,1,2qb,0,True,1.0,6.0,0.0,False,not_1qb;non_redraft_or_idp
1109509904177643520,2024,1109509905779781632,12,14,1,0,1,ppr,0,True,1.0,4.0,0.0,True,eligible
1109576953503338496,2024,1109576954879209472,12,21,1,0,1,half_ppr,0,True,0.5,4.0,0.0,True,eligible
1109976017050890240,2024,1109976018175078400,12,18,1,1,1,2qb,0,True,1.0,6.0,1.0,False,not_1qb;non_redraft_or_idp;te_premium
1109978126223867904,2024,1109978127092236288,12,24,1,1,1,dynasty_2qb,0,True,1.0,6.0,1.0,False,not_1qb;non_redraft_or_idp;te_premium
1110368241995751424,2024,1110368242679332864,12,26,1,1,1,dynasty_2qb,0,True,1.0,4.0,0.0,False,not_1qb;non_redraft_or_idp
1110396221853814784,2024,1110396221853814785,12,18,1,1,1,2qb,0,True,1.0,5.0,0.5,False,not_1qb;non_redraft_or_idp;te_premium
1110638283924611072,2024,1110638283924611073,12,16,1,0,1,half_ppr,0,True,0.5,6.0,0.0,True,eligible
1110675286649110528,2024,1110675288352083968,12,25,1,1,1,dynasty_2qb,0,True,1.0,4.0,0.0,False,not_1qb;non_redraft_or_idp
1110687048266092544,2024,1110687049704738816,12,26,1,1,1,dynasty_2qb,0,True,1.0,4.0,1.0,False,not_1qb;non_redraft_or_idp;te_premium
1107850991996825600,2024,1110705572162269184,12,10,1,1,1,dynasty_2qb,0,True,1.0,4.0,0.0,False,not_1qb;short_draft;non_redraft_or_idp
1110761752188338176,2024,1110761753505370112,12,29,1,0,1,dynasty_ppr,0,True,1.0,4.0,0.0,False,non_redraft_or_idp
1111170318900572160,2024,1111170318904766464,12,15,1,0,1,ppr,0,True,1.0,4.0,0.0,True,eligible
1111345415544406016,2024,1111345416987197440,12,19,1,0,1,ppr,0,True,1.0,6.0,0.0,True,eligible
1111351931164958720,2024,1111351931164958721,12,16,1,1,1,2qb,0,True,1.0,4.0,0.0,False,not_1qb;non_redraft_or_idp
1111371111624720384,2024,1111371112899846144,12,13,1,0,1,ppr,0,True,1.0,6.0,0.25,False,te_premium
1111446539714654208,2024,1111446540897366016,12,34,1,1,1,idp,0,True,1.0,6.0,0.0,False,not_1qb;non_redraft_or_idp
1111714761995169792,2024,1111714763609976832,12,17,1,0,1,ppr,0,True,1.0,6.0,0.0,True,eligible
1111899386289709056,2024,1111899387992678400,12,26,1,1,1,idp,0,True,1.0,6.0,0.75,False,not_1qb;non_redraft_or_idp;te_premium
1112230084859039744,2024,1112230085832036352,12,16,1,1,1,2qb,0,True,1.0,4.0,0.0,False,not_1qb;non_redraft_or_idp
1112231650135531520,2024,1112231651494543360,12,15,1,1,1,2qb,0,True,1.0,6.0,0.0,False,not_1qb;non_redraft_or_idp
1112234523519041536,2024,1112234524357783552,12,16,1,0,1,ppr,0,True,1.0,6.0,0.0,True,eligible
1112505538681679872,2024,1112505539629621248,12,15,1,0,1,ppr,0,True,1.0,4.0,0.0,True,eligible
1112849878188728320,2024,1112849880097140736,12,17,1,1,1,2qb,0,True,1.0,6.0,0.5,False,not_1qb;non_redraft_or_idp;te_premium
1113131428272832512,2024,1113131429321404416,12,13,1,0,1,ppr,0,True,1.0,4.0,0.5,False,te_premium
1113254549571149824,2024,1113254550259015680,12,26,1,1,1,dynasty_2qb,0,True,1.0,6.0,1.5,False,not_1qb;non_redraft_or_idp;te_premium
1113313636891701248,2024,1113313638124740608,12,25,1,0,1,dynasty_ppr,0,True,1.0,6.0,0.0,False,non_redraft_or_idp
1103114654315843584,2024,1113639829448863744,12,5,1,0,1,dynasty_ppr,0,True,1.0,6.0,0.5,False,short_draft;non_redraft_or_idp;te_premium
1113641576569487360,2024,1113641577186041856,12,35,1,0,0,ppr,0,False,1.0,4.0,0.0,False,incomplete_board;no_required_te
1113664394874937344,2024,1113664394874937345,12,18,1,1,1,2qb,35,True,1.0,5.0,0.0,False,not_1qb;keeper_picks;non_redraft_or_idp
1113697487270907904,2024,1113697488239828992,12,17,1,1,1,2qb,0,True,1.0,6.0,1.0,False,not_1qb;non_redraft_or_idp;te_premium
1113904134710824960,2024,1113904134710824961,12,15,1,0,1,ppr,0,True,1.0,4.0,0.0,True,eligible
1113964731791929344,2024,1113964732496605184,12,15,1,0,0,ppr,0,True,1.0,6.0,1.0,False,no_required_te;te_premium
1114059085483266048,2024,1114059086221398016,12,34,1,1,2,dynasty_2qb,0,True,1.5,6.0,1.0,False,not_1qb;non_redraft_or_idp;te_premium
1114235295651733504,2024,1114235295651733505,12,18,1,1,1,2qb,0,True,1.0,4.0,0.5,False,not_1qb;non_redraft_or_idp;te_premium
1114309243152281600,2024,1114309243156475904,12,13,1,0,0,half_ppr,0,True,0.5,4.0,0.5,False,no_required_te;te_premium
1114331528584073216,2024,1114331529506869248,12,16,1,1,1,2qb,0,True,1.0,6.0,0.5,False,not_1qb;non_redraft_or_idp;te_premium
1114347034716258304,2024,1114347035878207488,12,15,1,0,1,ppr,0,True,1.0,6.0,0.5,False,te_premium
1114734932317794304,2024,1114734932946944000,12,17,1,1,1,2qb,0,True,1.0,6.0,0.0,False,not_1qb;non_redraft_or_idp
1114749219304235008,2024,1114749220256456704,12,14,1,0,1,ppr,0,True,1.0,4.0,0.5,False,te_premium
1115083356657618944,2024,1115083358004015104,12,17,1,0,1,ppr,0,True,1.0,6.0,1.0,False,te_premium
1115369695978307584,2024,1115369695978307585,12,14,1,0,1,ppr,0,True,1.0,4.0,0.0,True,eligible
1115410217312821248,2024,1115410217312821249,12,16,1,0,1,ppr,0,True,1.0,4.0,0.0,True,eligible
1115494577508610048,2024,1115494577508610049,12,16,1,0,1,ppr,0,True,1.0,6.0,0.0,True,eligible
1115497335099854848,2024,1115497335099854849,12,14,1,0,1,half_ppr,0,True,0.5,4.0,0.0,True,eligible
1115834450316812288,2024,1115834450782289920,12,23,1,0,1,dynasty_half_ppr,0,True,0.5,4.0,0.5,False,non_redraft_or_idp;te_premium
1116277101587582976,2024,1116277126476529664,12,15,1,0,1,ppr,0,True,1.0,4.0,0.0,True,eligible
1116478939880345600,2024,1116478939880345601,12,16,1,1,1,2qb,0,True,1.0,4.0,0.0,False,not_1qb;non_redraft_or_idp
1116480711621484544,2024,1116480713139912704,12,17,1,1,1,idp,0,True,1.0,4.0,0.0,False,not_1qb;non_redraft_or_idp
1116510187369644032,2024,1116510187369644033,12,15,1,0,1,ppr,0,True,1.0,4.0,0.0,True,eligible
1116561721692377088,2024,1116561722409607168,12,16,1,0,1,ppr,0,True,1.0,4.0,0.5,False,te_premium
1116573392590716928,2024,1116573394167898112,12,17,1,1,1,idp,0,True,1.0,4.0,0.0,False,not_1qb;non_redraft_or_idp
1116573660472627200,2024,1116573662028726272,12,17,1,1,1,idp,0,True,1.0,4.0,0.0,False,not_1qb;non_redraft_or_idp
1116762127953498112,2024,1116762134827986944,12,17,1,0,1,ppr,0,True,1.0,6.0,0.0,True,eligible
1116900055551668224,2024,1116900055551668225,12,15,1,0,1,half_ppr,0,True,0.5,4.0,1.0,False,te_premium
1117915256254283776,2024,1117915256254283777,12,16,1,0,1,ppr,0,True,1.0,4.0,0.0,True,eligible
1117928686138916864,2024,1117928691729895424,12,19,1,0,1,ppr,0,True,1.0,6.0,0.0,True,eligible
1117937084628627456,2024,1117937085358411776,12,15,1,0,1,ppr,0,True,1.0,6.0,0.0,True,eligible
1118190354299203584,2024,1118190354299203585,12,18,1,1,2,2qb,0,True,1.0,6.0,0.5,False,not_1qb;non_redraft_or_idp;te_premium
1118216681651810304,2024,1118216681651810305,12,14,1,0,1,ppr,0,True,1.0,6.0,0.0,True,eligible
1118377397490925568,2024,1118377398132748288,12,22,1,1,1,dynasty_2qb,0,True,1.0,6.0,0.0,False,not_1qb;non_redraft_or_idp
1118587700006776832,2024,1118587700006776833,12,15,1,0,1,ppr,0,True,1.0,4.0,0.0,True,eligible
1118655068582117376,2024,1118655069399924736,12,14,1,0,1,ppr,0,True,1.0,6.0,0.0,True,eligible
1118692552821063680,2024,1118692552821063681,12,15,1,0,1,ppr,0,True,1.0,6.0,0.0,True,eligible
1118712339261444096,2024,1118712340305842176,12,15,1,0,1,ppr,0,True,1.0,6.0,0.0,True,eligible
1118712549274468352,2024,1118712549849092096,12,20,1,0,1,ppr,0,True,1.0,6.0,0.0,True,eligible
1118722218273492992,2024,1118722218932002816,12,20,1,0,1,ppr,0,True,1.0,6.0,0.0,True,eligible
1118723687655632896,2024,1118723688385433600,12,20,1,0,1,ppr,0,True,1.0,6.0,0.0,True,eligible
1118940361935765504,2024,1118940362573180928,12,18,1,1,1,2qb,0,True,1.0,6.0,1.0,False,not_1qb;non_redraft_or_idp;te_premium
1118947562544943104,2024,1118947563509534720,12,16,1,1,1,2qb,0,True,1.0,6.0,0.5,False,not_1qb;non_redraft_or_idp;te_premium
1118973001048997888,2024,1118973002139496448,12,14,1,0,1,ppr,0,True,1.0,6.0,0.0,True,eligible
1118980455522512896,2024,1118980456432644096,12,27,1,1,1,dynasty_2qb,0,True,1.0,6.0,1.0,False,not_1qb;non_redraft_or_idp;te_premium
1119047892636917760,2024,1119047893429669888,12,19,1,0,1,ppr,0,True,1.0,6.0,0.0,True,eligible
1119266332853239808,2024,1119266332853239809,12,17,1,0,1,ppr,0,True,1.0,4.0,0.0,True,eligible
1119340525372477440,2024,1119340525372477441,12,14,1,0,1,ppr,0,True,1.0,4.0,0.0,True,eligible
1119367047038812160,2024,1119367047038812161,12,18,1,1,1,2qb,0,True,1.0,4.0,0.0,False,not_1qb;non_redraft_or_idp
1119371404291436544,2024,1119371404291436545,12,15,1,0,1,ppr,0,True,1.0,4.0,0.0,True,eligible
1119486278468329472,2024,1119486278468329473,12,16,1,1,1,2qb,0,True,1.0,4.0,0.0,False,not_1qb;non_redraft_or_idp
1119533401729552384,2024,1119533402333478912,12,16,1,1,1,2qb,0,True,1.0,6.0,0.0,False,not_1qb;non_redraft_or_idp
1119608275009392640,2024,1119608276288741376,12,15,1,0,1,ppr,0,True,1.0,4.0,0.0,True,eligible
1119743137699741696,2024,1119743137699741697,12,14,1,0,1,ppr,0,True,1.0,4.0,0.0,True,eligible
1119772420581261312,2024,1119772422607151104,12,26,1,1,1,dynasty_2qb,0,True,1.0,6.0,0.0,False,not_1qb;non_redraft_or_idp
1119864008632291328,2024,1119864009437708288,12,14,1,0,1,half_ppr,0,True,0.5,6.0,0.0,True,eligible
1119894441969438720,2024,1119894443437551616,12,15,1,0,1,ppr,0,True,1.0,4.0,0.0,True,eligible
1120001975577456640,2024,1120001975577456641,12,14,1,0,1,ppr,0,True,1.0,4.0,0.0,True,eligible
1120069891110948864,2024,1120069892004343808,12,24,1,1,1,dynasty_2qb,0,True,1.0,6.0,0.5,False,not_1qb;non_redraft_or_idp;te_premium
1120111903235289088,2024,1120111905626050560,12,24,1,1,1,dynasty_2qb,0,True,1.0,6.0,0.5,False,not_1qb;non_redraft_or_idp;te_premium
1120175277889523712,2024,1120175278703214592,12,24,1,1,1,dynasty_2qb,0,True,1.0,4.0,0.0,False,not_1qb;non_redraft_or_idp
1120312214335975424,2024,1120312215401324544,12,16,1,1,1,2qb,0,True,1.0,6.0,0.0,False,not_1qb;non_redraft_or_idp
1120315097068429312,2024,1120315097785741312,12,16,1,1,1,2qb,0,True,1.0,6.0,0.0,False,not_1qb;non_redraft_or_idp
1120317548962095104,2024,1120317550316949504,12,16,1,1,1,2qb,0,True,1.0,6.0,0.0,False,not_1qb;non_redraft_or_idp
1120423182533566464,2024,1120423182533566465,12,16,1,0,1,half_ppr,0,True,0.5,4.0,0.0,True,eligible
1120437474611830784,2024,1120437475509522432,12,23,1,1,1,dynasty_2qb,0,True,1.0,6.0,1.5,False,not_1qb;non_redraft_or_idp;te_premium
1120481377402638336,2024,1120481378468085760,12,17,1,1,1,2qb,0,True,1.0,6.0,0.5,False,not_1qb;non_redraft_or_idp;te_premium
1120620763058446336,2024,1120620763058446337,12,16,1,0,1,half_ppr,0,True,0.5,6.0,0.0,True,eligible
1120646166204588032,2024,1120646166808506368,12,16,1,1,1,2qb,0,True,1.0,6.0,0.5,False,not_1qb;non_redraft_or_idp;te_premium
1120829924505505792,2024,1120829926309023744,12,15,1,0,1,ppr,0,True,1.0,4.0,0.0,True,eligible
1120952357917011968,2024,1120952358420316160,12,16,1,1,1,2qb,0,True,1.0,6.0,0.0,False,not_1qb;non_redraft_or_idp
1121046996397264896,2024,1121046997986881536,12,16,1,1,1,2qb,0,True,1.0,6.0,0.0,False,not_1qb;non_redraft_or_idp
1121198436361072640,2024,1121198436361072641,12,13,1,1,1,2qb,0,True,0.5,4.0,1.0,False,not_1qb;non_redraft_or_idp;te_premium
1121444895341907968,2024,1121444895341907969,12,16,1,0,1,half_ppr,0,True,0.5,4.0,0.0,True,eligible
1121484975720845312,2024,1121484975720845313,12,16,1,1,1,2qb,0,True,1.0,4.0,0.0,False,not_1qb;non_redraft_or_idp
1121642618812780544,2024,1121642620473720832,12,20,1,0,1,ppr,0,True,1.0,6.0,0.0,True,eligible
1121842401049407488,2024,1121842401930244096,12,15,1,0,1,ppr,0,True,1.0,4.0,0.0,True,eligible
1121852862881001472,2024,1121852870116159488,12,21,1,0,1,half_ppr,0,True,0.5,4.0,0.0,True,eligible
1121871038725365760,2024,1121871038725365761,12,14,1,1,1,2qb,0,True,1.0,4.0,0.5,False,not_1qb;non_redraft_or_idp;te_premium
1121891862467436544,2024,1121891862467436545,12,16,1,0,1,half_ppr,0,True,0.5,4.0,0.0,True,eligible
1121919369929416704,2024,1121919369929416705,12,15,1,0,1,ppr,0,True,1.0,6.0,0.0,True,eligible
1121931853075816448,2024,1121931853973323776,12,15,1,0,1,ppr,0,True,1.0,6.0,0.0,True,eligible
1121972629809799168,2024,1121972629809799169,12,16,1,0,1,ppr,23,True,1.0,4.0,0.0,False,keeper_picks
1122039242093469696,2024,1122039242093469697,12,15,1,0,1,ppr,0,True,1.0,4.0,0.0,True,eligible
1122048427992387584,2024,1122048427992387585,12,15,1,1,1,2qb,0,True,1.0,4.0,0.0,False,not_1qb;non_redraft_or_idp
1122200065151557632,2024,1122200066187567104,12,14,1,0,1,ppr,0,True,1.0,4.0,0.0,True,eligible
1122319013528334336,2024,1122319014677622784,12,17,2,0,1,idp,0,True,1.0,4.0,0.0,False,not_1qb;non_redraft_or_idp
1122337120091217920,2024,1122337120091217921,12,18,1,1,1,2qb,0,True,1.0,4.0,0.0,False,not_1qb;non_redraft_or_idp
1122602472398278656,2024,1122602473757204480,12,27,0,3,1,dynasty_2qb,0,True,1.0,4.0,1.5,False,not_1qb;non_redraft_or_idp;te_premium
1122621053207023616,2024,1122621053207023617,12,15,1,0,1,ppr,0,True,1.0,4.0,0.0,True,eligible
1122671229007200256,2024,1122671229820833792,12,15,1,0,1,ppr,0,True,1.0,6.0,1.5,False,te_premium
1122688479491756032,2024,1122688480670273536,12,26,1,1,1,dynasty_2qb,0,True,1.0,6.0,0.0,False,not_1qb;non_redraft_or_idp
1122770292176191488,2024,1122770293216387072,12,27,1,1,1,dynasty_2qb,0,True,1.0,6.0,1.0,False,not_1qb;non_redraft_or_idp;te_premium
1122826130463047680,2024,1122826131440287744,12,16,1,1,1,2qb,0,True,1.0,6.0,0.0,False,not_1qb;non_redraft_or_idp
1122977295796396032,2024,1122977295796396033,12,17,1,0,1,ppr,0,True,1.0,6.0,0.0,True,eligible
1121319762883076096,2024,1123082675851472896,12,14,1,0,1,half_ppr,0,True,0.5,4.0,0.0,True,eligible
1123389300290191360,2024,1123389301259206656,12,16,1,0,1,ppr,0,True,1.0,4.0,0.0,True,eligible
1123428478373769216,2024,1123428478373769217,12,13,1,0,1,ppr,0,True,1.0,6.0,0.0,True,eligible
1123434698992234496,2024,1123434699872940032,12,18,1,0,1,ppr,0,True,1.0,6.0,0.0,True,eligible
1123440229077106688,2024,1123440229077106689,12,16,1,1,1,2qb,0,True,1.0,5.0,0.0,False,not_1qb;non_redraft_or_idp
1123687115272884224,2024,1123687116585811968,12,16,1,0,2,ppr,0,True,1.0,5.0,1.5,False,te_premium
1123750280203550720,2024,1123750280203550721,12,16,1,0,1,ppr,0,True,1.0,6.0,0.0,True,eligible
1123757732965810176,2024,1123757732965810177,12,15,1,1,1,2qb,0,True,0.5,6.0,0.0,False,not_1qb;non_redraft_or_idp
1123769804294352896,2024,1123769805133201408,12,15,1,0,1,ppr,0,True,1.0,6.0,0.0,True,eligible
1123803177020669952,2024,1123803177020669953,12,12,1,0,1,ppr,0,True,1.0,6.0,0.5,False,te_premium
1123871454220693504,2024,1123871455181131776,12,18,1,0,1,ppr,0,True,1.0,6.0,0.0,True,eligible
1124048124693176320,2024,1124048125884325888,12,15,1,0,1,ppr,0,True,1.0,4.0,0.0,True,eligible
1124066903313522688,2024,1124066911001698304,12,39,1,1,1,idp,0,True,1.0,6.0,1.0,False,not_1qb;non_redraft_or_idp;te_premium
1124134697040211968,2024,1124134697040211969,12,14,1,1,1,2qb,0,True,1.0,6.0,1.0,False,not_1qb;non_redraft_or_idp;te_premium
1124364086059315200,2024,1124364086709407744,12,28,1,1,1,dynasty_2qb,0,True,1.0,4.0,0.0,False,not_1qb;non_redraft_or_idp
1124473151536144384,2024,1124473151536144385,12,16,1,0,1,ppr,0,True,1.0,4.0,0.0,True,eligible
1124528902958841856,2024,1124528904045301760,12,14,1,0,1,ppr,0,True,1.0,6.0,0.0,True,eligible
1124555019786858496,2024,1124555020814393344,12,15,1,0,1,ppr,0,True,1.0,4.0,0.0,True,eligible
1123747428136042496,2024,1124785358652170240,12,18,1,0,1,ppr,0,True,1.0,4.0,0.0,True,eligible
1124793805011521536,2024,1124793806219571200,12,15,1,0,1,ppr,0,True,1.0,4.0,0.0,True,eligible
1124814095875309568,2024,1124814095875309569,12,13,1,0,1,ppr,0,True,1.0,6.0,0.5,False,te_premium
1124815581967581184,2024,1124815581967581185,12,17,1,0,1,ppr,0,True,1.0,4.0,0.0,True,eligible
1124817566993240064,2024,1124817566993240065,12,16,1,0,1,ppr,0,True,1.0,4.0,0.0,True,eligible
1124820977390206976,2024,1124820977390206977,12,16,1,0,1,ppr,10,True,1.0,6.0,0.0,False,keeper_picks
1124824168404103168,2024,1124824168404103169,12,16,1,0,1,half_ppr,0,True,0.5,4.0,0.0,True,eligible
1124824962507505664,2024,1124824962507505665,12,17,1,0,1,ppr,0,True,1.0,4.0,0.0,True,eligible
1124825325084082176,2024,1124825325084082177,12,15,1,0,1,half_ppr,0,True,0.5,4.0,0.0,True,eligible
1124825579187613696,2024,1124825579187613697,12,15,1,0,1,ppr,0,True,1.0,5.0,0.0,True,eligible
1124833117211746304,2024,1124833117211746305,12,15,1,0,1,half_ppr,0,True,0.5,4.0,0.0,True,eligible
1124833182756139008,2024,1124833182756139009,12,15,1,0,1,half_ppr,0,True,0.5,6.0,0.0,True,eligible
1124833350553456640,2024,1124833350553456641,12,17,1,0,1,ppr,0,True,1.0,4.0,0.0,True,eligible
1124833935516270592,2024,1124833935516270593,12,15,1,1,1,2qb,0,True,1.0,6.0,0.0,False,not_1qb;non_redraft_or_idp
1124835628173766656,2024,1124835628173766657,12,14,1,0,1,ppr,0,True,1.0,6.0,0.0,True,eligible
1124835841005334528,2024,1124835841005334529,12,15,1,0,1,half_ppr,0,True,0.5,4.0,0.5,False,te_premium
1124837146105380864,2024,1124837147296546816,12,40,1,1,2,idp,0,True,1.0,4.0,0.0,False,not_1qb;non_redraft_or_idp
1124837395162730496,2024,1124837395162730497,12,15,1,1,1,2qb,0,True,0.5,4.0,0.0,False,not_1qb;non_redraft_or_idp
1124839264836681728,2024,1124839264836681729,12,16,1,0,1,ppr,0,True,1.0,4.0,0.0,True,eligible
1124839656353972224,2024,1124839656353972225,12,16,1,0,1,ppr,0,True,1.0,4.0,0.0,True,eligible
1124841246766923776,2024,1124841246766923777,12,16,1,0,1,half_ppr,0,True,0.5,4.0,0.0,True,eligible
1124841485640953856,2024,1124841485640953857,12,15,1,1,1,2qb,0,True,0.5,6.0,0.0,False,not_1qb;non_redraft_or_idp
1124841987208392704,2024,1124841987208392705,12,16,1,0,1,half_ppr,0,True,0.5,4.0,0.0,True,eligible
1124845280538136576,2024,1124845280538136577,12,14,1,0,1,ppr,0,True,1.0,4.0,0.0,True,eligible
1124845859805102080,2024,1124845859805102081,12,14,1,0,1,ppr,0,True,1.0,6.0,0.0,True,eligible
1124847229144666112,2024,1124847229144666113,12,16,1,0,1,ppr,0,True,1.0,4.0,0.0,True,eligible
1124847526168522752,2024,1124847526168522753,12,18,1,1,1,2qb,0,True,1.0,6.0,0.0,False,not_1qb;non_redraft_or_idp
1124847735527211008,2024,1124847735527211009,12,16,1,1,1,2qb,0,True,1.0,4.0,0.25,False,not_1qb;non_redraft_or_idp;te_premium
1124848426958192640,2024,1124848426958192641,12,17,1,0,1,ppr,0,True,1.0,6.0,0.0,True,eligible
1124848429773000704,2024,1124848429773000705,12,14,1,0,1,ppr,0,True,1.0,4.0,0.0,True,eligible
1124848468184006656,2024,1124848468184006657,12,15,1,0,1,ppr,0,True,1.0,6.0,0.5,False,te_premium
1124848734262272000,2024,1124848734262272001,12,18,1,0,1,half_ppr,0,True,0.5,4.0,0.5,False,te_premium
1124849039301439488,2024,1124849039301439489,12,14,1,1,1,2qb,23,True,1.0,4.0,0.0,False,not_1qb;keeper_picks;non_redraft_or_idp
1124849649090318336,2024,1124849649090318337,12,15,1,0,1,ppr,0,True,1.0,4.0,0.0,True,eligible
1124851024079626240,2024,1124851024079626241,12,17,1,0,1,half_ppr,0,True,0.5,4.0,1.0,False,te_premium
1124851457317670912,2024,1124851457317670913,12,14,1,0,1,ppr,0,True,1.0,4.0,0.0,True,eligible
1124851789770784768,2024,1124851789770784769,12,14,1,0,1,ppr,0,True,1.0,4.0,0.0,True,eligible
1124852162157883392,2024,1124852162157883393,12,16,1,1,1,2qb,0,True,1.0,4.0,0.0,False,not_1qb;non_redraft_or_idp
1124853218979901440,2024,1124853218979901441,12,15,1,0,1,ppr,0,True,1.0,4.0,0.0,True,eligible
1124857640279638016,2024,1124857640279638017,12,15,1,0,1,half_ppr,0,True,0.5,6.0,0.0,True,eligible
1124900763320414208,2024,1124900764175998976,12,16,1,0,1,ppr,0,True,1.0,4.0,0.0,True,eligible
1124939163368783872,2024,1124939164253908992,12,15,1,0,1,ppr,0,True,1.0,4.0,0.0,True,eligible
1124957629572272128,2024,1124957630897819648,12,36,1,1,1,dynasty_2qb,0,True,1.0,6.0,0.5,False,not_1qb;non_redraft_or_idp;te_premium
1125202875229032448,2024,1125202875229032449,12,15,1,0,1,ppr,0,True,1.0,6.0,0.0,True,eligible
1125322264901300224,2024,1125322265786265600,12,16,1,1,1,2qb,0,True,1.0,6.0,0.0,False,not_1qb;non_redraft_or_idp
1125348235641524224,2024,1125348236497215488,12,14,1,0,1,ppr,0,True,1.0,4.0,0.0,True,eligible
1125349965800280064,2024,1125349966685290496,12,16,1,1,1,2qb,0,True,1.0,6.0,0.0,False,not_1qb;non_redraft_or_idp
1125350182247436288,2024,1125350183140753408,12,16,1,1,1,2qb,0,True,1.0,6.0,0.0,False,not_1qb;non_redraft_or_idp
1125497443199574016,2024,1125497445594570752,12,18,1,1,1,2qb,0,True,1.0,6.0,0.5,False,not_1qb;non_redraft_or_idp;te_premium
1125509245002289152,2024,1125509246092779520,12,13,1,0,1,half_ppr,0,True,0.5,6.0,0.0,True,eligible
1125533240590290944,2024,1125533240590290945,12,15,1,0,1,ppr,0,True,1.0,4.0,0.0,True,eligible
1125557123519238144,2024,1125557124613926912,12,15,1,0,1,half_ppr,0,True,0.5,4.0,0.0,True,eligible
1125559951159578624,2024,1125559952606707712,12,23,1,0,1,dynasty_ppr,0,True,1.0,4.0,0.0,False,non_redraft_or_idp
1125571326497947648,2024,1125571327504551936,12,15,1,0,1,ppr,0,True,1.0,4.0,0.0,True,eligible
1125600703231225856,2024,1125600704334282752,12,15,1,0,1,ppr,0,True,1.0,6.0,0.0,True,eligible
1125601339096084480,2024,1125601340161417216,12,28,2,1,1,dynasty_2qb,0,True,1.0,4.0,0.0,False,not_1qb;non_redraft_or_idp
1125667024945930240,2024,1125667026103672832,12,14,1,0,1,ppr,0,True,1.0,4.0,0.0,True,eligible
1125740413870002176,2024,1125740415640084480,12,15,1,1,1,2qb,0,True,1.0,4.0,0.0,False,not_1qb;non_redraft_or_idp
1125889051745304576,2024,1125889052978434048,12,15,1,0,1,ppr,0,True,1.0,4.0,0.0,True,eligible
1125923029357371392,2024,1125923029357371393,12,14,1,0,1,ppr,0,False,1.0,4.0,0.0,False,incomplete_board
1125927713879035904,2024,1125927714961125376,12,16,1,0,1,ppr,0,True,1.0,4.0,0.0,True,eligible
1125990105249890304,2024,1125990106432790528,12,16,1,1,1,2qb,0,True,1.0,4.0,0.0,False,not_1qb;non_redraft_or_idp
1126045095117037568,2024,1126045096031522816,12,15,1,0,1,ppr,0,True,1.0,6.0,0.0,True,eligible
1126209246116392960,2024,1126209246930059264,12,16,1,0,1,ppr,0,True,1.0,4.0,0.0,True,eligible
1126262575253016576,2024,1126262576712757248,12,14,1,0,1,ppr,0,True,1.0,4.0,2.0,False,te_premium
1126270039537111040,2024,1126270040300486656,12,18,1,0,1,ppr,0,True,1.0,6.0,0.0,True,eligible
1126285525444304896,2024,1126285526673235968,12,16,1,1,1,2qb,0,True,1.0,6.0,0.75,False,not_1qb;non_redraft_or_idp;te_premium
1126318409991454720,2024,1126318411128115200,12,15,1,0,1,ppr,0,True,1.0,4.0,0.0,True,eligible
1126351293326544896,2024,1126351294395940864,12,26,1,1,1,dynasty_2qb,0,True,1.0,6.0,0.0,False,not_1qb;non_redraft_or_idp
1126351796282163200,2024,1126351797418831872,12,16,1,1,1,2qb,0,True,1.0,6.0,0.0,False,not_1qb;non_redraft_or_idp
1126375878306394112,2024,1126375879501848576,12,17,1,1,1,2qb,0,True,1.0,6.0,1.0,False,not_1qb;non_redraft_or_idp;te_premium
1126528068585082880,2024,1126528069507952640,12,13,1,0,1,half_ppr,0,True,0.5,6.0,0.0,True,eligible
1126536226980372480,2024,1126536227542499328,12,18,1,1,1,2qb,0,True,1.0,5.0,0.0,False,not_1qb;non_redraft_or_idp
1126565603629768704,2024,1126565607211630592,12,19,2,0,1,2qb,0,True,1.0,4.0,0.5,False,not_1qb;non_redraft_or_idp;te_premium
1125533880590778368,2024,1126569647249231872,12,22,1,1,0,2qb,0,True,1.0,6.0,1.0,False,not_1qb;no_required_te;non_redraft_or_idp;te_premium
1126621733789741056,2024,1126621733789741057,12,15,1,0,1,half_ppr,0,True,0.5,4.0,0.0,True,eligible
1126625487985438720,2024,1126625487985438721,12,18,1,1,1,2qb,0,True,1.0,5.0,1.5,False,not_1qb;non_redraft_or_idp;te_premium
1126626753155395584,2024,1126626755118219264,12,15,1,0,1,ppr,0,True,1.0,4.0,0.0,True,eligible
1126648573833166848,2024,1126648574923595776,12,16,1,1,1,2qb,0,True,1.0,6.0,0.75,False,not_1qb;non_redraft_or_idp;te_premium
1126671465287430144,2024,1126671465287430145,12,17,1,0,1,ppr,0,True,1.0,4.0,0.5,False,te_premium
1096255181832048640,2024,1126684824070090752,12,5,1,0,1,dynasty_ppr,0,True,1.0,6.0,0.5,False,short_draft;non_redraft_or_idp;te_premium
1126686129790570496,2024,1126686130788847616,12,25,1,0,1,dynasty_ppr,0,True,1.0,4.0,0.0,False,non_redraft_or_idp
1126942330545651712,2024,1126942330549846016,12,17,1,0,1,half_ppr,0,True,0.5,4.0,0.0,True,eligible
1126946612670021632,2024,1126946616092512256,12,17,1,0,1,half_ppr,0,True,0.5,4.0,0.0,True,eligible
1127040339929427968,2024,1127040341363867648,12,15,1,0,1,ppr,0,True,1.0,4.0,0.0,True,eligible
1127057425472839680,2024,1127057426366189568,12,15,1,0,1,ppr,0,True,1.0,4.0,0.0,True,eligible
1127064976503488512,2024,1127064977686355968,12,17,1,1,1,2qb,0,True,1.0,4.0,0.5,False,not_1qb;non_redraft_or_idp;te_premium
1103978185454120960,2024,1127171037843570688,12,38,1,1,1,idp,0,True,1.0,6.0,0.0,False,not_1qb;non_redraft_or_idp
1127172282188824576,2024,1127172283325423616,12,14,1,0,1,half_ppr,0,True,0.5,4.0,0.0,True,eligible
1127210888039149568,2024,1127210889037426688,12,14,1,0,1,half_ppr,0,True,0.5,4.0,0.0,True,eligible
1127259519240773632,2024,1127259522105565184,12,51,1,1,2,idp,0,True,1.0,6.0,1.0,False,not_1qb;non_redraft_or_idp;te_premium
1127343010724999168,2024,1127343011932835840,12,14,1,0,1,ppr,0,True,1.0,4.0,0.0,True,eligible
1127528642180947968,2024,1127528642764058624,12,16,1,1,1,2qb,0,True,1.0,6.0,0.0,False,not_1qb;non_redraft_or_idp
1127528696153231360,2024,1127528696891559936,12,16,1,1,1,2qb,0,True,1.0,6.0,0.0,False,not_1qb;non_redraft_or_idp
1127529244579590144,2024,1127529245363892224,12,16,1,1,1,2qb,0,True,1.0,6.0,0.0,False,not_1qb;non_redraft_or_idp
1127529689980985344,2024,1127529692149567488,12,16,1,1,1,2qb,0,True,1.0,6.0,0.0,False,not_1qb;non_redraft_or_idp
1127529833434660864,2024,1127529834084818944,12,16,1,1,1,2qb,0,True,1.0,6.0,0.0,False,not_1qb;non_redraft_or_idp
1127593150333214720,2024,1127593150333214721,12,15,1,1,1,2qb,0,True,1.0,6.0,0.5,False,not_1qb;non_redraft_or_idp;te_premium
1127628679149985792,2024,1127628679917559808,12,15,1,0,1,ppr,0,True,1.0,6.0,0.5,False,te_premium
1127631294093033472,2024,1127631296626339840,12,13,1,0,1,half_ppr,0,True,0.5,4.0,0.0,True,eligible
1127696513498505216,2024,1127696513498505217,12,15,1,0,1,ppr,12,True,1.0,6.0,0.0,False,keeper_picks
1127780825107570688,2024,1127780825107570689,12,13,1,0,1,ppr,0,True,1.0,4.0,0.0,True,eligible
1127796831326572544,2024,1127796832953806848,12,26,1,1,1,dynasty_2qb,0,True,1.0,4.0,0.5,False,not_1qb;non_redraft_or_idp;te_premium
1127802697698222080,2024,1127802699606552576,12,14,1,0,1,ppr,0,True,1.0,4.0,0.0,True,eligible
1127811731931119616,2024,1127811733759918080,12,15,1,0,1,ppr,0,True,1.0,4.0,0.0,True,eligible
1127878334941138944,2024,1127878336144994304,12,26,1,1,1,dynasty_2qb,0,True,1.0,4.0,0.0,False,not_1qb;non_redraft_or_idp
1127977472517103616,2024,1127977474446438400,12,51,1,0,1,dynasty_half_ppr,0,False,0.0,4.0,0.5,False,incomplete_board;non_redraft_or_idp;te_premium
1128013411641724928,2024,1128013411641724929,12,14,1,0,1,half_ppr,0,True,0.5,4.0,0.0,True,eligible
1128041286591803392,2024,1128041287376130048,12,18,1,1,1,2qb,0,True,1.0,6.0,0.5,False,not_1qb;non_redraft_or_idp;te_premium
1128095239262121984,2024,1128095239262121985,12,20,1,0,1,idp,0,True,1.0,6.0,0.0,False,non_redraft_or_idp
1128098181159604224,2024,1128098181998456832,12,15,1,0,1,ppr,0,True,1.0,4.0,0.0,True,eligible
1128115803309723648,2024,1128115804303724544,12,14,1,0,1,ppr,0,True,1.0,4.0,0.0,True,eligible
1128120986819244032,2024,1128120988643733504,12,16,1,1,1,2qb,0,True,1.0,5.0,0.25,False,not_1qb;non_redraft_or_idp;te_premium
1128186947563941888,2024,1128186948155195392,12,15,1,0,1,ppr,0,True,1.0,4.0,0.0,True,eligible
1128403952443269120,2024,1128403952451657728,12,15,1,0,1,ppr,0,True,1.0,4.0,0.0,True,eligible
1128415981451341824,2024,1128415982659244032,12,14,1,0,1,ppr,0,True,1.0,4.0,0.0,True,eligible
1128422393573138432,2024,1128422394168737792,12,14,1,1,1,2qb,0,True,1.0,4.0,0.0,False,not_1qb;non_redraft_or_idp
1128429157727227904,2024,1128429158947807232,12,15,1,0,1,ppr,0,True,1.0,4.0,0.0,True,eligible
1128466976201940992,2024,1128466978068439040,12,37,1,1,1,idp,0,True,1.0,6.0,1.0,False,not_1qb;non_redraft_or_idp;te_premium
1127734166931505152,2024,1128475897851424768,12,19,1,0,1,ppr,0,True,1.0,6.0,0.0,True,eligible
1128493238077227008,2024,1128493241290190848,12,14,1,0,1,half_ppr,0,True,0.5,4.0,0.0,True,eligible
1128501522138112000,2024,1128501522138112001,12,17,1,0,1,ppr,0,True,1.0,4.0,0.5,False,te_premium
1128529722339717120,2024,1128529724449439744,12,15,1,0,1,ppr,0,True,1.0,5.0,0.25,False,te_premium
1128568100481380352,2024,1128568101827764224,12,24,0,5,0,idp,0,True,1.0,6.0,2.0,False,not_1qb;no_required_te;non_redraft_or_idp;te_premium
1128711965867663360,2024,1128711966857580544,12,14,1,0,1,ppr,0,True,1.0,6.0,0.0,True,eligible
1128325973017079808,2024,1128744893498662912,12,17,1,1,1,2qb,0,True,1.0,4.0,0.0,False,not_1qb;non_redraft_or_idp
1128755531402854400,2024,1128755531402854401,12,18,1,0,1,ppr,0,True,1.0,6.0,0.0,True,eligible
1128780076453117952,2024,1128780076973301760,12,15,1,1,1,2qb,0,True,0.5,4.0,0.0,False,not_1qb;non_redraft_or_idp
1128802993496846336,2024,1128802994742489088,12,16,1,0,1,ppr,0,True,1.0,4.0,0.0,True,eligible
1128854713123905536,2024,1128854714185109504,12,15,1,0,1,ppr,0,True,1.0,4.0,0.0,True,eligible
1128868734891925504,2024,1128868735894433792,12,20,1,0,1,half_ppr,0,True,0.5,4.0,0.0,True,eligible
1128889968358727680,2024,1128889969386328064,12,16,1,0,1,ppr,0,True,1.5,5.0,0.0,True,eligible
1096209641794666496,2024,1128929240411443200,12,3,1,1,1,dynasty_2qb,0,True,1.0,4.0,0.0,False,not_1qb;short_draft;non_redraft_or_idp
1129110015819911168,2024,1129110016826433536,12,14,1,0,1,dynasty_ppr,0,True,1.0,6.0,0.0,False,non_redraft_or_idp
1129120871597084672,2024,1129120873178468352,12,15,1,0,1,ppr,0,True,1.0,6.0,0.0,True,eligible
1129217740625006592,2024,1129217742210449408,12,28,1,1,1,idp,0,True,1.0,6.0,0.0,False,not_1qb;non_redraft_or_idp
1129250812250787840,2024,1129250815753003008,12,23,1,0,2,dynasty_ppr,0,True,1.0,4.0,0.0,False,non_redraft_or_idp
1129277089921785856,2024,1129277091020726272,12,15,1,1,1,2qb,0,True,1.0,4.0,0.0,False,not_1qb;non_redraft_or_idp
1129304196123119616,2024,1129304196123119617,12,19,1,0,1,ppr,0,True,1.0,6.0,0.0,True,eligible
1129347722240307200,2024,1129347723523670016,12,30,1,1,1,dynasty_2qb,0,False,1.0,4.0,0.5,False,incomplete_board;not_1qb;non_redraft_or_idp;te_premium
1129479996860444672,2024,1129479996860444673,12,17,1,0,1,ppr,0,True,1.0,6.0,0.0,True,eligible
1129792348151656448,2024,1129792348151656449,12,15,1,0,1,ppr,0,True,1.0,6.0,0.0,True,eligible
1129792559917850624,2024,1129792559917850625,12,15,1,0,1,ppr,0,True,1.0,6.0,0.0,True,eligible
1129792614544400384,2024,1129792614548594688,12,15,1,0,1,ppr,0,True,1.0,6.0,0.0,True,eligible
1129792783033798656,2024,1129792783033798657,12,15,1,0,1,ppr,0,True,1.0,6.0,0.0,True,eligible
1129837585024745472,2024,1129837585767165952,12,14,1,0,1,ppr,0,True,1.0,4.0,0.0,True,eligible
1129873381379125248,2024,1129873386672484352,12,31,1,1,1,dynasty_2qb,0,False,1.0,6.0,0.85,False,incomplete_board;not_1qb;non_redraft_or_idp;te_premium
1129904220389388288,2024,1129904222188744704,12,10,1,0,1,ppr,0,True,1.0,5.0,0.5,False,short_draft;te_premium
1129926907987906560,2024,1129926907987906561,12,15,1,1,1,2qb,0,True,1.0,4.0,0.0,False,not_1qb;non_redraft_or_idp
1129933676600553472,2024,1129933678123200512,12,17,1,1,1,2qb,0,True,1.0,6.0,1.0,False,not_1qb;non_redraft_or_idp;te_premium
1129987925669912576,2024,1129987928987541504,12,28,1,1,1,dynasty_2qb,0,True,1.0,6.0,0.75,False,not_1qb;non_redraft_or_idp;te_premium
1130305715475927040,2024,1130305718097256448,12,15,1,0,1,ppr,0,True,1.0,4.0,0.0,True,eligible
1130313429870395392,2024,1130313429870395393,12,15,1,0,1,std,0,True,0.25,6.0,0.0,True,eligible
1130349535395483648,2024,1130349537178042368,12,30,1,1,1,dynasty_2qb,0,True,1.0,6.0,1.0,False,not_1qb;non_redraft_or_idp;te_premium
1130487374959591424,2024,1130487375974682624,12,15,1,0,1,ppr,0,True,1.0,6.0,0.0,True,eligible
1130554697162670080,2024,1130554698064523264,12,15,1,0,1,ppr,0,True,1.0,4.0,0.0,True,eligible
1130568435857154048,2024,1130568436825837568,12,16,1,0,1,ppr,0,True,1.0,4.0,0.0,True,eligible
1130569989561462784,2024,1130569990702399488,12,16,1,0,1,ppr,0,True,1.0,4.0,0.0,True,eligible
1130645151770267648,2024,1130645153821302784,12,18,1,1,1,2qb,0,True,1.0,5.0,1.0,False,not_1qb;non_redraft_or_idp;te_premium
1130659633925926912,2024,1130659634437722112,12,18,1,0,1,half_ppr,0,True,0.5,4.0,0.0,True,eligible
1130761369894133760,2024,1130761369894133761,12,25,1,1,1,idp,0,True,0.5,4.0,0.5,False,not_1qb;non_redraft_or_idp;te_premium
1130867984978853888,2024,1130867986333691904,12,17,1,1,1,2qb,0,True,1.0,6.0,0.5,False,not_1qb;non_redraft_or_idp;te_premium
1130968386709839872,2024,1130968386709839873,12,14,1,0,1,ppr,0,True,1.0,4.0,0.0,True,eligible
1130968983857037312,2024,1130968985983627264,12,25,1,1,1,dynasty_2qb,0,True,0.5,4.0,0.0,False,not_1qb;non_redraft_or_idp
1130979037331021824,2024,1130979038178365440,12,16,1,0,1,ppr,0,True,1.0,6.0,0.0,True,eligible
1131039998918246400,2024,1131039999962726400,12,15,1,0,1,ppr,0,True,1.0,4.0,0.0,True,eligible
1131056860175425536,2024,1131056862138421248,12,16,1,1,1,2qb,0,True,1.0,4.0,0.0,False,not_1qb;non_redraft_or_idp
1131072280202715136,2024,1131072281138151424,12,14,1,0,1,ppr,0,True,1.0,4.0,0.0,True,eligible
1131190226912858112,2024,1131190228024311808,12,15,1,0,1,ppr,0,True,1.0,4.0,0.0,True,eligible
1131254510451646464,2024,1131254510451646465,12,15,1,0,1,ppr,0,True,1.0,6.0,0.5,False,te_premium
1131283751973056512,2024,1131283752795287552,12,14,1,0,1,ppr,0,True,1.0,4.0,0.0,True,eligible
1131290894721900544,2024,1131290895883579392,12,27,1,1,1,idp,0,True,1.0,6.0,0.75,False,not_1qb;non_redraft_or_idp;te_premium
1131352807505977344,2024,1131352808537686016,12,15,1,1,1,2qb,0,True,1.0,4.0,0.0,False,not_1qb;non_redraft_or_idp
1131357331775819776,2024,1131357332874731520,12,15,1,0,1,ppr,0,True,1.0,4.0,0.0,True,eligible
1131397866070609920,2024,1131397866767003648,12,15,1,1,1,2qb,0,True,0.5,6.0,0.5,False,not_1qb;non_redraft_or_idp;te_premium
1131403581871116288,2024,1131403582735237120,12,15,1,0,1,ppr,0,True,1.0,4.0,0.0,True,eligible
1131436263581589504,2024,1131436264344993792,12,15,1,0,1,ppr,0,True,1.0,4.0,0.0,True,eligible
1131447571182075904,2024,1131447571962118144,12,14,1,1,1,2qb,0,True,1.0,4.0,0.0,False,not_1qb;non_redraft_or_idp
1131464861579538432,2024,1131464862858809344,12,15,1,0,1,ppr,0,True,1.0,4.0,0.0,True,eligible
1131625735531216896,2024,1131625736701444096,12,15,1,0,1,ppr,0,True,1.0,4.0,0.0,True,eligible
1131681985962995712,2024,1131681986919280640,12,14,1,0,1,ppr,0,True,1.0,4.0,0.0,True,eligible
1131697609544093696,2024,1131697610563371008,12,15,1,0,1,ppr,0,True,1.0,4.0,0.0,True,eligible
1131709337501704192,2024,1131709338269138944,12,15,1,0,1,std,0,True,0.0,6.0,0.0,True,eligible
1131709817791393792,2024,1131709818676490240,12,17,1,1,1,2qb,0,True,1.0,4.0,0.0,False,not_1qb;non_redraft_or_idp
1131716548458078208,2024,1131716549087305728,12,16,1,1,1,2qb,0,True,1.0,6.0,0.0,False,not_1qb;non_redraft_or_idp
1131717955257159680,2024,1131717966912954368,12,16,1,1,1,2qb,0,True,1.0,6.0,0.0,False,not_1qb;non_redraft_or_idp
1131723499036536832,2024,1131723499745333248,12,15,1,0,1,ppr,0,True,1.0,6.0,0.5,False,te_premium
1131727676839997440,2024,1131727677930614784,12,15,1,0,1,ppr,0,True,1.0,4.0,0.0,True,eligible
1131771780743553024,2024,1131771781309792256,12,14,1,0,1,ppr,0,True,1.0,4.0,0.0,True,eligible
1131782982903382016,2024,1131782983700103168,12,14,1,0,1,ppr,0,True,1.0,4.0,0.0,True,eligible
1131791628693479424,2024,1131791630043856896,12,15,1,1,1,2qb,0,True,1.0,4.0,0.0,False,not_1qb;non_redraft_or_idp
1131805327172755456,2024,1131805328309575680,12,16,1,0,1,ppr,0,True,1.0,4.0,0.0,True,eligible
1131893203713617920,2024,1131893204263088128,12,16,1,1,1,2qb,0,True,1.0,6.0,0.0,False,not_1qb;non_redraft_or_idp
1131893393493307392,2024,1131893394080468992,12,16,1,1,1,2qb,0,True,1.0,6.0,0.0,False,not_1qb;non_redraft_or_idp
1131893719919337472,2024,1131893720649101312,12,16,1,1,1,2qb,0,True,1.0,6.0,0.0,False,not_1qb;non_redraft_or_idp
1132011247416909824,2024,1132011249556099072,12,31,1,1,1,dynasty_2qb,0,True,1.0,6.0,1.0,False,not_1qb;non_redraft_or_idp;te_premium
1132042872628404224,2024,1132042873442246656,12,13,1,0,1,ppr,0,True,1.0,4.0,0.0,True,eligible
1132048740787011584,2024,1132048741734871040,12,15,1,0,1,ppr,0,True,1.0,4.0,0.0,True,eligible
1132134254852399104,2024,1132134255481466880,12,14,1,0,1,ppr,0,True,1.0,4.0,0.0,True,eligible
1132156644667871232,2024,1132156645569835008,12,16,1,1,1,2qb,0,True,1.0,6.0,0.5,False,not_1qb;non_redraft_or_idp;te_premium
1132160476286251008,2024,1132159254363869184,12,14,1,0,1,ppr,0,True,1.0,4.0,0.0,True,eligible
1132161822175633408,2024,1132160493751353344,12,14,1,0,1,ppr,0,True,1.0,4.0,0.0,True,eligible
1132161744480149504,2024,1132161745486897152,12,15,1,0,1,ppr,0,True,1.0,4.0,0.0,True,eligible
1132167476017737728,2024,1132166469267259392,12,14,1,0,1,ppr,0,True,1.0,4.0,0.0,True,eligible
1132192094799470592,2024,1132190656669196288,12,14,1,0,1,ppr,0,True,1.0,4.0,0.0,True,eligible
1132321759308627968,2024,1132321761518878720,12,14,1,0,1,half_ppr,0,True,0.5,4.0,0.0,True,eligible
1132336932467376128,2024,1132336935080574976,12,16,1,1,1,2qb,0,True,1.0,6.0,1.5,False,not_1qb;non_redraft_or_idp;te_premium
1132352337374461952,2024,1132352337374461953,12,18,1,1,1,2qb,0,True,1.0,4.0,0.0,False,not_1qb;non_redraft_or_idp
1132361370156236800,2024,1132361370156236801,12,15,1,0,1,ppr,0,True,1.0,6.0,0.0,True,eligible
1132365904819474432,2024,1132365906065125376,12,15,1,0,1,ppr,0,True,1.0,4.0,0.0,True,eligible
1132382920624300032,2024,1132382921723297792,12,18,1,1,1,2qb,0,True,1.0,4.0,0.5,False,not_1qb;non_redraft_or_idp;te_premium
1132455747310305280,2024,1132455748124172288,12,21,1,1,1,dynasty_2qb,0,True,1.0,6.0,0.0,False,not_1qb;non_redraft_or_idp
1132509019891007488,2024,1132509020926980096,12,15,1,0,1,ppr,0,True,1.0,4.0,0.0,True,eligible
1132518803407163392,2024,1132517822271377408,12,15,1,0,1,ppr,0,True,1.0,4.0,0.0,True,eligible
1132542381888430080,2024,1132542383347974144,12,14,1,0,1,ppr,0,True,1.0,4.0,0.0,True,eligible
1132571426927644672,2024,1132571428122935296,12,42,1,1,2,idp,0,True,1.0,6.0,1.0,False,not_1qb;non_redraft_or_idp;te_premium
1132829812243968000,2024,1132829814370709504,12,18,1,1,1,2qb,0,True,1.0,5.0,1.0,False,not_1qb;non_redraft_or_idp;te_premium
1132840484109422592,2024,1132840485028106240,12,19,1,0,1,ppr,0,True,1.0,6.0,1.0,False,te_premium
1132852342958788608,2024,1132852344133144576,12,15,1,0,1,ppr,0,True,1.0,4.0,0.0,True,eligible
1132910287796961280,2024,1132910288661000192,12,16,1,0,1,idp,0,True,1.0,4.0,0.0,False,non_redraft_or_idp
1132933304463847424,2024,1132933305139089408,12,13,1,0,1,ppr,0,True,1.0,4.0,0.0,True,eligible
1133138239696715776,2024,1133138240619499520,12,14,1,0,1,ppr,0,True,1.0,6.0,0.0,True,eligible
1133153346707255296,2024,1133151331163852800,12,15,1,0,1,ppr,0,True,1.0,4.0,0.0,True,eligible
1133166198994198528,2024,1133154318506500096,12,15,1,0,1,ppr,0,True,1.0,4.0,0.0,True,eligible
1133175845629067264,2024,1133174748160159744,12,15,1,0,1,ppr,0,True,1.0,4.0,0.0,True,eligible
1133184116599648256,2024,1133184118549786624,12,16,1,0,1,ppr,0,True,1.0,4.0,0.0,True,eligible
1133219551736496128,2024,1133219553028370432,12,15,1,0,1,ppr,0,True,1.0,4.0,0.0,True,eligible
1108492344938049536,2024,1133226500721037312,12,15,1,0,1,ppr,0,True,1.0,6.0,0.0,True,eligible
1133250263550214144,2024,1133250265756536832,12,18,1,1,1,2qb,0,True,1.0,5.0,1.0,False,not_1qb;non_redraft_or_idp;te_premium
1133258334624264192,2024,1133258335467384832,12,16,1,0,1,ppr,0,True,1.0,6.0,0.0,True,eligible
1133480953273483264,2024,1133480954116517888,12,16,1,1,1,2qb,0,True,1.0,6.0,0.0,False,not_1qb;non_redraft_or_idp
1133480999171575808,2024,1133481000023040000,12,16,1,1,1,2qb,0,True,1.0,6.0,0.0,False,not_1qb;non_redraft_or_idp
1133481645602095104,2024,1133481646231093248,12,16,1,1,1,2qb,0,True,1.0,6.0,0.0,False,not_1qb;non_redraft_or_idp
1133487444927774720,2024,1133487445766590464,12,15,1,0,1,half_ppr,0,True,0.5,6.0,0.0,True,eligible
1133494402174918656,2024,1133494403177361408,12,16,1,1,1,2qb,0,True,1.0,6.0,0.0,False,not_1qb;non_redraft_or_idp
1133499475122606080,2024,1133499476074807296,12,15,1,0,1,ppr,0,True,1.0,4.0,0.0,True,eligible
1133563878048309248,2024,1133563879268749312,12,15,1,0,1,ppr,0,True,1.0,4.0,0.0,True,eligible
1133603326295228416,2024,1133603328547893248,12,19,1,0,1,ppr,0,True,1.0,6.0,0.5,False,te_premium
1124843763609403392,2024,1133605923530420224,12,26,1,0,1,dynasty_ppr,0,True,1.0,4.0,0.0,False,non_redraft_or_idp
1133611707064426496,2024,1133611708196528128,12,15,1,0,1,ppr,0,True,1.0,4.0,0.0,True,eligible
1133624638636060672,2024,1133624639579807744,12,15,1,0,1,ppr,0,True,1.0,6.0,0.0,True,eligible
1133659304155885568,2024,1133659305464659968,12,15,1,0,1,ppr,0,True,1.0,6.0,0.0,True,eligible
1049900256026771456,2024,1133661484082589696,12,7,1,0,1,dynasty_half_ppr,0,True,0.5,6.0,0.0,False,short_draft;non_redraft_or_idp
1133854141937311744,2024,1133854143010983936,12,15,1,0,1,ppr,0,True,1.0,4.0,0.0,True,eligible
1133877243647852544,2024,1133877245585690624,12,16,1,0,1,ppr,0,True,1.0,4.0,0.0,True,eligible
1134121711324041216,2024,1134121712473427968,12,38,1,1,1,idp,0,True,1.0,6.0,1.0,False,not_1qb;non_redraft_or_idp;te_premium
1134149200981241856,2024,1134149202877063168,12,15,1,0,1,ppr,0,True,1.0,4.0,0.0,True,eligible
1134247188923604992,2024,1134247189649473536,12,15,1,0,1,ppr,0,True,1.0,5.0,0.25,False,te_premium
1134251860090720256,2024,1134251861856374784,12,16,1,0,1,ppr,0,True,1.0,4.0,0.0,True,eligible
1134276410534903808,2024,1134276412195680256,12,18,1,1,1,2qb,0,True,1.0,5.0,1.0,False,not_1qb;non_redraft_or_idp;te_premium
1134300354339819520,2024,1134300355317223424,12,12,1,0,1,ppr,0,True,1.0,4.0,0.0,True,eligible
1134327452148928512,2024,1134327452945522688,12,16,1,0,1,ppr,0,True,1.0,4.0,0.0,True,eligible
1134331047233069056,2024,1134331047959048192,12,15,1,0,1,ppr,0,True,1.0,6.0,0.0,True,eligible
1124813511965290496,2024,1134336096290385920,12,15,1,0,1,ppr,0,True,1.0,4.0,0.0,True,eligible
1134423703972036608,2024,1134425360013164544,12,15,1,0,1,ppr,0,True,1.0,4.0,0.0,True,eligible
1134637283228966912,2024,1134637285091201024,12,29,1,1,1,dynasty_2qb,0,True,1.0,6.0,0.0,False,not_1qb;non_redraft_or_idp
1134687284718112768,2024,1134687286039552000,12,25,1,1,1,dynasty_2qb,0,True,1.0,4.0,0.0,False,not_1qb;non_redraft_or_idp
1134736090901938176,2024,1134736091627601920,12,15,1,0,1,ppr,0,True,1.0,4.0,0.0,True,eligible
1134900893977104384,2024,1134900895088652288,12,15,1,0,1,ppr,0,True,1.0,4.0,0.0,True,eligible
1134931105796526080,2024,1134931107209768960,12,16,1,1,1,2qb,0,True,1.0,6.0,0.5,False,not_1qb;non_redraft_or_idp;te_premium
1134964929913729024,2024,1134964930484133888,12,16,1,0,1,ppr,0,True,1.0,4.0,0.0,True,eligible
1135002515935764480,2024,1135002517403860992,12,20,1,1,1,dynasty_2qb,0,True,1.0,6.0,0.0,False,not_1qb;non_redraft_or_idp
1135075235423969280,2024,1135075236602343424,12,15,1,0,1,ppr,0,True,1.0,6.0,0.5,False,te_premium
1135132421885693952,2024,1135131362484416512,12,17,1,1,1,2qb,0,True,1.0,4.0,0.0,False,not_1qb;non_redraft_or_idp
1135252593808187392,2024,1135252594680578048,12,17,1,1,1,2qb,0,True,1.0,4.0,0.75,False,not_1qb;non_redraft_or_idp;te_premium
1135289746202357760,2024,1135289747842301952,12,14,1,0,1,ppr,0,True,1.0,4.0,0.0,True,eligible
1135310768754475008,2024,1135310769400332288,12,15,1,0,1,ppr,0,True,1.0,4.0,0.0,True,eligible
1135315231573540864,2024,1135315232483815424,12,15,1,0,1,half_ppr,0,True,0.5,4.0,0.0,True,eligible
1135342117204844544,2024,1135340975641219072,12,15,1,0,1,ppr,0,True,1.0,4.0,0.0,True,eligible
1135370603630084096,2024,1135370604686987264,12,15,1,1,1,2qb,0,True,1.0,6.0,0.5,False,not_1qb;non_redraft_or_idp;te_premium
1135386716073947136,2024,1135386716803833856,12,15,1,0,1,ppr,0,True,1.0,4.0,0.0,True,eligible
1133879440041222144,2024,1135499077002952704,12,15,1,1,1,2qb,0,True,0.5,4.0,0.0,False,not_1qb;non_redraft_or_idp
1135612742632636416,2024,1135612744348372992,12,17,1,0,1,ppr,0,True,1.0,4.0,0.0,True,eligible
1135622948946714625,2024,1135622948946714626,12,14,1,0,1,half_ppr,0,True,0.5,6.0,0.0,True,eligible
1135622957331128321,2024,1135622957331128322,12,14,1,0,1,half_ppr,0,True,0.5,6.0,0.0,True,eligible
1135622965430329344,2024,1135622965430329345,12,14,1,0,1,half_ppr,0,True,0.5,6.0,0.0,True,eligible
1135622974787821568,2024,1135622974787821569,12,14,1,0,1,half_ppr,0,True,0.5,6.0,0.0,True,eligible
1135622980223639554,2024,1135622980223639555,12,14,1,0,1,half_ppr,0,True,0.5,6.0,0.0,True,eligible
1135635580458848256,2024,1135635581889060864,12,18,1,1,1,2qb,0,True,1.0,5.0,1.0,False,not_1qb;non_redraft_or_idp;te_premium
1135660751693561856,2024,1135660753127800832,12,14,1,0,1,ppr,0,True,1.0,4.0,0.0,True,eligible
1135685666198880256,2024,1135685667784167424,12,16,1,1,1,2qb,0,True,1.0,5.0,0.0,False,not_1qb;non_redraft_or_idp
1135693540119769088,2024,1135693542648705024,12,18,1,1,1,2qb,0,True,1.0,5.0,1.0,False,not_1qb;non_redraft_or_idp;te_premium
1135720030953795584,2024,1135720032593666048,12,16,1,1,1,2qb,0,True,1.0,6.0,0.5,False,not_1qb;non_redraft_or_idp;te_premium
1135743773704200192,2024,1135743773704200193,12,14,1,0,1,half_ppr,0,True,0.5,6.0,0.0,True,eligible
1135743773871972352,2024,1135743773871972353,12,14,1,0,1,half_ppr,0,True,0.5,6.0,0.0,True,eligible
1135743774886993920,2024,1135743774886993921,12,14,1,0,1,half_ppr,0,True,0.5,6.0,0.0,True,eligible
1133976118480175104,2024,1135797168872611840,12,15,1,0,1,ppr,0,True,1.0,4.0,0.0,True,eligible
1129960906617704448,2024,1135815649235857408,12,17,1,0,1,ppr,0,True,1.0,4.0,0.0,True,eligible
1114965955395944448,2024,1135944980478009344,12,10,1,1,2,idp,0,False,0.0,4.0,0.5,False,incomplete_board;not_1qb;short_draft;non_redraft_or_idp;te_premium
1135985379183190016,2024,1135985379183190017,12,14,1,0,1,half_ppr,0,True,0.5,6.0,0.0,True,eligible
1135985391552192513,2024,1135985391552192514,12,14,1,0,1,half_ppr,0,True,0.5,6.0,0.0,True,eligible
1136019298281000960,2024,1136019299711426560,12,15,1,0,1,ppr,0,True,1.0,4.0,0.0,True,eligible
1136021724727832576,2024,1136021726090936320,12,25,1,1,2,dynasty_2qb,0,True,1.0,4.0,0.25,False,not_1qb;non_redraft_or_idp;te_premium
1136030738505216000,2024,1136030739780739072,12,15,1,0,1,ppr,0,True,1.0,4.0,0.0,True,eligible
1136084522849918976,2024,1136084523793793024,12,16,1,0,1,ppr,0,True,1.0,4.0,0.0,True,eligible
1136093625508761600,2024,1136093627047952384,12,15,1,0,1,ppr,0,True,1.0,4.0,0.0,True,eligible
1136106200132255745,2024,1136106200136450048,12,14,1,0,1,half_ppr,0,True,0.5,6.0,0.0,True,eligible
1136118840909750272,2024,1136118842386464768,12,14,1,0,1,half_ppr,0,True,0.5,4.0,0.0,True,eligible
1136119221286776832,2024,1136119222423957504,12,24,1,1,1,dynasty_2qb,0,True,1.0,6.0,1.0,False,not_1qb;non_redraft_or_idp;te_premium
1136134452667478016,2024,1136134453459726336,12,15,1,0,1,ppr,0,True,1.0,4.0,0.0,True,eligible
1136157798829948928,2024,1136157799874682880,12,15,1,0,1,half_ppr,0,True,0.5,4.0,0.0,True,eligible
1136171614464708608,2024,1136169791670657024,12,15,1,0,1,ppr,0,True,1.0,4.0,0.0,True,eligible
1136270400964505600,2024,1136270403544051712,12,18,1,0,1,half_ppr,0,True,0.5,4.0,0.0,True,eligible
1136319793168039936,2024,1136319797039423488,12,20,1,0,1,ppr,0,True,1.0,4.0,0.0,True,eligible
1136344587209170944,2024,1136344588048007168,12,15,1,0,1,ppr,0,True,1.0,4.0,0.0,True,eligible
1136347796639592448,2024,1136347796639592449,12,14,1,0,1,half_ppr,0,True,0.5,6.0,0.0,True,eligible
1136368609347047424,2024,1136368610630569984,12,24,1,1,1,dynasty_2qb,0,True,0.5,6.0,0.0,False,not_1qb;non_redraft_or_idp
1136400261255274496,2024,1136398777042616320,12,15,1,0,1,ppr,0,True,1.0,4.0,0.0,True,eligible
1136413244056449024,2024,1136409830472200192,12,15,1,0,1,ppr,0,True,1.0,4.0,0.0,True,eligible
1136432908266319872,2024,1136432909692428288,12,14,1,1,1,2qb,0,True,1.0,6.0,0.5,False,not_1qb;non_redraft_or_idp;te_premium
1136468604955414528,2024,1136468604955414529,12,14,1,0,1,half_ppr,0,True,0.5,6.0,0.0,True,eligible
1136468609942441984,2024,1136468609942441985,12,14,1,0,1,half_ppr,0,True,0.5,6.0,0.0,True,eligible
1136468617555103744,2024,1136468617555103745,12,14,1,0,1,half_ppr,0,True,0.5,6.0,0.0,True,eligible
1136468620281401344,2024,1136468620281401345,12,14,1,0,1,half_ppr,0,True,0.5,6.0,0.0,True,eligible
1136468622055591937,2024,1136468622055591938,12,14,1,0,1,half_ppr,0,True,0.5,6.0,0.0,True,eligible
1136487712200241152,2024,1136487714339414016,12,16,1,0,1,ppr,0,True,1.0,4.0,0.0,True,eligible
1076221520827064320,2024,1136492419207933952,12,17,1,1,1,2qb,0,True,1.0,4.0,0.0,False,not_1qb;non_redraft_or_idp
1136493348598218752,2024,1136493349479362560,12,15,1,0,1,ppr,0,True,1.0,6.0,1.0,False,te_premium
1124830694850179072,2024,1136493362465103872,12,14,1,0,1,half_ppr,0,True,0.5,6.0,0.0,True,eligible
1136497938261479424,2024,1136497939516067840,12,19,1,1,1,2qb,0,True,1.0,4.0,0.0,False,not_1qb;non_redraft_or_idp
1136504217965367296,2024,1136504219432828928,12,14,1,0,1,ppr,0,True,1.0,6.0,0.0,True,eligible
1136539890747043840,2024,1136539891699027968,12,15,1,0,1,ppr,0,True,1.0,4.0,0.0,True,eligible
1136563367801532416,2024,1136563369105915904,12,14,1,0,1,ppr,0,True,1.0,4.0,0.0,True,eligible
1136686015176949760,2024,1136686016460361728,12,17,1,0,1,ppr,0,True,1.0,4.0,0.0,True,eligible
1136746002670583808,2024,1136746003870363648,12,14,1,0,1,ppr,0,True,1.0,4.0,0.0,True,eligible
1136753011885441024,2024,1136753059813564416,12,15,1,0,1,ppr,0,True,1.0,4.0,0.0,True,eligible
1136777697792999424,2024,1136777699160137728,12,15,1,0,1,ppr,0,True,1.0,4.0,0.0,True,eligible
1136790101117325312,2024,1136790101117325313,12,20,1,1,1,2qb,0,True,1.0,6.0,0.0,False,not_1qb;non_redraft_or_idp
1136831031890956288,2024,1136831031890956289,12,14,1,0,1,half_ppr,0,True,0.5,6.0,0.0,True,eligible
1136831033166024704,2024,1136831033166024705,12,14,1,0,1,half_ppr,0,True,0.5,6.0,0.0,True,eligible
1136831037465186304,2024,1136831037465186305,12,14,1,0,1,half_ppr,0,True,0.5,6.0,0.0,True,eligible
1136831039910465536,2024,1136831039910465537,12,14,1,0,1,half_ppr,0,True,0.5,6.0,0.0,True,eligible
1136831051876814849,2024,1136831051876814850,12,14,1,0,1,half_ppr,0,True,0.5,6.0,0.0,True,eligible
1136831053609062401,2024,1136831053609062402,12,14,1,0,1,half_ppr,0,True,0.5,6.0,0.0,True,eligible
1137050900335562752,2024,1137050900335562753,12,17,1,1,1,idp,0,True,1.0,6.0,0.0,False,not_1qb;non_redraft_or_idp
1137064380656734208,2024,1137064381382246400,12,15,1,0,1,ppr,0,True,1.0,4.0,0.0,True,eligible
1137068922001346560,2024,1137068923473711104,12,25,1,0,1,dynasty_ppr,0,True,1.0,4.0,0.0,False,non_redraft_or_idp
1137072661604605952,2024,1137072661604605953,12,14,1,0,1,half_ppr,0,True,0.5,6.0,0.0,True,eligible
1137072723198545920,2024,1137072724192509952,12,14,1,0,1,ppr,0,True,1.0,4.0,0.0,True,eligible
1137088043598573568,2024,1137088044215013376,12,14,1,0,1,half_ppr,0,True,0.5,6.0,0.0,True,eligible
1137089679326797824,2024,1137089680056594432,12,17,1,0,1,ppr,0,True,1.0,4.0,0.0,True,eligible
1137098095487258624,2024,1137098096330248192,12,15,1,0,1,ppr,0,True,1.0,4.0,0.0,True,eligible
1137127516558315520,2024,1137127517892100096,12,30,1,1,1,dynasty_2qb,0,True,1.0,4.0,0.5,False,not_1qb;non_redraft_or_idp;te_premium
1133222432501968896,2024,1137142463648702464,12,29,1,1,1,dynasty_2qb,0,True,1.0,4.0,1.0,False,not_1qb;non_redraft_or_idp;te_premium
1137202317436235776,2024,1137202319260807168,12,16,1,0,1,ppr,0,True,1.0,4.0,0.0,True,eligible
1137202987652313088,2024,1137202989976109056,12,18,1,1,1,2qb,0,True,1.0,5.0,1.0,False,not_1qb;non_redraft_or_idp;te_premium
1137224309132447744,2024,1137224309942046720,12,15,1,0,1,half_ppr,0,True,0.5,4.0,0.0,True,eligible
1137295832023228416,2024,1137295833285660672,12,15,1,0,1,ppr,0,True,1.0,4.0,0.0,True,eligible
1137296408681275392,2024,1137296410480775168,12,12,1,0,1,ppr,0,True,1.0,4.0,0.0,True,eligible
1137399934829027328,2024,1137399936796106752,12,14,1,0,1,ppr,0,True,1.0,5.0,0.0,True,eligible
1137451647283757056,2024,1137451648063864832,12,15,1,0,1,ppr,0,True,1.0,4.0,0.0,True,eligible
1137466785034518528,2024,1137466786691088384,12,16,1,0,1,ppr,0,True,1.0,6.0,0.0,True,eligible
1137516640096272384,2024,1137516641048715264,12,16,1,0,1,ppr,0,True,1.0,5.0,0.0,True,eligible
1137517137478713344,2024,1137517137478713345,12,19,1,1,1,idp,0,True,1.0,6.0,0.0,False,not_1qb;non_redraft_or_idp
1137995657669836800,2024,1138003968497700864,12,40,1,1,1,idp,0,True,1.0,4.0,1.0,False,not_1qb;non_redraft_or_idp;te_premium
1140035905462358016,2024,1140035906968141824,12,14,1,0,1,ppr,0,True,1.0,4.0,0.0,True,eligible
1140070417122770944,2024,1140070418540486656,12,14,1,0,1,ppr,0,True,1.0,4.0,0.0,True,eligible
1140150007556055040,2024,1140150017702498304,12,32,1,1,2,dynasty_2qb,0,True,1.0,4.0,0.0,False,not_1qb;non_redraft_or_idp
1140348545288130560,2024,1140348546160472064,12,14,1,0,1,half_ppr,0,True,0.5,6.0,0.0,True,eligible
1140416272518438912,2024,1140416273168400384,12,15,1,0,1,ppr,0,True,1.0,4.0,0.0,True,eligible
1141177176096968704,2024,1141177177377243136,12,36,4,0,2,dynasty_2qb,0,False,1.0,6.0,0.0,False,incomplete_board;not_1qb;non_redraft_or_idp
1141453035034849280,2024,1141453038260330496,12,10,1,0,1,ppr,0,True,1.0,5.0,0.5,False,short_draft;te_premium
1141729465869979648,2024,1141729467019370496,12,27,1,1,1,dynasty_2qb,0,True,1.0,6.0,1.0,False,not_1qb;non_redraft_or_idp;te_premium
1142113450722734080,2024,1142113451683332096,12,23,1,0,1,dynasty_ppr,0,True,1.0,4.0,0.0,False,non_redraft_or_idp
1142602538563604480,2024,1142602540211892224,12,14,1,0,1,ppr,0,True,1.0,4.0,0.0,True,eligible
1142630444946853888,2024,1142630445965582336,12,22,1,0,1,ppr,0,True,1.0,4.0,0.0,True,eligible
1144306589688700928,2024,1144306590875742208,12,31,1,1,1,dynasty_2qb,0,True,1.0,4.0,0.0,False,not_1qb;non_redraft_or_idp
1145568828806733824,2024,1145568829427437568,12,16,1,0,1,ppr,0,True,1.0,6.0,0.0,True,eligible
1146154053644263424,2024,1146154054960537600,12,15,1,0,1,ppr,0,True,1.0,4.0,0.0,True,eligible
1146646893621084160,2024,1146646895335944192,12,12,1,0,1,ppr,0,True,1.0,5.0,0.5,False,te_premium
1147405814777417728,2024,1147405824210464768,12,17,2,1,1,2qb,0,True,1.0,4.0,0.0,False,not_1qb;non_redraft_or_idp
1149438986583277568,2024,1149438988554678272,12,29,1,1,1,dynasty_2qb,0,False,1.0,6.0,0.5,False,incomplete_board;not_1qb;non_redraft_or_idp;te_premium
1151670232856059904,2024,1151670233623728128,12,23,1,0,1,dynasty_ppr,0,True,1.0,4.0,0.0,False,non_redraft_or_idp
1152115544703848448,2024,1152115553495236608,12,31,1,1,1,idp,0,True,1.0,4.0,1.0,False,not_1qb;non_redraft_or_idp;te_premium
1152600990336606208,2024,1152600991867506688,12,42,1,1,1,idp,0,True,1.0,4.0,0.0,False,not_1qb;non_redraft_or_idp
1154514326011703296,2024,1154514327337218048,12,42,1,1,1,idp,0,True,1.0,4.0,0.0,False,not_1qb;non_redraft_or_idp
1155004184702414848,2024,1155004185864339456,12,42,1,1,1,idp,0,True,1.0,4.0,0.0,False,not_1qb;non_redraft_or_idp
1156677758072844288,2024,1156677759201046528,12,42,1,1,1,idp,0,True,1.0,6.0,1.0,False,not_1qb;non_redraft_or_idp;te_premium
1157156393271652352,2024,1157156394186047488,12,25,1,0,1,idp,0,True,1.0,4.0,0.0,False,non_redraft_or_idp
1159583156144693248,2024,1159583157822533632,12,26,1,1,1,dynasty_2qb,0,True,1.0,6.0,0.75,False,not_1qb;non_redraft_or_idp;te_premium
1159805169920507904,2024,1159805171405402112,12,8,1,1,1,2qb,0,True,1.0,4.0,0.5,False,not_1qb;short_draft;non_redraft_or_idp;te_premium
1161053012148752384,2024,1161053013470072832,12,35,1,1,1,idp,0,True,1.0,6.0,0.75,False,not_1qb;non_redraft_or_idp;te_premium
1161813772068253696,2024,1161813773150318592,12,8,1,1,1,2qb,0,True,1.0,4.0,0.5,False,not_1qb;short_draft;non_redraft_or_idp;te_premium
1162632190451306496,2024,1162632191457853440,12,35,1,1,1,idp,0,True,1.0,6.0,4.0,False,not_1qb;non_redraft_or_idp;te_premium
1162903878342631424,2024,1162903879399571456,12,13,1,0,1,idp,0,True,1.0,4.0,0.0,False,non_redraft_or_idp
1164778624860585984,2024,1164778625577676800,12,23,1,0,2,dynasty_ppr,0,True,1.0,4.75,0.75,False,non_redraft_or_idp;te_premium
1165865750050099200,2024,1165865770191208448,12,37,1,1,1,idp,0,True,1.0,4.0,0.0,False,not_1qb;non_redraft_or_idp
1165929479110348800,2024,1165929480423104512,12,37,1,1,1,idp,0,True,1.0,6.0,1.0,False,not_1qb;non_redraft_or_idp;te_premium
1166044186723057664,2024,1166044188094582784,12,36,1,1,1,idp,0,True,1.0,6.0,1.0,False,not_1qb;non_redraft_or_idp;te_premium
1167580903875420160,2024,1167580904508858368,12,8,1,1,1,2qb,0,True,1.0,4.0,0.5,False,not_1qb;short_draft;non_redraft_or_idp;te_premium
1168277173501960192,2024,1168277174269554688,12,24,1,0,1,dynasty_ppr,0,True,1.0,4.0,0.0,False,non_redraft_or_idp
1169826863255355392,2024,1169826864094195712,12,28,1,2,1,dynasty_2qb,0,True,1.0,6.0,0.5,False,not_1qb;non_redraft_or_idp;te_premium
1170061475214454784,2024,1170061476410007552,12,8,1,1,1,2qb,0,True,1.0,4.0,0.5,False,not_1qb;short_draft;non_redraft_or_idp;te_premium
1172040661501034496,2025,1172040662646263808,12,14,1,0,1,ppr,0,True,1.0,4.0,0.0,True,eligible
1172914587025432576,2024,1172914588015353856,12,34,1,1,1,idp,0,True,1.0,4.0,0.0,False,not_1qb;non_redraft_or_idp
1175311889150832640,2025,1175311890220122112,12,15,1,0,1,ppr,0,True,1.0,4.0,0.0,True,eligible
1175328241577439232,2024,1175328242762743808,12,37,1,1,1,idp,0,True,1.0,4.0,0.0,False,not_1qb;non_redraft_or_idp
1175937143968428032,2024,1175937144793612288,12,34,1,1,1,idp,0,True,1.0,4.0,0.0,False,not_1qb;non_redraft_or_idp
1178578280361467904,2024,1178578282126929920,12,36,1,1,1,idp,0,True,1.0,4.0,0.5,False,not_1qb;non_redraft_or_idp;te_premium
1178830762835554304,2024,1178830763684216832,12,28,1,1,1,dynasty_2qb,0,True,1.0,4.0,1.0,False,not_1qb;non_redraft_or_idp;te_premium
1179663667186814976,2024,1179663668215156736,12,8,1,1,1,2qb,0,True,1.0,4.0,0.5,False,not_1qb;short_draft;non_redraft_or_idp;te_premium
1179925021597466624,2025,1179925022263812096,12,14,1,1,1,2qb,0,True,1.0,6.0,0.0,False,not_1qb;non_redraft_or_idp
1179939154871508992,2025,1179939155773296640,12,28,1,1,1,dynasty_2qb,0,True,1.0,4.0,0.25,False,not_1qb;non_redraft_or_idp;te_premium
1180085373518540800,2025,1180085373518540801,12,15,1,0,1,ppr,0,True,1.0,4.0,0.0,True,eligible
1180091891318775808,2025,1180091891318775809,12,17,1,1,1,2qb,0,True,1.0,4.0,0.0,False,not_1qb;non_redraft_or_idp
1180176857956040704,2025,1180176857956040705,12,18,1,0,1,half_ppr,0,True,0.5,6.0,0.0,True,eligible
1180181735531196416,2025,1180181736130613248,12,30,1,1,1,dynasty_2qb,0,True,0.5,4.0,0.5,False,not_1qb;non_redraft_or_idp;te_premium
1180187464496111616,2025,1180187464500305920,12,14,1,0,1,ppr,0,True,1.0,4.0,0.0,True,eligible
1180212901359398912,2025,1180212901359398913,12,16,0,2,1,idp,0,True,0.5,6.0,1.5,False,not_1qb;non_redraft_or_idp;te_premium
1180218066603540480,2025,1180218066603540481,12,14,1,0,1,ppr,0,True,1.0,6.0,0.0,True,eligible
1180249688618426368,2025,1180249688618426369,12,22,1,1,1,2qb,0,True,1.0,5.0,2.0,False,not_1qb;non_redraft_or_idp;te_premium
1180269600029433856,2025,1180269600029433857,12,15,1,1,1,2qb,19,True,1.0,4.0,0.0,False,not_1qb;keeper_picks;non_redraft_or_idp
1180287288339877888,2025,1180287288339877889,12,18,1,1,1,2qb,0,True,1.0,4.0,0.0,False,not_1qb;non_redraft_or_idp
1180299360141840384,2025,1180299360141840385,12,17,1,0,1,ppr,24,True,1.0,6.0,0.0,False,keeper_picks
1180323523263635456,2025,1180323523263635457,12,16,1,1,1,2qb,23,True,1.0,6.0,0.0,False,not_1qb;keeper_picks;non_redraft_or_idp
1180338063341780992,2025,1180338063341780993,12,15,1,0,1,ppr,23,True,1.0,4.0,0.0,False,keeper_picks
1180342675675656192,2025,1180342675675656193,12,16,1,0,1,ppr,34,True,1.0,4.0,0.0,False,keeper_picks
1180349953615998976,2025,1180349953615998977,12,14,1,0,1,ppr,0,True,1.0,4.0,0.0,True,eligible
1180352802688610304,2025,1180352802688610305,12,15,1,0,1,ppr,0,True,1.0,4.0,0.0,True,eligible
1180384735984222208,2025,1180384735984222209,12,14,1,0,1,ppr,35,True,1.0,6.0,0.0,False,keeper_picks
1180386694263353344,2025,1180386694263353345,12,16,1,1,1,2qb,0,True,0.5,4.0,0.25,False,not_1qb;non_redraft_or_idp;te_premium
1180540677306241024,2025,1180540677306241025,12,16,1,0,1,ppr,0,True,1.0,5.0,0.0,True,eligible
1180582177188794368,2025,1180582177188794369,12,15,1,0,1,ppr,0,True,1.0,4.0,0.0,True,eligible
1180603605893885952,2025,1180603607203917824,12,20,1,1,1,idp,0,True,1.0,4.0,0.0,False,not_1qb;non_redraft_or_idp
1180631019983241216,2025,1180631019983241217,12,18,1,1,1,2qb,42,True,0.5,6.0,0.5,False,not_1qb;keeper_picks;non_redraft_or_idp;te_premium
1180721160190091264,2025,1180721160190091265,12,16,1,0,1,half_ppr,0,True,0.5,4.0,0.0,True,eligible
1180721647426113536,2025,1180721647426113537,12,15,1,0,1,ppr,22,True,1.0,4.0,0.0,False,keeper_picks
1180753909516091392,2025,1180753909516091393,12,17,1,0,1,ppr,20,True,1.0,4.0,0.0,False,keeper_picks
1180763915000430592,2025,1180763915000430593,12,15,1,0,1,half_ppr,0,True,0.5,4.0,0.0,True,eligible
1180856395825262592,2025,1180856395825262593,12,16,1,1,1,2qb,31,True,1.0,6.0,0.0,False,not_1qb;keeper_picks;non_redraft_or_idp
1180960019930697728,2025,1180960019930697729,12,18,1,0,1,half_ppr,28,True,0.5,6.0,0.0,False,keeper_picks
1180977147609554944,2025,1180977147609554945,12,14,1,0,1,ppr,0,True,1.0,6.0,0.5,False,te_premium
1181008981858201600,2025,1181008981858201601,12,18,1,0,1,ppr,0,True,1.0,6.0,0.0,True,eligible
1181018729546743808,2025,1181018729546743809,12,21,1,0,1,ppr,0,True,1.0,4.0,1.0,False,te_premium
1181114817151156224,2025,1181114817151156225,12,14,1,0,1,ppr,0,True,1.0,4.0,0.0,True,eligible
1181192936879403008,2025,1181192936879403009,12,21,1,1,1,2qb,104,True,1.0,4.5,0.0,False,not_1qb;keeper_picks;non_redraft_or_idp
1181265592086691840,2025,1181265592086691841,12,15,1,0,1,ppr,0,True,1.0,4.0,0.0,True,eligible
1181699105099624448,2025,1181699105099624449,12,15,1,0,1,ppr,0,True,1.0,4.0,0.0,True,eligible
1181719630454816768,2025,1181719631323959296,12,25,1,1,1,idp,0,True,1.0,6.0,1.0,False,not_1qb;non_redraft_or_idp;te_premium
1181719964061708288,2025,1181719964952084480,12,19,1,0,1,idp,0,True,1.0,6.0,0.0,False,non_redraft_or_idp
1181783547839418368,2025,1181783549143539712,12,23,1,0,1,dynasty_ppr,0,True,1.0,4.0,0.0,False,non_redraft_or_idp
1181935753256198144,2025,1181935753256198145,12,14,1,0,1,half_ppr,0,True,0.0,6.0,0.25,False,te_premium
1181955632658288640,2025,1181955632658288641,12,15,1,0,1,half_ppr,0,True,0.5,4.0,0.5,False,te_premium
1181998414707781632,2025,1181998414707781633,12,14,1,0,1,ppr,0,True,1.0,6.0,0.5,False,te_premium
1182025748775276544,2025,1182025748775276545,12,17,1,0,1,ppr,0,True,1.0,4.0,0.0,True,eligible
1182084480773009408,2025,1182084480773009409,12,16,1,0,1,ppr,0,True,1.0,6.0,0.5,False,te_premium
1182129724776603648,2025,1182129724776603649,12,15,1,0,1,half_ppr,0,True,0.5,6.0,0.0,True,eligible
1182522569360666624,2025,1182522569360666625,12,15,1,0,1,ppr,0,True,1.0,6.0,0.0,True,eligible
1182526480450244608,2025,1182526480450244609,12,22,1,1,1,2qb,36,True,1.0,4.0,0.0,False,not_1qb;keeper_picks;non_redraft_or_idp
1182608148094713856,2025,1182608148094713857,12,17,1,1,1,2qb,0,True,1.0,6.0,0.0,False,not_1qb;non_redraft_or_idp
1182724344299233280,2025,1182724344299233281,12,18,1,1,1,2qb,0,True,1.0,5.0,0.75,False,not_1qb;non_redraft_or_idp;te_premium
1182726247255851008,2025,1182726247255851009,12,20,1,1,1,2qb,0,True,1.0,4.0,0.0,False,not_1qb;non_redraft_or_idp
1182801501340192768,2025,1182801501340192769,12,16,1,1,1,2qb,0,True,1.0,6.0,0.0,False,not_1qb;non_redraft_or_idp
1182922330002264064,2025,1182922330002264065,12,17,1,1,1,2qb,0,True,1.0,6.0,0.5,False,not_1qb;non_redraft_or_idp;te_premium
1182994637782872064,2025,1182994637782872065,12,18,1,1,1,2qb,48,True,0.5,4.0,0.0,False,not_1qb;keeper_picks;non_redraft_or_idp
1183121000081973248,2025,1183121000081973249,12,17,1,0,1,ppr,0,True,1.0,6.0,0.0,True,eligible
1183557102131105792,2025,1183557102131105793,12,20,1,1,1,2qb,84,True,1.0,4.0,0.0,False,not_1qb;keeper_picks;non_redraft_or_idp
1184539913847881728,2025,1184539913847881729,12,14,1,0,1,ppr,0,True,1.0,4.0,0.0,True,eligible
1185325238182899712,2025,1185325238182899713,12,15,1,0,1,ppr,0,True,1.0,4.0,0.0,True,eligible
1187445661883944960,2025,1187445661883944961,12,14,1,0,1,ppr,0,True,1.0,6.0,0.5,False,te_premium
1187883277288615936,2025,1187883277288615937,12,17,1,0,1,ppr,0,True,1.0,4.0,0.0,True,eligible
1188298225987416064,2025,1188298226817626112,12,33,1,1,2,dynasty_2qb,0,True,1.0,7.0,1.0,False,not_1qb;non_redraft_or_idp;te_premium
1188723851092746240,2025,1188723851092746241,12,14,1,0,1,ppr,0,True,1.0,4.0,0.0,True,eligible
1189759253878009856,2025,1189759256566099968,12,29,1,1,1,dynasty_2qb,0,True,1.0,5.0,0.5,False,not_1qb;non_redraft_or_idp;te_premium
1191471217412796416,2025,1191552613724385280,12,18,1,0,1,ppr,33,True,1.0,6.0,0.0,False,keeper_picks
1193248987188252672,2025,1193248987188252673,12,18,1,0,1,ppr,0,True,1.0,6.0,0.0,True,eligible
1196800651988840448,2025,1197566301044740096,12,8,1,1,1,idp,0,True,1.0,6.0,1.5,False,not_1qb;short_draft;non_redraft_or_idp;te_premium
1197577963256684544,2025,1197577963269263360,12,15,1,0,1,ppr,0,True,1.0,4.0,0.0,True,eligible
1197664192774025216,2025,1197664192786599936,12,15,1,1,1,2qb,15,True,1.0,4.0,0.5,False,not_1qb;keeper_picks;non_redraft_or_idp;te_premium
1198132256204402688,2025,1198132256208596992,12,17,1,0,1,ppr,24,True,1.0,4.0,0.0,False,keeper_picks
1199479477021712384,2025,1199479477034287104,12,18,1,0,1,half_ppr,0,True,0.5,6.0,0.0,True,eligible
1200870076408926208,2025,1200870076417310720,12,16,1,0,1,ppr,24,True,1.0,4.0,0.0,False,keeper_picks
1201606621847900160,2025,1201606621860462592,12,14,1,0,1,ppr,0,True,1.0,6.0,0.0,True,eligible
1186212312586489856,2025,1201789899523502080,12,5,1,0,1,dynasty_ppr,0,True,1.0,4.0,0.0,False,short_draft;non_redraft_or_idp
1202041572170932224,2025,1202041573282435073,12,28,1,1,1,dynasty_2qb,0,True,0.5,4.0,0.5,False,not_1qb;non_redraft_or_idp;te_premium
1203217078530605056,2025,1203217079293968384,12,26,1,1,1,dynasty_2qb,0,True,1.0,4.0,0.0,False,not_1qb;non_redraft_or_idp
1206691013280661504,2025,1206691013293248512,12,18,1,1,1,2qb,0,True,1.0,6.0,0.0,False,not_1qb;non_redraft_or_idp
1207077092617883648,2025,1207077092630474752,12,18,1,0,1,ppr,0,True,1.0,6.0,0.1,False,te_premium
1207544974485233664,2025,1207544974502002688,12,17,1,1,1,2qb,10,True,1.0,5.0,0.5,False,not_1qb;keeper_picks;non_redraft_or_idp;te_premium
1207835222779891712,2025,1207835222788288512,12,16,1,0,1,ppr,0,True,1.0,8.0,0.5,False,te_premium
1210848761144684544,2025,1210848762126155776,12,23,1,0,1,dynasty_ppr,0,True,1.0,5.0,0.0,False,non_redraft_or_idp
1208919186156306432,2025,1211766418853343232,12,3,1,1,1,idp,0,True,1.0,6.0,1.0,False,not_1qb;short_draft;non_redraft_or_idp;te_premium
1213872627085484032,2025,1213872627098066944,12,11,1,0,1,ppr,0,True,1.0,6.0,1.0,False,short_draft;te_premium
1214170193358508032,2025,1214170193366876160,12,30,1,1,1,idp,60,True,1.0,5.0,0.0,False,not_1qb;keeper_picks;non_redraft_or_idp
1214350248298684416,2025,1214350249691185152,12,24,2,0,1,dynasty_2qb,0,True,1.0,4.0,0.0,False,not_1qb;non_redraft_or_idp
1215495264417091586,2025,1215495264429678594,12,17,1,0,1,ppr,0,True,1.0,6.0,0.0,True,eligible
1213504059244281856,2025,1216172777216688128,12,4,1,1,1,idp,0,True,0.25,4.5,1.0,False,not_1qb;short_draft;non_redraft_or_idp;te_premium
1216372652084576256,2025,1216372652868894720,12,30,1,0,1,idp,0,True,1.0,4.0,0.5,False,non_redraft_or_idp;te_premium
1216824045538918400,2025,1216824046721703936,12,18,1,1,1,2qb,0,True,1.0,6.0,1.0,False,not_1qb;non_redraft_or_idp;te_premium
1217507790055014400,2025,1217507791711764480,12,31,0,14,0,idp,0,True,1.0,4.0,0.0,False,not_1qb;no_required_te;non_redraft_or_idp
1220891263780270080,2025,1220891263792840704,12,20,1,1,1,2qb,0,True,1.0,6.0,0.0,False,not_1qb;non_redraft_or_idp
1215668133805699072,2025,1220894485211262976,12,5,1,0,1,dynasty_ppr,0,True,1.0,6.0,0.3,False,short_draft;non_redraft_or_idp;te_premium
1221092291171581952,2025,1221092293289721856,12,18,1,1,1,2qb,0,True,1.0,4.0,0.0,False,not_1qb;non_redraft_or_idp
1221272063755431937,2025,1221272063772200960,12,16,1,0,1,ppr,0,True,1.0,6.0,0.5,False,te_premium
1221272587166814208,2025,1221272587179397120,12,16,1,0,1,ppr,0,True,1.0,6.0,0.5,False,te_premium
1221293336162205696,2025,1221293337143681024,12,16,1,0,1,ppr,0,True,1.0,4.0,0.0,True,eligible
1221524911827206144,2025,1221524912775122944,12,25,1,1,1,dynasty_2qb,0,True,0.0,4.0,1.5,False,not_1qb;non_redraft_or_idp;te_premium
1221626818876936192,2025,1221626818893729792,12,18,1,1,1,2qb,0,True,1.0,6.0,0.5,False,not_1qb;non_redraft_or_idp;te_premium
1222262419414323200,2025,1222262419426910208,12,14,1,0,0,half_ppr,0,True,0.5,4.0,0.0,False,no_required_te
1222292658303545344,2025,1222292659096256512,12,20,1,0,1,ppr,0,True,1.0,4.0,0.5,False,te_premium
1206029073571135488,2025,1222689667879550976,12,5,1,1,1,dynasty_2qb,0,True,1.0,6.0,1.0,False,not_1qb;short_draft;non_redraft_or_idp;te_premium
1222818676172926976,2025,1222818676181307392,12,14,1,0,1,ppr,0,True,1.0,4.0,0.0,True,eligible
1207590694445662208,2025,1222924061554778112,12,7,1,1,2,idp,0,True,1.0,6.0,0.0,False,not_1qb;short_draft;non_redraft_or_idp
1178095135328272384,2025,1223007847621591040,12,4,1,0,0,dynasty_ppr,0,True,1.0,6.0,1.0,False,no_required_te;short_draft;non_redraft_or_idp;te_premium
1223483519204855808,2025,1223483519213240320,12,18,1,1,1,2qb,0,True,1.0,5.0,1.0,False,not_1qb;non_redraft_or_idp;te_premium
1223483618093961216,2025,1223483618098155520,12,18,1,1,1,2qb,0,True,1.0,5.0,1.0,False,not_1qb;non_redraft_or_idp;te_premium
1223497215222239232,2025,1223497216233046016,12,18,1,0,1,dynasty_ppr,0,True,1.0,4.0,0.0,False,non_redraft_or_idp
1223675657041481728,2025,1223675657788084224,12,14,1,0,1,std,0,True,0.0,4.0,0.75,False,te_premium
1224200399943114752,2025,1224200399947309056,12,19,1,1,2,idp,0,True,1.0,6.0,0.0,False,not_1qb;non_redraft_or_idp
1224202852855988224,2025,1224202854105878529,12,22,1,0,1,dynasty_ppr,0,True,1.0,4.0,0.0,False,non_redraft_or_idp
1224515999974293504,2025,1224516000955777024,12,23,1,0,1,dynasty_ppr,0,True,1.0,4.0,0.0,False,non_redraft_or_idp
1224550728731725824,2025,1224550728744325120,12,13,1,0,1,ppr,0,True,1.0,5.0,0.5,False,te_premium
1224808090994483200,2025,1224808092038868992,12,15,1,0,1,ppr,0,True,1.0,4.0,0.0,True,eligible
1225022482231083008,2025,1225022484491816960,12,29,1,1,2,dynasty_2qb,0,True,1.0,4.0,0.0,False,not_1qb;non_redraft_or_idp
1225114120685105152,2025,1225114120714457088,12,20,2,0,1,idp,0,True,1.0,5.0,0.5,False,not_1qb;non_redraft_or_idp;te_premium
1225521797353447424,2025,1225588936064122880,12,5,2,0,1,dynasty_2qb,0,True,0.5,6.0,1.0,False,not_1qb;short_draft;non_redraft_or_idp;te_premium
1225591014090092544,2025,1225592516946960385,12,34,1,1,1,idp,0,True,1.0,4.0,0.0,False,not_1qb;non_redraft_or_idp
1225902202476830720,2025,1225902203311489024,12,33,1,1,1,dynasty_2qb,0,False,0.5,6.0,0.5,False,incomplete_board;not_1qb;non_redraft_or_idp;te_premium
1225952697354563584,2025,1225952697971118080,12,24,1,0,1,dynasty_ppr,0,True,1.0,4.0,0.0,False,non_redraft_or_idp
1226736380785201152,2025,1226736381649244160,12,16,1,1,1,2qb,0,True,1.0,6.0,0.0,False,not_1qb;non_redraft_or_idp
1226751770751942656,2025,1226751771435618304,12,16,1,1,1,2qb,0,True,1.0,4.0,0.0,False,not_1qb;non_redraft_or_idp
1226752864076976128,2025,1226752864748056576,12,15,1,0,1,ppr,0,True,1.0,4.0,0.0,True,eligible
1226756232799330304,2025,1226756233394929664,12,16,1,1,1,2qb,0,True,1.0,4.0,0.0,False,not_1qb;non_redraft_or_idp
1180751324885504000,2025,1226762318658945024,12,19,1,1,1,idp,0,True,1.0,4.0,0.5,False,not_1qb;non_redraft_or_idp;te_premium
1226919764442492928,2025,1226919764450873344,12,15,1,0,1,half_ppr,0,True,0.5,6.0,0.0,True,eligible
1227012907213008896,2025,1227012907221397504,12,17,1,0,1,half_ppr,0,True,0.5,4.0,0.0,True,eligible
1227095520304963585,2025,1227095520313356288,12,15,1,0,1,half_ppr,0,True,0.5,4.0,0.0,True,eligible
1227957301747396608,2025,1227957301755793408,12,16,1,0,1,ppr,0,True,1.0,4.0,0.0,True,eligible
1228219045656924160,2025,1228219045665325056,12,14,1,0,1,ppr,12,True,1.0,6.0,0.0,False,keeper_picks
1228393210485682176,2025,1228393210489872384,12,14,1,0,1,ppr,0,True,1.0,4.0,0.0,True,eligible
1228506173464903680,2025,1228506174165368832,12,14,1,0,1,half_ppr,0,True,0.5,4.0,0.0,True,eligible
1228531603341324288,2025,1228531604561854464,12,28,1,0,1,dynasty_half_ppr,0,True,0.5,4.0,0.0,False,non_redraft_or_idp
1228770980692762624,2025,1228770982009769984,12,22,1,1,1,dynasty_2qb,0,True,1.0,4.0,0.0,False,not_1qb;non_redraft_or_idp
1228893755541573632,2025,1228893757600960512,12,17,1,0,1,ppr,0,True,1.0,6.0,1.0,False,te_premium
1229342355643969536,2025,1229342355656556544,12,14,1,0,1,half_ppr,0,True,0.5,4.0,0.0,True,eligible
1229815528445464576,2025,1229815528458027008,12,14,1,0,1,half_ppr,0,True,0.5,4.0,0.0,True,eligible
1229818111570489344,2025,1229818111578869760,12,14,1,0,1,half_ppr,0,True,0.5,4.0,0.0,True,eligible
1229839110311514112,2025,1229839110319898624,12,14,1,0,1,half_ppr,0,True,0.5,4.0,0.0,True,eligible
1229870730829627392,2025,1229870731991453696,12,23,1,1,1,dynasty_2qb,0,True,1.0,4.0,0.0,False,not_1qb;non_redraft_or_idp
1230179577179951104,2025,1230179578031374336,12,17,1,1,1,dynasty_2qb,0,True,1.0,4.0,0.0,False,not_1qb;non_redraft_or_idp
1230389009180524544,2025,1230389010317193216,12,24,1,0,1,dynasty_ppr,0,True,1.0,5.0,0.0,False,non_redraft_or_idp
1230597065151610881,2025,1230597065155817472,12,15,1,0,1,ppr,0,True,1.0,4.0,0.0,True,eligible
1230974671441117184,2025,1230974672208662528,12,23,1,0,1,dynasty_ppr,0,True,1.0,4.0,0.0,False,non_redraft_or_idp
1231434684320186368,2025,1231434692700409856,12,22,1,1,1,2qb,0,True,1.0,4.0,0.0,False,not_1qb;non_redraft_or_idp
1231545432329420800,2025,1231545432337821696,12,16,1,0,1,ppr,0,True,1.0,6.0,0.5,False,te_premium
1232016987152986112,2025,1232016988516139008,12,13,1,1,1,2qb,0,True,1.0,6.0,0.0,False,not_1qb;non_redraft_or_idp
1232186809325199360,2025,1232186810449276928,12,14,1,1,1,2qb,0,True,0.5,6.0,0.0,False,not_1qb;non_redraft_or_idp
1232282996090867712,2025,1232282997667930112,12,22,1,0,1,dynasty_ppr,0,True,1.0,4.0,0.0,False,non_redraft_or_idp
1232430965058437120,2025,1232430968522952705,12,30,1,1,1,idp,0,True,1.0,4.0,0.5,False,not_1qb;non_redraft_or_idp;te_premium
1232560827941269504,2025,1232560827953852416,12,15,1,0,1,std,0,True,0.0,4.0,0.0,True,eligible
1232705773109264384,2025,1232705774501765120,12,18,1,0,1,dynasty_ppr,0,True,1.0,4.0,0.0,False,non_redraft_or_idp
1232711487856844800,2025,1232711489467469824,12,15,1,0,1,half_ppr,0,True,0.5,4.0,0.0,True,eligible
1233171610240815104,2025,1233171613545943040,12,27,1,1,1,dynasty_2qb,0,True,1.0,6.0,0.5,False,not_1qb;non_redraft_or_idp;te_premium
1233556907860434944,2025,1233556909290692608,12,24,1,1,1,dynasty_2qb,0,True,1.0,4.0,0.5,False,not_1qb;non_redraft_or_idp;te_premium
1233954652731478016,2025,1233954652739866624,12,17,1,1,1,2qb,0,True,1.0,6.0,0.0,False,not_1qb;non_redraft_or_idp
1233980940762492928,2025,1233980941555204096,12,25,1,1,1,dynasty_2qb,0,True,1.0,4.0,0.0,False,not_1qb;non_redraft_or_idp
1234332868977631232,2025,1234332870382731264,12,28,1,1,1,dynasty_2qb,0,True,1.0,4.0,0.0,False,not_1qb;non_redraft_or_idp
1234656315704356867,2025,1234656317499518976,12,17,1,1,1,2qb,0,True,1.0,5.0,0.5,False,not_1qb;non_redraft_or_idp;te_premium
1234697269626814464,2025,1234697271199666176,12,17,1,1,1,2qb,0,True,1.0,4.0,0.5,False,not_1qb;non_redraft_or_idp;te_premium
1235346860688818176,2025,1235346860705579008,12,15,1,0,1,ppr,0,True,1.0,4.0,0.0,True,eligible
1235367072679067648,2025,1235367073455017984,12,14,1,0,1,ppr,0,True,1.0,4.0,0.0,True,eligible
1235415277882068992,2025,1235415278548942848,12,16,1,1,1,2qb,0,True,1.0,6.0,0.0,False,not_1qb;non_redraft_or_idp
1235583657247248384,2025,1235583657251446784,12,18,1,0,1,ppr,0,True,1.0,4.0,0.0,True,eligible
1235705342818525184,2025,1235705345372856321,12,16,1,0,1,half_ppr,0,True,0.5,4.0,0.0,True,eligible
1235807764287078400,2025,1235807765079789568,12,25,1,1,1,dynasty_2qb,0,True,1.0,6.0,1.0,False,not_1qb;non_redraft_or_idp;te_premium
1236154656246218752,2025,1236154657714225152,12,14,1,0,1,ppr,0,True,1.0,4.0,0.0,True,eligible
1236154674722131968,2025,1236154675925893120,12,17,1,0,1,ppr,0,True,1.0,6.0,0.5,False,te_premium
1236355188701282304,2025,1236355189548519424,12,29,1,1,1,dynasty_2qb,0,True,1.0,4.0,0.0,False,not_1qb;non_redraft_or_idp
1236537268647251968,2025,1236537268655640576,12,15,1,0,1,half_ppr,0,True,0.5,4.0,0.0,True,eligible
1236816704332365824,2025,1236816706697961472,12,30,1,1,1,dynasty_2qb,0,True,1.0,6.0,1.0,False,not_1qb;non_redraft_or_idp;te_premium
1237119789541900288,2025,1237119789550284800,12,16,1,0,1,ppr,0,True,1.0,4.0,0.25,False,te_premium
1237470331694755840,2025,1237470331698954240,12,16,1,0,1,ppr,0,True,1.0,6.0,0.5,False,te_premium
1237639714022887424,2025,1237639715302146048,12,35,1,1,1,idp,0,True,1.0,4.0,1.5,False,not_1qb;non_redraft_or_idp;te_premium
1237957935921905664,2025,1237957940627910656,12,19,1,1,1,2qb,0,True,1.0,6.0,0.5,False,not_1qb;non_redraft_or_idp;te_premium
1237995153147297792,2025,1237995153155694592,12,15,1,0,1,ppr,0,True,1.0,6.0,0.0,True,eligible
1238002563320651776,2025,1238002564373417984,12,25,1,1,1,dynasty_2qb,0,True,1.0,6.0,1.0,False,not_1qb;non_redraft_or_idp;te_premium
1238174835230646272,2025,1238174836518293504,12,18,1,1,1,2qb,0,True,1.0,6.0,0.5,False,not_1qb;non_redraft_or_idp;te_premium
1238280410836770816,2025,1238280410849349632,12,17,1,0,1,ppr,0,True,1.0,6.0,0.0,True,eligible
1238307728309374976,2025,1238307728313552896,12,13,1,0,1,half_ppr,11,True,0.5,4.0,0.0,False,keeper_picks
1238365631405899776,2025,1238365631410098176,12,15,1,0,1,ppr,0,True,1.0,6.0,0.0,True,eligible
1238519895654666240,2025,1238519896749395968,12,19,1,1,1,2qb,0,True,1.0,6.0,0.5,False,not_1qb;non_redraft_or_idp;te_premium
1239002676503523328,2025,1239002676507717632,12,16,1,0,1,ppr,0,True,1.0,4.0,0.0,True,eligible
1239028927305883648,2025,1239028928178294784,12,14,1,0,1,ppr,0,True,1.0,4.0,0.5,False,te_premium
1239079436683333632,2025,1239079439699021824,12,26,1,1,1,dynasty_2qb,0,True,1.0,6.0,1.0,False,not_1qb;non_redraft_or_idp;te_premium
1239087691375591424,2025,1239087692428353536,12,16,1,1,1,2qb,0,True,1.0,6.0,0.0,False,not_1qb;non_redraft_or_idp
1239250029156257792,2025,1239250030473265152,12,18,1,0,1,ppr,0,True,2.0,6.0,1.0,False,te_premium
1239329710337433600,2025,1239329712627519488,12,15,1,0,1,ppr,0,True,1.0,4.0,0.0,True,eligible
1239429586077372416,2025,1239429587872526336,12,15,1,0,1,ppr,0,True,1.0,4.0,0.0,True,eligible
1239770604811333632,2025,1239770605893451776,12,16,1,1,1,2qb,0,True,1.0,6.0,0.0,False,not_1qb;non_redraft_or_idp
1239835708215009280,2025,1239865142720614400,12,5,1,1,1,dynasty_2qb,0,True,1.0,6.0,0.5,False,not_1qb;short_draft;non_redraft_or_idp;te_premium
1240005557373390848,2025,1240005557385973760,12,18,1,1,1,2qb,0,True,1.0,6.0,0.5,False,not_1qb;non_redraft_or_idp;te_premium
1240028575512399872,2025,1240028575520796672,12,15,1,0,1,ppr,0,True,1.0,4.0,0.5,False,te_premium
1240170883952152576,2025,1240170884849737728,12,15,1,0,1,ppr,0,True,1.0,4.0,0.0,True,eligible
1240801120788426752,2025,1240801120800997376,12,16,1,1,1,2qb,36,True,1.0,6.0,0.5,False,not_1qb;keeper_picks;non_redraft_or_idp;te_premium
1240899886317051904,2025,1240899888040923136,12,15,1,0,1,ppr,0,True,1.0,4.0,0.5,False,te_premium
1240990039819681792,2025,1240990040893440000,12,24,2,0,1,dynasty_2qb,0,True,1.0,4.0,0.0,False,not_1qb;non_redraft_or_idp
1241033910607941632,2025,1241033911228706816,12,19,1,0,1,dynasty_ppr,0,False,1.0,4.0,0.0,False,incomplete_board;non_redraft_or_idp
1241157422861524992,2025,1241157429849227264,12,26,1,0,2,dynasty_ppr,0,True,1.0,6.0,0.0,False,non_redraft_or_idp
1241205329983713280,2025,1241205331430748160,12,25,1,1,1,dynasty_2qb,0,True,1.0,4.0,0.0,False,not_1qb;non_redraft_or_idp
1241400152237813760,2025,1241400153718403072,12,22,1,1,1,dynasty_2qb,0,True,1.0,4.0,0.0,False,not_1qb;non_redraft_or_idp
1241577445040082944,2025,1241577446399016960,12,18,1,1,1,2qb,0,True,1.0,6.0,0.0,False,not_1qb;non_redraft_or_idp
1241641379860316160,2025,1241641381915529216,12,18,1,1,1,2qb,0,True,1.0,6.0,0.75,False,not_1qb;non_redraft_or_idp;te_premium
1241724268421599232,2025,1241724269457588224,12,24,1,1,1,dynasty_2qb,0,True,1.0,4.0,0.0,False,not_1qb;non_redraft_or_idp
1241763044330061824,2025,1241763044338450432,12,18,1,1,1,2qb,0,True,1.0,5.0,0.5,False,not_1qb;non_redraft_or_idp;te_premium
1241836148184068096,2025,1241836149043900416,12,25,1,1,1,dynasty_2qb,0,True,1.0,4.0,0.5,False,not_1qb;non_redraft_or_idp;te_premium
1242131704974409728,2025,1242131704982810624,12,16,1,0,1,ppr,0,True,1.0,6.0,0.5,False,te_premium
1242209797328084992,2025,1242209798066294784,12,20,2,0,1,dynasty_2qb,0,True,0.5,4.0,0.0,False,not_1qb;non_redraft_or_idp
1242674439858946048,2025,1242674441708634112,12,23,1,1,1,dynasty_2qb,0,True,1.0,6.0,1.0,False,not_1qb;non_redraft_or_idp;te_premium
1242883365510586368,2025,1242883366315905024,12,16,1,0,1,ppr,0,True,1.0,4.0,0.0,True,eligible
1242884748037066752,2025,1242884748049649664,12,14,1,1,1,2qb,0,True,1.0,4.0,0.0,False,not_1qb;non_redraft_or_idp
1243347843566018560,2025,1243377372267298816,12,5,1,1,1,dynasty_2qb,0,True,1.5,6.0,1.0,False,not_1qb;short_draft;non_redraft_or_idp;te_premium
1243639637902106624,2025,1243639638757748736,12,15,1,0,1,ppr,0,True,1.0,4.0,0.0,True,eligible
1243748048589295616,2025,1243748048597700608,12,16,1,0,1,ppr,0,True,1.0,4.0,0.0,True,eligible
1243754468525211649,2025,1243754470609784832,12,17,1,0,1,ppr,0,True,1.0,6.0,0.5,False,te_premium
1244057678079078400,2025,1244057678980841472,12,24,1,1,1,dynasty_2qb,0,True,1.0,6.0,1.0,False,not_1qb;non_redraft_or_idp;te_premium
1244066384359473152,2025,1244066386003628032,12,41,1,0,1,idp,0,True,1.0,6.0,0.0,False,non_redraft_or_idp
1244176641916149760,2025,1244176642914398208,12,19,1,1,1,2qb,0,True,1.0,6.0,0.5,False,not_1qb;non_redraft_or_idp;te_premium
1244398599933014016,2025,1244398599941390336,12,13,1,0,1,ppr,0,True,1.0,6.0,0.0,True,eligible
1244421933672435712,2025,1244421933676646400,12,16,1,0,1,half_ppr,0,True,0.5,4.0,1.0,False,te_premium
1241569411597336576,2025,1244472770809565184,12,5,2,0,2,dynasty_2qb,0,True,1.0,4.0,1.0,False,not_1qb;short_draft;non_redraft_or_idp;te_premium
1244806264202985472,2025,1244806265859756032,12,18,1,1,1,2qb,0,True,1.0,6.0,0.5,False,not_1qb;non_redraft_or_idp;te_premium
1245126789680865280,2025,1245126791689940992,12,23,1,0,1,dynasty_ppr,0,True,1000.0,900.0,5000.0,False,non_redraft_or_idp;te_premium
1245156528701321216,2025,1245156529884110848,12,24,1,0,1,dynasty_ppr,0,True,1.0,4.0,0.0,False,non_redraft_or_idp
1241587039560802304,2025,1245162246527520768,12,18,1,1,1,2qb,0,True,1.0,4.0,0.0,False,not_1qb;non_redraft_or_idp
1245452267671265280,2025,1245452267683856384,12,15,1,0,1,ppr,0,True,1.0,6.0,0.0,True,eligible
1245452930237083648,2025,1245452930249658368,12,17,1,1,1,2qb,0,True,1.0,6.0,0.5,False,not_1qb;non_redraft_or_idp;te_premium
1245493551500886016,2025,1245493551513489408,12,16,1,1,1,2qb,0,True,1.0,4.0,0.5,False,not_1qb;non_redraft_or_idp;te_premium
1245793446401163264,2025,1245793447256805376,12,15,1,0,1,half_ppr,0,True,0.5,4.0,0.0,True,eligible
1246094324949590016,2025,1246094326220472320,12,33,1,1,2,idp,0,True,1.0,4.0,0.0,False,not_1qb;non_redraft_or_idp
1246202738451173376,2025,1246202739415846912,12,26,1,0,1,dynasty_ppr,0,True,1.0,4.0,0.5,False,non_redraft_or_idp;te_premium
1246217875992084480,2025,1246217876730294272,12,28,1,1,1,idp,0,True,1.0,6.0,1.0,False,not_1qb;non_redraft_or_idp;te_premium
1246247385663815680,2025,1246247386573983744,12,15,1,0,1,ppr,0,True,1.0,6.0,0.0,True,eligible
1246520803386724352,2025,1246520804540153856,12,20,0,1,0,half_ppr,0,True,0.5,4.0,0.0,False,not_1qb;no_required_te
1246545490984587264,2025,1246545492272234496,12,20,0,1,0,2qb,0,True,0.5,4.0,0.0,False,not_1qb;no_required_te;non_redraft_or_idp
1246548069533626368,2025,1246548070720622592,12,20,0,1,0,half_ppr,0,True,0.5,4.0,0.0,False,not_1qb;no_required_te
1246589962241974272,2025,1246589962246160384,12,16,1,0,1,ppr,0,True,1.0,4.0,0.0,True,eligible
1246633078160375808,2025,1246633078168768512,12,16,1,1,0,2qb,22,True,0.5,4.0,0.0,False,not_1qb;no_required_te;keeper_picks;non_redraft_or_idp
1246661124552658944,2025,1246670552215605248,12,29,1,1,1,dynasty_2qb,0,True,0.0,6.0,1.0,False,not_1qb;non_redraft_or_idp;te_premium
1246924825734152192,2025,1246924825742561280,12,17,1,0,1,half_ppr,31,True,0.5,4.0,0.0,False,keeper_picks
1246933719562850304,2025,1246933723522281472,12,24,1,1,1,dynasty_2qb,0,True,1.0,4.0,0.0,False,not_1qb;non_redraft_or_idp
1247297595584294912,2025,1247297596699967488,12,20,0,1,0,half_ppr,0,True,0.5,4.0,0.0,False,not_1qb;no_required_te
1247318401840336896,2025,1247318401844531200,12,15,1,0,1,ppr,0,True,1.0,4.0,0.0,True,eligible
1201347167181094912,2025,1247353020304347136,12,7,0,0,0,idp,0,True,1.0,4.0,0.0,False,not_1qb;no_required_te;short_draft;non_redraft_or_idp
1247556836219949056,2025,1247556837427920896,12,14,1,0,1,half_ppr,0,True,0.5,4.0,0.0,True,eligible
1247629463181594624,2025,1247629465568165888,12,17,1,0,1,ppr,0,True,1.0,6.0,0.5,False,te_premium
1247665506295496704,2025,1247665510070366208,12,17,1,0,1,idp,0,False,1.0,8.0,1.0,False,incomplete_board;non_redraft_or_idp;te_premium
1247681511851827200,2025,1247681511860224000,12,15,1,0,1,ppr,0,True,1.0,4.0,0.0,True,eligible
1247701055186153472,2025,1247701055198732288,12,16,1,1,1,2qb,0,True,1.0,6.0,0.5,False,not_1qb;non_redraft_or_idp;te_premium
1247760320164790272,2025,1247760320177381377,12,15,1,0,1,ppr,0,True,1.0,4.0,0.0,True,eligible
1247791607835533312,2025,1247791609177710592,12,19,1,1,1,2qb,0,True,1.0,6.0,0.5,False,not_1qb;non_redraft_or_idp;te_premium
1247794064078671872,2025,1247794064091267073,12,16,1,0,1,ppr,0,True,1.0,4.0,0.0,True,eligible
1248306431195619328,2025,1248306432143536128,12,32,1,1,2,idp,0,True,1.0,4.0,0.0,False,not_1qb;non_redraft_or_idp
1242946999272095744,2025,1248362047062691840,12,28,1,1,1,dynasty_2qb,0,True,1.0,6.0,0.5,False,not_1qb;non_redraft_or_idp;te_premium
1248386293021282304,2025,1248386294229237760,12,18,1,0,1,dynasty_ppr,0,True,1.0,4.0,0.0,False,non_redraft_or_idp
1248434716277747712,2025,1248434717225648128,12,15,1,0,1,half_ppr,0,True,0.5,4.0,0.0,True,eligible
1232573302166274048,2025,1248486885118980096,12,15,1,0,1,ppr,0,True,1.0,4.0,0.0,True,eligible
1248522011626455040,2025,1248522011634835456,12,17,1,0,1,ppr,0,True,1.0,6.0,0.0,True,eligible
1248670463278718976,2025,1248670463287111680,12,16,1,0,1,ppr,0,True,1.0,6.0,0.0,True,eligible
1248691629439602688,2025,1248691632484651008,12,15,1,0,1,ppr,0,True,1.0,4.0,0.0,True,eligible
1248705418666967040,2025,1248705418675355648,12,17,1,1,1,2qb,0,True,1.0,6.0,0.5,False,not_1qb;non_redraft_or_idp;te_premium
1248836225385631745,2025,1248836225394032640,12,15,1,0,1,ppr,0,True,1.0,6.0,0.0,True,eligible
1249178970096672768,2025,1249178970100871168,12,15,1,0,1,ppr,0,True,1.0,4.0,0.0,True,eligible
1249224620997881856,2025,1249224621010452480,12,16,1,0,1,ppr,0,True,1.0,4.0,0.0,True,eligible
1234561992216297472,2025,1249408318561058816,12,5,1,1,1,idp,0,True,1.0,4.0,0.0,False,not_1qb;short_draft;non_redraft_or_idp
1249542809308889088,2025,1249542809325686785,12,16,1,1,1,2qb,0,True,0.5,4.0,0.0,False,not_1qb;non_redraft_or_idp
1249609803727118336,2025,1249609803735498752,12,15,1,0,1,ppr,0,True,1.0,6.0,0.0,True,eligible
1249847702049538049,2025,1249847703655952384,12,16,1,1,1,2qb,0,True,1.0,6.0,0.5,False,not_1qb;non_redraft_or_idp;te_premium
1249993177562099712,2025,1249993178484842496,12,15,1,0,1,ppr,0,True,1.0,4.0,0.0,True,eligible
1250035220128731136,2025,1250035221982617600,12,34,1,1,1,idp,0,True,1.0,6.0,1.0,False,not_1qb;non_redraft_or_idp;te_premium
1250094777924329472,2025,1250094782600986624,12,20,0,0,0,idp,0,True,0.0,0.0,0.0,False,not_1qb;no_required_te;non_redraft_or_idp
1250115589012205568,2025,1250115589028974592,12,17,1,0,1,ppr,12,True,1.0,6.0,0.0,False,keeper_picks
1250115762761236480,2025,1250115762765451264,12,16,1,0,1,ppr,12,True,1.0,6.0,0.0,False,keeper_picks
1250143720372703232,2025,1250143722943827968,12,15,1,0,1,ppr,0,True,1.0,4.0,0.0,True,eligible
1250225869692092416,2025,1250225869700481024,12,15,1,0,1,ppr,0,True,1.0,4.0,0.0,True,eligible
1250228582215593984,2025,1250228583444525056,12,15,1,0,1,ppr,0,True,1.0,6.0,1.5,False,te_premium
1250244493211344896,2025,1250244494889070592,12,20,1,0,2,ppr,0,True,1.0,5.0,1.5,False,te_premium
1250322736350244864,2025,1250322738866823168,12,15,1,1,1,2qb,0,True,1.0,4.0,0.0,False,not_1qb;non_redraft_or_idp
1250322896287440896,2025,1250322899986829312,12,15,1,1,1,2qb,0,True,1.0,4.0,0.0,False,not_1qb;non_redraft_or_idp
1250330511021191168,2025,1250330512275288064,12,15,1,0,1,ppr,0,True,1.0,4.0,0.0,True,eligible
1250472171122216960,2025,1250472172103663616,12,34,1,1,1,idp,0,True,100.0,400.0,200.0,False,not_1qb;non_redraft_or_idp;te_premium
1250493680851107840,2025,1250493680863690752,12,16,1,0,1,ppr,0,True,1.0,4.0,0.0,True,eligible
1250540185205080064,2025,1250540185217667072,12,16,1,1,1,2qb,0,True,0.5,4.0,0.0,False,not_1qb;non_redraft_or_idp
1250557034949001216,2025,1250557034961575936,12,15,1,0,1,ppr,0,True,1.0,6.0,0.0,True,eligible
1250563195702083584,2025,1250563197098807296,12,14,1,0,0,half_ppr,0,True,0.5,4.0,0.0,False,no_required_te
1250622430922149888,2025,1250622430938931200,12,20,1,0,1,idp,0,True,1.0,4.0,0.0,False,non_redraft_or_idp
1250638948141629440,2025,1250638950947618816,12,16,1,0,1,ppr,0,True,1.0,6.0,0.0,True,eligible
1250656426557181952,2025,1250656427408629760,12,16,1,1,1,2qb,0,True,1.0,6.0,0.0,False,not_1qb;non_redraft_or_idp
1201230041963298816,2025,1250755931529039872,12,20,1,0,1,dynasty_ppr,0,True,1.0,4.0,0.0,False,non_redraft_or_idp
1250923399346130944,2025,1250923399358722048,12,33,1,1,1,idp,0,True,1.0,6.0,0.5,False,not_1qb;non_redraft_or_idp;te_premium
1250971757666369536,2025,1250971758803046400,12,19,1,1,1,2qb,0,True,1.0,6.0,0.5,False,not_1qb;non_redraft_or_idp;te_premium
1250996794771394560,2025,1250996796629467136,12,22,1,1,1,dynasty_2qb,0,True,1.0,6.0,1.0,False,not_1qb;non_redraft_or_idp;te_premium
1251017831248560128,2025,1251017832259399680,12,18,1,1,1,2qb,0,True,1.0,6.0,0.5,False,not_1qb;non_redraft_or_idp;te_premium
1251142885558976512,2025,1251142885567373312,12,16,1,0,1,half_ppr,0,True,0.5,6.0,0.5,False,te_premium
1251554630916128768,2025,1251554630924505088,12,16,1,0,1,half_ppr,0,True,0.5,4.0,0.0,True,eligible
1251559913000284160,2025,1251559913008660480,12,16,1,0,1,half_ppr,0,True,0.5,4.0,0.0,True,eligible
1251575220054003712,2025,1251575220058206208,12,16,1,0,1,ppr,0,True,1.0,4.0,0.0,True,eligible
1251584190063845376,2025,1251584254425444352,12,25,1,0,1,idp,0,True,1.0,6.0,0.0,False,non_redraft_or_idp
1251702942629634048,2025,1251702942638030848,12,16,1,0,1,ppr,0,True,1.0,4.0,0.0,True,eligible
1251716663154331648,2025,1251716663166894080,12,16,1,0,1,ppr,0,True,1.0,4.0,0.0,True,eligible
1251741933236129792,2025,1251741933248708608,12,15,1,0,1,ppr,0,True,1.0,5.0,0.0,True,eligible
1251782137833586688,2025,1251805338009612288,12,16,1,0,1,ppr,0,True,1.0,4.0,0.0,True,eligible
1252001819773644800,2025,1252001819786235904,12,14,1,0,1,ppr,0,True,1.0,4.0,0.0,True,eligible
1252035903103184896,2025,1252035903115763712,12,12,1,0,1,ppr,0,True,1.0,4.0,0.0,True,eligible
1252070516102012928,2025,1252070516110397440,12,15,1,1,1,2qb,0,True,1.0,4.0,0.75,False,not_1qb;non_redraft_or_idp;te_premium
1252087704963776513,2025,1252087706440192000,12,33,1,1,2,idp,0,True,1.0,6.0,0.5,False,not_1qb;non_redraft_or_idp;te_premium
1252136495129571328,2025,1252136496601780224,12,22,1,1,1,2qb,0,True,1.0,5.0,0.5,False,not_1qb;non_redraft_or_idp;te_premium
1252284667042725888,2025,1252284667051134976,12,13,1,0,1,half_ppr,0,True,0.5,4.0,0.0,True,eligible
1252469849691529217,2025,1252469849699930112,12,15,1,0,1,ppr,0,True,1.0,4.0,0.0,True,eligible
1252470572835667968,2025,1252470574442086400,12,18,1,1,1,2qb,0,True,1.0,6.0,0.0,False,not_1qb;non_redraft_or_idp
1252688007538941952,2025,1252688007547342848,12,17,1,1,1,2qb,0,True,1.0,4.0,0.0,False,not_1qb;non_redraft_or_idp
1252699608451141634,2025,1252699610170806272,12,15,1,0,1,ppr,0,True,1.0,4.0,0.0,True,eligible
1252726648734765056,2025,1252726648743153664,12,18,1,1,1,2qb,24,True,1.0,4.0,0.0,False,not_1qb;keeper_picks;non_redraft_or_idp
1252726976536391680,2025,1252726976544772096,12,14,1,0,1,ppr,0,True,1.0,6.0,0.0,True,eligible
1252740526029930496,2025,1252740526034137088,12,16,1,0,1,half_ppr,0,True,0.5,6.0,0.0,True,eligible
1252793189429940224,2025,1252793189446725632,12,13,1,0,1,ppr,0,True,1.0,6.0,0.0,True,eligible
1252795463447363584,2025,1252795463455735808,12,15,1,1,1,2qb,0,True,0.5,6.0,0.0,False,not_1qb;non_redraft_or_idp
1252850245818142720,2025,1252850246539563008,12,22,1,1,1,dynasty_2qb,0,True,1.0,6.0,1.0,False,not_1qb;non_redraft_or_idp;te_premium
1253001055621349376,2025,1253001055629742080,12,15,1,0,1,ppr,0,True,1.0,4.0,0.0,True,eligible
1253056103772585984,2025,1253056105945255936,12,17,1,1,1,2qb,0,True,1.0,4.0,0.0,False,not_1qb;non_redraft_or_idp
1253070394760380416,2025,1253070394772963328,12,15,1,0,1,ppr,0,True,1.0,4.0,0.0,True,eligible
1253085795011534848,2025,1253085795019927552,12,15,1,0,1,ppr,0,True,1.0,4.0,0.0,True,eligible
1253092764896219136,2025,1253092764904595456,12,15,1,0,1,ppr,0,True,1.0,6.0,0.0,True,eligible
1253124993672286208,2025,1253124994485993472,12,15,1,1,1,2qb,0,True,1.0,4.0,1.0,False,not_1qb;non_redraft_or_idp;te_premium
1253158099670290432,2025,1253158099678674944,12,17,1,0,1,half_ppr,0,True,0.0,6.0,0.01,False,te_premium
1253188692340645888,2025,1253188692349038592,12,15,1,0,1,ppr,0,True,1.0,4.0,0.0,True,eligible
1253212566188998656,2025,1253212566193184768,12,14,1,0,1,ppr,0,True,1.0,4.0,0.0,True,eligible
1253226316753285120,2025,1253226316765863936,12,16,1,1,1,2qb,0,True,1.0,6.0,0.0,False,not_1qb;non_redraft_or_idp
1253307071097475072,2025,1253307072448040960,12,15,1,0,1,ppr,0,True,1.0,6.0,0.0,True,eligible
1253416613395300352,2025,1253416613403688960,12,18,1,1,1,2qb,0,True,0.5,4.0,0.0,False,not_1qb;non_redraft_or_idp
1253445571830616064,2025,1253445571843211264,12,14,1,0,1,ppr,0,True,1.0,6.0,0.0,True,eligible
1253461896187617280,2025,1253461897043255296,12,31,1,1,2,idp,0,True,1.0,4.0,0.0,False,not_1qb;non_redraft_or_idp
1253497198851674112,2025,1253497198860050432,12,15,1,0,1,ppr,0,True,1.0,4.0,0.0,True,eligible
1253506343172587520,2025,1253506344305049600,12,15,1,0,1,ppr,0,True,1.0,4.0,0.0,True,eligible
1253547247770013696,2025,1253547249716170752,12,16,1,0,1,ppr,0,True,1.0,4.0,0.0,True,eligible
1253550533021544448,2025,1253550535928193024,12,14,1,0,1,half_ppr,0,True,0.5,4.0,0.0,True,eligible
1180749421939232768,2025,1253606500853616640,12,19,1,1,1,2qb,0,True,1.0,6.0,0.5,False,not_1qb;non_redraft_or_idp;te_premium
1253757243204046848,2025,1253757243212451840,12,15,1,0,1,ppr,0,True,1.0,4.0,0.0,True,eligible
1253902218608771072,2025,1253902224032006144,12,17,1,1,1,2qb,0,True,1.0,6.0,0.5,False,not_1qb;non_redraft_or_idp;te_premium
1253915115284078592,2025,1253915116156497921,12,15,1,0,1,half_ppr,0,True,0.5,4.0,0.0,True,eligible
1254077347682865152,2025,1254077347695443968,12,16,1,0,1,ppr,0,True,1.0,4.0,0.0,True,eligible
1254127790718988288,2025,1254127790727368704,12,14,1,1,1,2qb,21,True,1.0,4.0,0.0,False,not_1qb;keeper_picks;non_redraft_or_idp
1254171790440140800,2025,1254171792579244032,12,26,1,0,1,idp,0,True,1.0,4.0,0.0,False,non_redraft_or_idp
1254191915151147008,2025,1254191915155345408,12,14,1,0,1,half_ppr,0,True,0.5,6.0,0.5,False,te_premium
1254195472361328640,2025,1254195472369717248,12,16,1,0,1,half_ppr,0,True,0.5,4.0,0.0,True,eligible
1254255310638432257,2025,1254255310642610176,12,16,1,0,1,ppr,0,True,1.0,6.0,0.0,True,eligible
1254272750827098112,2025,1254272751535935488,12,15,1,0,1,half_ppr,0,True,0.5,4.0,0.0,True,eligible
1254314712091336704,2025,1254314715455164416,12,22,1,1,2,dynasty_2qb,0,True,1.0,5.0,0.75,False,not_1qb;non_redraft_or_idp;te_premium
1254470351568510976,2025,1254470351597867008,12,14,1,0,1,ppr,0,True,1.0,4.0,0.0,True,eligible
1254536889927467008,2025,1254536889935872000,12,16,1,0,1,ppr,0,True,1.0,4.0,0.0,True,eligible
1254579024311615488,2025,1254579025590882304,12,15,1,0,1,ppr,0,True,1.0,4.0,0.0,True,eligible
1254592658110693376,2025,1254588859753189376,12,15,1,0,1,ppr,0,True,1.0,4.0,0.0,True,eligible
1254604641203662848,2025,1254604641207848960,12,16,1,0,1,ppr,0,True,1.0,4.0,0.0,True,eligible
1254666476367904769,2025,1254666477882064896,12,16,1,1,1,2qb,0,True,1.0,6.0,0.5,False,not_1qb;non_redraft_or_idp;te_premium
1254688187775729664,2025,1254688190636244992,12,17,1,0,1,ppr,0,True,1.0,4.0,0.0,True,eligible
1254881327912603648,2025,1254881331888795648,12,15,1,0,1,ppr,0,True,1.0,4.0,0.0,True,eligible
1254890720792162304,2025,1254890720800550912,12,15,1,0,1,ppr,0,True,1.0,4.0,0.0,True,eligible
1254928154359762944,2025,1254928156213653504,12,15,1,0,1,ppr,0,True,1.0,4.0,0.0,True,eligible
1254942810029686784,2025,1254942818539945984,12,15,1,0,1,ppr,0,True,1.0,4.0,0.0,True,eligible
1254951990933331968,2025,1254951990941720576,12,16,1,1,1,2qb,0,True,1.0,6.0,0.0,False,not_1qb;non_redraft_or_idp
1255030142430879744,2025,1255030145232674816,12,15,1,0,1,ppr,0,True,1.0,4.0,0.0,True,eligible
1255036424130936833,2025,1255036429315084288,12,17,1,1,1,2qb,0,True,1.0,6.0,0.5,False,not_1qb;non_redraft_or_idp;te_premium
1255040363647737856,2025,1255040364570488832,12,16,1,0,1,ppr,0,True,1.0,6.0,0.0,True,eligible
1255056049296134144,2025,1255056049308708864,12,15,1,0,1,ppr,0,True,1.0,4.0,0.0,True,eligible
1255208584719912960,2025,1255208585797832704,12,26,1,1,1,dynasty_2qb,0,True,1.0,6.0,0.0,False,not_1qb;non_redraft_or_idp
1255286154899496960,2025,1255286159764901889,12,19,1,0,1,ppr,0,True,1.0,4.0,0.0,True,eligible
1255286216937459712,2025,1255286216945840128,12,21,1,1,1,2qb,0,True,1.0,6.0,0.0,False,not_1qb;non_redraft_or_idp
1255324151602757632,2025,1255324151611142144,12,17,1,0,1,half_ppr,19,True,0.5,4.0,0.0,False,keeper_picks
1255340639399194624,2025,1255340639411777536,12,16,1,0,1,ppr,0,True,1.0,5.0,0.0,True,eligible
1255347364063870976,2025,1255347364072259584,12,16,1,0,1,half_ppr,0,True,0.5,4.0,0.0,True,eligible
1255372362631618560,2025,1255372363537588224,12,15,1,0,1,ppr,0,True,1.0,4.0,0.0,True,eligible
1255550674322587648,2025,1255550685567524864,12,15,1,0,1,ppr,0,True,1.0,4.0,0.0,True,eligible
1255577330185670656,2025,1255577330198257664,12,16,1,0,1,ppr,0,True,1.0,4.0,0.0,True,eligible
1255628788083982336,2025,1255628789296136192,12,18,1,0,1,ppr,0,True,1.0,4.0,0.0,True,eligible
1255675954982825984,2025,1255675955003785216,12,18,1,0,1,ppr,0,True,1.0,6.0,0.0,True,eligible
1255721291416080384,2025,1255721291428675585,12,15,1,0,1,ppr,0,True,1.0,4.0,0.0,True,eligible
1255733889448546305,2025,1255733891977715712,12,17,1,1,1,2qb,0,True,0.5,4.0,1.0,False,not_1qb;non_redraft_or_idp;te_premium
1255736385877323776,2025,1255736385889910784,12,16,1,0,1,ppr,12,True,1.0,4.0,0.0,False,keeper_picks
1255768991889113088,2025,1255768991910072320,12,12,1,0,1,ppr,0,True,1.0,4.0,0.0,True,eligible
1255811685847941120,2025,1255811687534039040,12,18,1,0,1,ppr,0,True,1.0,4.0,0.0,True,eligible
1255915842093187072,2025,1255915842101579776,12,15,1,0,1,ppr,0,True,1.0,4.0,0.0,True,eligible
1256000824916590592,2025,1256000824920788992,12,18,1,1,1,2qb,0,True,1.0,6.0,0.5,False,not_1qb;non_redraft_or_idp;te_premium
1256030256599420928,2025,1256030258293907456,12,15,1,0,1,ppr,0,True,1.0,4.0,0.0,True,eligible
1256052280231211008,2025,1256052280243785728,12,17,1,1,1,2qb,0,True,1.0,6.0,0.0,False,not_1qb;non_redraft_or_idp
1256071761250762754,2025,1256071763444383745,12,22,1,1,1,dynasty_2qb,0,True,1.0,6.0,0.0,False,not_1qb;non_redraft_or_idp
1256193156089659392,2025,1256193157570252800,12,13,1,0,1,half_ppr,0,True,0.5,4.0,0.0,True,eligible
1256196478062309376,2025,1256196479576449024,12,13,1,0,1,half_ppr,0,True,0.5,4.0,0.0,True,eligible
1256270978355306496,2025,1256270979206750208,12,22,1,1,1,dynasty_2qb,0,True,1.0,4.0,0.0,False,not_1qb;non_redraft_or_idp
1256317446285959168,2025,1256317448693485568,12,23,1,0,1,dynasty_half_ppr,0,True,0.5,6.0,0.0,False,non_redraft_or_idp
1256455104937074688,2025,1256455104949661696,12,15,1,0,1,ppr,0,True,1.0,4.0,0.0,True,eligible
1256469326861443072,2025,1256469326874021888,12,15,1,0,1,half_ppr,0,True,0.5,4.0,0.0,True,eligible
1256671801790967808,2025,1256671803539984384,12,13,1,0,1,ppr,0,True,1.0,6.0,0.0,True,eligible
1256692286863986688,2025,1256692286876561408,12,15,1,0,1,ppr,0,True,1.0,4.0,0.0,True,eligible
1256695201930420224,2025,1256695201942999040,12,16,1,0,1,ppr,0,True,1.0,4.0,0.0,True,eligible
1256745446764707840,2025,1256745446768914432,12,14,1,0,1,half_ppr,0,True,0.5,4.0,0.0,True,eligible
1256750381745061888,2025,1256750383401807872,12,15,1,0,1,ppr,0,True,1.0,4.0,0.0,True,eligible
1256786732913786880,2025,1256786734222426112,12,19,1,1,1,2qb,0,True,1.0,6.0,0.5,False,not_1qb;non_redraft_or_idp;te_premium
1256849387087220736,2025,1256849390736261120,12,18,1,1,1,2qb,0,True,1.0,4.0,0.75,False,not_1qb;non_redraft_or_idp;te_premium
1256955598449160192,2025,1256955598461739008,12,16,1,1,1,2qb,0,True,1.0,5.0,0.0,False,not_1qb;non_redraft_or_idp
1257056848477958144,2025,1257056848477958145,12,16,1,0,1,ppr,0,True,1.0,4.0,0.0,True,eligible
1257070226445447168,2025,1257070226445447169,12,14,1,0,1,half_ppr,0,True,0.5,4.0,0.0,True,eligible
1257072616594751488,2025,1257072618532511744,12,15,1,0,1,ppr,0,True,1.0,4.0,0.0,True,eligible
1257086544246738944,2025,1257086544246738945,12,14,1,0,1,ppr,0,True,1.0,4.0,0.0,True,eligible
1257087607649599488,2025,1257087607649599489,12,14,1,1,1,2qb,0,True,0.5,4.0,0.0,False,not_1qb;non_redraft_or_idp
1257100950376566784,2025,1257100950376566785,12,15,1,0,1,ppr,0,True,1.0,4.0,0.0,True,eligible
1257102127273103360,2025,1257102127273103361,12,15,1,1,1,2qb,0,True,1.0,4.0,0.0,False,not_1qb;non_redraft_or_idp
1257117536583962626,2025,1257117536583962627,12,16,1,0,1,ppr,4,True,1.0,4.0,0.0,False,keeper_picks
1257118634296217600,2025,1257118634296217601,12,14,1,0,1,ppr,0,True,1.0,4.0,0.0,True,eligible
1257120131490791424,2025,1257120131494985728,12,15,1,0,1,std,0,True,0.0,4.0,0.0,True,eligible
1257120184309645312,2025,1257120184309645313,12,15,1,0,1,half_ppr,0,True,0.5,6.0,0.0,True,eligible
1257131958358523904,2025,1257131958371110912,12,16,1,0,1,half_ppr,0,True,0.5,4.0,0.0,True,eligible
1257150381994020864,2025,1257150382006607872,12,15,1,0,1,ppr,0,True,1.0,4.0,0.0,True,eligible
1257187579174854656,2025,1257187579183247360,12,14,1,0,1,ppr,0,True,1.0,4.0,2.0,False,te_premium
1257294345199960064,2025,1257294348052086784,12,20,1,1,1,dynasty_2qb,0,True,1.0,4.0,0.0,False,not_1qb;non_redraft_or_idp
1257313741133852672,2025,1257313741150629888,12,16,1,1,1,2qb,0,True,0.5,6.0,0.5,False,not_1qb;non_redraft_or_idp;te_premium
1257381939543810048,2025,1257381941582241792,12,15,1,0,1,ppr,0,True,1.0,4.0,0.0,True,eligible
1257417125165809664,2025,1257417125165809665,12,15,1,1,1,2qb,0,True,0.5,6.0,0.0,False,not_1qb;non_redraft_or_idp
1257418048457945088,2025,1257418048457945089,12,17,1,0,1,ppr,0,True,1.0,6.0,0.0,True,eligible
1257426523179196416,2025,1257426524882083840,12,17,1,1,1,dynasty_2qb,0,True,1.0,4.0,0.0,False,not_1qb;non_redraft_or_idp
1257433436545626112,2025,1257433436545626113,12,14,1,0,1,half_ppr,0,True,0.5,6.0,0.0,True,eligible
1257434081877049344,2025,1257434081877049345,12,15,1,0,1,ppr,0,True,1.0,4.0,0.0,True,eligible
1257435551213039616,2025,1257435551213039617,12,16,1,0,1,ppr,0,True,1.0,6.0,0.0,True,eligible
1257448050318643200,2025,1257448050318643201,12,16,1,0,1,ppr,0,True,1.0,4.0,0.0,True,eligible
1257448469900042240,2025,1257448469900042241,12,15,1,0,1,ppr,0,True,1.0,4.0,0.0,True,eligible
1257449316881014784,2025,1257449316881014785,12,13,1,1,1,2qb,0,True,1.0,6.0,0.0,False,not_1qb;non_redraft_or_idp
1257462907696840704,2025,1257462907696840705,12,15,1,0,1,ppr,0,True,1.0,4.0,0.0,True,eligible
1257463649820229632,2025,1257463649820229633,12,16,1,0,1,ppr,0,True,1.0,4.0,0.0,True,eligible
1257463936261828608,2025,1257463936261828609,12,14,1,0,1,ppr,0,True,1.0,4.0,0.0,True,eligible
1257465237796298752,2025,1257465237796298753,12,15,1,0,1,ppr,0,True,1.0,4.0,0.0,True,eligible
1257465402628259840,2025,1257465402628259841,12,17,1,1,1,2qb,0,True,0.5,4.0,0.5,False,not_1qb;non_redraft_or_idp;te_premium
1257465461579194368,2025,1257465461579194369,12,15,1,0,1,ppr,0,True,1.0,4.0,0.0,True,eligible
1257477580366286848,2025,1257477580366286849,12,15,1,0,1,ppr,0,True,1.0,4.0,0.0,True,eligible
1257477586762608640,2025,1257477586762608641,12,15,1,0,1,half_ppr,0,True,0.5,6.0,0.0,True,eligible
1257478506896441344,2025,1257478506896441345,12,15,1,0,1,ppr,0,True,1.0,4.0,0.0,True,eligible
1257479055108743168,2025,1257479055108743169,12,14,1,0,1,ppr,0,True,1.0,4.0,0.0,True,eligible
1257479528008138753,2025,1257479528008138754,12,15,1,0,1,ppr,0,True,1.0,6.0,0.0,True,eligible
1257480163717812224,2025,1257480163717812225,12,16,1,1,1,2qb,0,True,1.0,4.0,0.0,False,not_1qb;non_redraft_or_idp
1257480363911950336,2025,1257480363911950337,12,19,1,0,1,ppr,37,True,1.0,4.0,0.0,False,keeper_picks
1257585061419569152,2025,1257585068247891968,12,16,1,0,1,ppr,0,True,1.0,4.0,0.0,True,eligible
1257740798884065280,2025,1257740800779890688,12,16,1,0,1,ppr,0,True,1.0,4.0,0.5,False,te_premium
1257758483378360320,2025,1257758483382534144,12,16,1,0,1,ppr,0,True,1.0,6.0,0.5,False,te_premium
1257797096497500160,2025,1257797096510078976,12,16,1,1,1,2qb,0,True,1.0,4.0,0.5,False,not_1qb;non_redraft_or_idp;te_premium
1257802423834005504,2025,1257802423842377728,12,13,0,2,1,idp,0,True,1.0,4.0,0.0,False,not_1qb;non_redraft_or_idp
1257805446824067072,2025,1257805446836658176,12,18,1,1,1,2qb,0,True,0.5,4.0,0.0,False,not_1qb;non_redraft_or_idp
1257805895824326658,2025,1257805895832698880,12,15,1,0,1,ppr,0,True,1.0,4.0,0.0,True,eligible
1257880782353997824,2025,1257880783423537152,12,23,1,1,1,dynasty_2qb,0,True,1.0,6.0,1.0,False,not_1qb;non_redraft_or_idp;te_premium
1257921967621685248,2025,1257921969781751808,12,18,1,1,1,2qb,0,True,1.0,6.0,0.0,False,not_1qb;non_redraft_or_idp
1258068153024401408,2025,1258068153032790016,12,16,1,1,1,2qb,0,True,0.5,5.0,0.5,False,not_1qb;non_redraft_or_idp;te_premium
1258069869346177024,2025,1258069871615299584,12,19,2,0,1,dynasty_2qb,0,True,1.0,6.0,1.0,False,not_1qb;non_redraft_or_idp;te_premium
1258111181554454528,2025,1258111181567037440,12,15,1,0,1,ppr,11,True,1.0,4.0,0.0,False,keeper_picks
1258112130016620544,2025,1258112132080218112,12,19,1,1,1,2qb,0,True,1.0,6.0,0.5,False,not_1qb;non_redraft_or_idp;te_premium
1258158634731311104,2025,1258158634743910400,12,18,1,1,2,2qb,0,True,1.0,6.0,0.5,False,not_1qb;non_redraft_or_idp;te_premium
1258165423342374912,2025,1258165423350763520,12,17,1,0,1,ppr,0,True,1.0,4.0,0.0,True,eligible
1258187573126250496,2025,1258187574363553792,12,17,1,0,1,ppr,0,True,1.0,4.0,0.0,True,eligible
1258195591859544064,2025,1258195593247858688,12,14,1,0,1,ppr,0,True,1.0,4.0,0.0,True,eligible
1258217517625647104,2025,1258217518405795840,12,15,1,0,1,ppr,0,True,1.0,4.0,0.0,True,eligible
1258281483747995649,2025,1258281484763025408,12,16,1,1,1,2qb,0,True,1.0,6.0,0.0,False,not_1qb;non_redraft_or_idp
1258348400760332288,2025,1258348401708240896,12,16,1,0,1,ppr,0,True,1.0,6.0,0.0,True,eligible
1258419126276202496,2025,1258419128155250688,12,40,1,1,1,idp,0,True,1.0,4.0,0.0,False,not_1qb;non_redraft_or_idp
1258437364569612288,2025,1258437364577996800,12,15,1,0,1,ppr,0,True,1.0,4.0,0.0,True,eligible
1258455942039601152,2025,1258455942056378368,12,15,1,0,1,half_ppr,0,True,0.5,6.0,0.5,False,te_premium
1257006441294741504,2025,1258558210390900736,12,15,1,0,1,ppr,0,True,1.0,4.0,0.0,True,eligible
1258580707517681664,2025,1258580709224755200,12,15,1,0,1,ppr,0,True,1.0,4.0,0.0,True,eligible
1258596259946569728,2025,1258596260852547584,12,15,1,0,1,ppr,0,True,1.0,6.0,0.0,True,eligible
1258645877908586497,2025,1258645879162683392,12,16,1,1,1,2qb,0,True,1.0,6.0,0.0,False,not_1qb;non_redraft_or_idp
1258667548589699072,2025,1258667549457907712,12,15,1,0,1,ppr,0,True,1.0,4.0,0.0,True,eligible
1258835680155410432,2025,1258835683049488384,12,18,1,1,1,2qb,0,True,1.0,6.0,0.0,False,not_1qb;non_redraft_or_idp
1258846482514059290,2025,1258846483277422592,12,13,1,0,1,ppr,0,True,1.0,4.0,0.0,True,eligible
1258855115251519488,2025,1258855115259916288,12,16,1,0,1,ppr,0,True,1.0,6.0,0.5,False,te_premium
1258860177889705984,2025,1258860179508707328,12,17,1,0,1,ppr,0,True,1.0,4.0,0.0,True,eligible
1258880108349886464,2025,1258880110090530816,12,15,1,0,1,ppr,0,True,1.0,4.0,0.0,True,eligible
1258907612703903745,2025,1258907613811183616,12,16,1,1,0,2qb,0,True,1.0,5.0,0.5,False,not_1qb;no_required_te;non_redraft_or_idp;te_premium
1258924104384262144,2025,1258924105856462848,12,15,1,0,1,ppr,0,True,1.0,4.0,0.0,True,eligible
1258933581917454336,2025,1258933584354349056,12,22,1,0,1,dynasty_ppr,0,True,1.0,6.0,0.0,False,non_redraft_or_idp
1258982658717798400,2025,1258982659619561472,12,14,1,0,1,ppr,0,True,1.0,4.0,0.0,True,eligible
1259160179484676096,2025,1259160179497242624,12,16,1,0,1,half_ppr,0,True,0.5,6.0,0.25,False,te_premium
1259248126225567744,2025,1259248126229745664,12,15,1,0,1,ppr,0,True,1.0,4.0,0.0,True,eligible
1259287622962921472,2025,1259287624200232960,12,31,1,1,1,idp,0,True,1.0,4.0,0.0,False,not_1qb;non_redraft_or_idp
1180330988303802368,2025,1259305907267837952,12,16,1,0,1,ppr,0,True,1.0,4.0,0.0,True,eligible
1259343077370245120,2025,1259343079308021760,12,19,1,1,1,2qb,0,True,1.0,6.0,0.5,False,not_1qb;non_redraft_or_idp;te_premium
1259344892434337792,2025,1259344893151543296,12,15,1,0,1,ppr,0,True,1.0,6.0,0.0,True,eligible
1259355067941658624,2025,1259355067950059520,12,15,1,0,1,ppr,0,True,1.0,6.0,0.0,True,eligible
1258994235693088768,2025,1259561860470943744,12,23,1,1,1,dynasty_2qb,0,True,1.0,4.0,0.0,False,not_1qb;non_redraft_or_idp
1249743446470557696,2025,1259571261638459392,12,16,1,0,1,ppr,0,True,1.0,4.0,0.0,True,eligible
1259594999608115200,2025,1259595000748969984,12,15,1,0,1,ppr,0,True,1.0,6.0,0.0,True,eligible
1259614126917816320,2025,1259614128557805568,12,25,1,0,1,dynasty_half_ppr,0,True,0.5,4.0,0.0,False,non_redraft_or_idp
1259657333487702016,2025,1259657335517749248,12,15,1,0,1,ppr,0,True,1.0,4.0,0.0,True,eligible
1259724832493277184,2025,1259724832501661697,12,18,1,0,1,ppr,0,True,1.0,6.0,0.5,False,te_premium
1259751697354330112,2025,1259751701192126464,12,17,2,0,1,2qb,0,True,1.0,4.0,0.75,False,not_1qb;non_redraft_or_idp;te_premium
1259774682396102656,2025,1259774683176247296,12,15,1,0,1,ppr,0,True,1.0,4.0,0.0,True,eligible
1259788909890519040,2025,1259788911056531456,12,23,1,1,1,dynasty_2qb,0,True,1.0,4.0,0.0,False,not_1qb;non_redraft_or_idp
1259796211553021952,2025,1259796215009132544,12,25,1,1,1,dynasty_2qb,0,True,1.0,6.0,1.0,False,not_1qb;non_redraft_or_idp;te_premium
1259892998150295552,2025,1259892999152750592,12,16,1,0,1,ppr,0,True,1.0,6.0,0.0,True,eligible
1259912229558423579,2025,1259912230724452352,12,15,1,0,1,ppr,0,True,1.0,4.0,0.0,True,eligible
1259997299040329728,2025,1259997299958878208,12,28,1,1,1,dynasty_2qb,0,True,1.0,6.0,0.75,False,not_1qb;non_redraft_or_idp;te_premium
1260037064095703040,2025,1260037065324638208,12,18,1,1,1,idp,0,True,1.0,4.0,0.0,False,not_1qb;non_redraft_or_idp
1260061563801317376,2025,1260061563809710081,12,21,1,1,1,2qb,0,True,1.0,6.0,0.0,False,not_1qb;non_redraft_or_idp
1260061892144013312,2025,1260061892152410112,12,21,1,1,1,2qb,0,True,1.0,6.0,0.0,False,not_1qb;non_redraft_or_idp
1260116484546375680,2025,1260116485800476672,12,14,1,0,1,half_ppr,0,True,0.5,4.0,0.0,True,eligible
1260244335471886336,2025,1260244335480274944,12,16,1,0,1,ppr,0,True,1.0,6.0,0.0,True,eligible
1260326895803715584,2025,1260326896986488832,12,13,1,0,1,ppr,0,True,1.0,4.0,0.0,True,eligible
1260334216009220096,2025,1260334218991382529,12,24,2,0,1,dynasty_2qb,0,True,1.0,6.0,1.0,False,not_1qb;non_redraft_or_idp;te_premium
1260457761733353472,2025,1260457762534457344,12,16,1,1,1,2qb,0,True,1.0,6.0,0.0,False,not_1qb;non_redraft_or_idp
1260470483833331712,2025,1260470484919656448,12,19,1,1,1,2qb,0,True,1.0,6.0,0.5,False,not_1qb;non_redraft_or_idp;te_premium
1260485860063707136,2025,1260485860067913728,12,17,1,1,1,2qb,0,True,1.0,6.0,0.0,False,not_1qb;non_redraft_or_idp
1260583400385810432,2025,1260583400394194944,12,14,1,0,1,half_ppr,0,True,0.5,6.0,0.0,True,eligible
1260651535847665664,2025,1260651538607513600,12,19,1,1,1,2qb,0,True,1.0,6.0,0.5,False,not_1qb;non_redraft_or_idp;te_premium
1260652581970001920,2025,1260652582854983680,12,16,1,0,1,ppr,0,True,1.0,4.0,0.0,True,eligible
1260682607067148288,2025,1260682607075545088,12,14,1,0,1,ppr,0,True,1.0,5.5,0.0,True,eligible
1260722639274524672,2025,1260722641166155776,12,15,1,1,1,2qb,0,True,1.0,4.0,0.0,False,not_1qb;non_redraft_or_idp
1260759351535075328,2025,1260759352403312640,12,15,1,0,1,ppr,0,True,1.0,4.0,0.0,True,eligible
1260808105936039936,2025,1260808106699403264,12,15,1,0,1,ppr,0,True,1.0,6.0,0.0,True,eligible
1260851701582155776,2025,1260851703243100160,12,15,1,0,1,ppr,0,True,1.0,4.0,0.0,True,eligible
1261030506777993216,2025,1261030508494594048,12,18,1,1,1,2qb,0,True,1.0,6.0,0.5,False,not_1qb;non_redraft_or_idp;te_premium
1261075021254639616,2025,1261075023217577984,12,17,1,0,1,ppr,0,True,1.0,4.0,0.0,True,eligible
1261088305080963072,2025,1261088305982754816,12,15,1,0,1,ppr,0,True,1.0,4.0,0.0,True,eligible
1261268953687142400,2025,1261268955536838656,12,13,1,0,1,half_ppr,0,True,0.5,4.0,0.0,True,eligible
1261343306445488128,2025,1261343308358094848,12,13,1,0,1,ppr,0,True,1.0,4.0,0.0,True,eligible
1261357128715616256,2025,1261357128728182784,12,17,1,0,1,half_ppr,0,True,0.5,4.0,0.0,True,eligible
1258900816975114240,2025,1261363272448212992,12,16,1,0,1,ppr,0,True,1.0,5.0,1.0,False,te_premium
1261435742022811648,2025,1261435746774958080,12,31,1,1,1,dynasty_2qb,0,False,1.0,4.5,1.0,False,incomplete_board;not_1qb;non_redraft_or_idp;te_premium
1261528489375305728,2025,1261528491438907392,12,14,1,0,1,ppr,0,True,1.0,6.0,0.0,True,eligible
1261568458613587968,2025,1261568460144517120,12,14,1,0,1,ppr,0,True,1.0,4.0,0.0,True,eligible
1261654039691526144,2025,1261654041109217280,12,21,1,2,1,2qb,0,True,1.0,5.0,0.5,False,not_1qb;non_redraft_or_idp;te_premium
1261781536156434432,2025,1261781537586675712,12,15,1,0,1,ppr,0,True,1.0,4.0,0.0,True,eligible
1261803370310553600,2025,1261803371103256576,12,15,1,0,1,half_ppr,0,True,0.5,4.0,0.0,True,eligible
1261824975526965248,2025,1261824976806219776,12,16,1,0,1,ppr,0,True,1.0,4.0,0.0,True,eligible
1261837222571675648,2025,1261837223188250624,12,20,1,1,1,2qb,0,True,0.0,5.0,0.0,False,not_1qb;non_redraft_or_idp
1261862139790897152,2025,1261862140604592128,12,19,1,1,0,2qb,0,True,0.5,6.0,0.5,False,not_1qb;no_required_te;non_redraft_or_idp;te_premium
1261875197166768128,2025,1261875197879779328,12,15,1,0,1,ppr,0,True,1.0,6.0,1.75,False,te_premium
1261933687017058304,2025,1261933689000955904,12,16,1,1,1,2qb,0,True,1.0,6.0,0.0,False,not_1qb;non_redraft_or_idp
1262077654836723712,2025,1262077655977558016,12,14,1,0,1,ppr,0,True,1.0,4.0,0.0,True,eligible
1262106249579724800,2025,1262106251756576768,12,15,1,1,1,2qb,0,True,1.0,4.0,0.5,False,not_1qb;non_redraft_or_idp;te_premium
1262173023721496576,2025,1262173024736514048,12,23,2,0,1,idp,0,True,1.0,4.0,0.0,False,not_1qb;non_redraft_or_idp
1262228144895565824,2025,1262228146321641472,12,15,1,0,1,ppr,0,True,1.0,4.0,0.0,True,eligible
1262258693995511809,2025,1262258696663093248,12,18,1,1,1,2qb,0,True,1.0,5.0,1.0,False,not_1qb;non_redraft_or_idp;te_premium
1262275746932477952,2025,1262275748203339777,12,18,1,1,1,2qb,0,True,1.0,6.0,0.0,False,not_1qb;non_redraft_or_idp
1262280476345769984,2025,1262280477318856704,12,16,1,0,1,ppr,0,True,1.0,4.0,0.0,True,eligible
1262311131406405632,2025,1262311132614361088,12,14,1,0,1,ppr,0,True,1.0,4.0,0.0,True,eligible
1262513961375371264,2025,1262513962990182400,12,15,1,0,1,half_ppr,0,True,0.5,4.0,0.0,True,eligible
1262540456521117696,2025,1262540457456447488,12,15,1,0,1,ppr,0,True,1.0,4.0,0.0,True,eligible
1262547753225957376,2025,1262547755734151168,12,40,1,1,1,dynasty_2qb,0,False,1.0,6.0,0.5,False,incomplete_board;not_1qb;non_redraft_or_idp;te_premium
1247001251309158400,2025,1262594957135327232,12,20,1,1,1,2qb,31,True,1.0,6.0,1.0,False,not_1qb;keeper_picks;non_redraft_or_idp;te_premium
1262829902114082816,2025,1262829903619821568,12,23,1,1,1,dynasty_2qb,0,True,1.0,4.0,0.0,False,not_1qb;non_redraft_or_idp
1262831909797376000,2025,1262831912351694848,12,16,1,1,1,2qb,0,True,1.0,6.0,0.5,False,not_1qb;non_redraft_or_idp;te_premium
1262843072585146368,2025,1262843072593526784,12,13,1,0,1,ppr,0,True,1.0,6.0,0.0,True,eligible
1262850498008993792,2025,1262850498709434368,12,16,1,0,1,ppr,0,True,1.0,6.0,0.0,True,eligible
1262865359208198145,2025,1262865359216582656,12,15,1,0,1,ppr,0,True,1.0,4.0,0.0,True,eligible
1262872148943323136,2025,1262872148951695360,12,18,1,1,1,2qb,0,True,1.0,6.0,0.5,False,not_1qb;non_redraft_or_idp;te_premium
1262873569705078784,2025,1262873570732687360,12,16,1,0,1,ppr,0,True,1.0,4.0,0.0,True,eligible
1262887014945017856,2025,1262887015792246784,12,14,1,0,1,ppr,0,True,1.0,6.0,0.0,True,eligible
1262900172526993408,2025,1262900174582194176,12,17,1,0,1,ppr,0,True,1.0,6.0,0.5,False,te_premium
1262911330445172736,2025,1262911332013842432,12,16,1,0,1,ppr,0,True,1.0,4.0,0.0,True,eligible
1262959611011403776,2025,1262959612525547520,12,21,2,0,1,dynasty_2qb,0,True,2.0,10.0,1.0,False,not_1qb;non_redraft_or_idp;te_premium
1262974248067022848,2025,1262974248993951744,12,16,1,1,1,2qb,0,True,1.0,6.0,0.0,False,not_1qb;non_redraft_or_idp
1263000101371002880,2025,1263000102843199488,12,16,1,1,1,2qb,0,True,0.5,4.0,0.0,False,not_1qb;non_redraft_or_idp
1263019841648852992,2025,1263019843972513792,12,15,1,0,1,ppr,0,True,1.0,4.0,0.0,True,eligible
1263219691803910144,2025,1263219692735049728,12,15,1,0,1,ppr,0,True,1.0,4.0,0.0,True,eligible
1263250126764265472,2025,1263250128408412160,12,15,1,0,1,ppr,0,True,1.0,4.0,0.0,True,eligible
1263276903502983168,2025,1263276903515557888,12,15,1,0,1,ppr,0,True,1.0,6.0,0.5,False,te_premium
1263353096482861056,2025,1263353097053282304,12,13,1,0,1,half_ppr,0,True,0.5,4.0,0.0,True,eligible
1263401908379324416,2025,1263401909209800704,12,15,1,0,1,ppr,0,True,1.0,4.0,1.0,False,te_premium
1263545439794245632,2025,1263545440788287488,12,16,1,1,1,2qb,0,True,1.0,6.0,0.5,False,not_1qb;non_redraft_or_idp;te_premium
1263554311145656320,2025,1263554314673082368,12,14,1,0,1,ppr,0,True,1.0,6.0,0.5,False,te_premium
1263572519290417152,2025,1263572520691302400,12,23,1,1,1,dynasty_2qb,0,True,1.0,4.0,0.0,False,not_1qb;non_redraft_or_idp
1263644204303659008,2025,1263644209227759616,12,14,1,0,1,ppr,0,True,1.0,6.0,0.5,False,te_premium
1263668184444063744,2025,1263668187648503808,12,18,1,1,1,2qb,0,True,0.5,6.0,1.0,False,not_1qb;non_redraft_or_idp;te_premium
1263681378541637632,2025,1263681379955134464,12,16,1,1,1,2qb,0,True,1.0,4.0,0.0,False,not_1qb;non_redraft_or_idp
1263704416922382338,2025,1263704416922382342,12,16,1,0,1,half_ppr,0,True,0.5,4.0,0.0,True,eligible
1263723026826928128,2025,1263723049476161536,12,16,1,1,1,2qb,0,True,1.0,4.0,0.5,False,not_1qb;non_redraft_or_idp;te_premium
1263724388117651456,2025,1263724389006852096,12,26,1,1,1,dynasty_2qb,0,True,1.0,6.0,1.0,False,not_1qb;non_redraft_or_idp;te_premium
1263931516455493632,2025,1263931516463882240,12,15,1,0,1,ppr,0,True,1.0,4.0,0.0,True,eligible
1263935351236349952,2025,1263935352226205696,12,14,1,0,1,ppr,0,True,1.0,4.0,0.0,True,eligible
1257432976728276992,2025,1263971709426352129,12,15,1,0,1,ppr,0,True,1.0,4.0,0.0,True,eligible
1263989738382032896,2025,1263989739418038272,12,19,1,1,1,2qb,0,True,1.0,6.0,0.0,False,not_1qb;non_redraft_or_idp
1263992798323945472,2025,1263992800249118720,12,16,1,1,1,2qb,0,True,1.0,6.0,0.5,False,not_1qb;non_redraft_or_idp;te_premium
1264031435241570304,2025,1264031437477138432,12,14,1,0,1,ppr,0,True,1.0,6.0,0.5,False,te_premium
1264032126467063808,2025,1264032126479642624,12,15,1,0,1,half_ppr,0,True,0.5,4.0,0.0,True,eligible
1256669282431930368,2025,1264037220415700992,12,14,1,0,1,ppr,0,True,1.0,4.0,0.0,True,eligible
1264075062034579456,2025,1264075062042955776,12,16,1,0,1,ppr,0,True,1.0,4.0,0.0,True,eligible
1264089167701217280,2025,1264089168368115712,12,16,1,1,1,2qb,0,True,1.0,6.0,0.0,False,not_1qb;non_redraft_or_idp
1264233603416457216,2025,1264233604087545856,12,13,1,0,1,ppr,0,True,1.0,4.0,0.0,True,eligible
1264310247544061952,2025,1264310248798171136,12,14,1,0,1,ppr,0,True,1.0,6.0,0.0,True,eligible
1264330765903085568,2025,1264330766834212864,12,15,1,0,1,ppr,0,True,1.0,4.0,0.0,True,eligible
1264396953186213888,2025,1264396954297712640,12,16,1,1,1,2qb,0,True,1.0,6.0,0.0,False,not_1qb;non_redraft_or_idp
1264584632142139392,2025,1264584632154730496,12,15,1,0,1,ppr,0,True,1.0,6.0,0.0,True,eligible
1264612015951855616,2025,1264612017340170240,12,22,2,0,2,2qb,0,True,1.0,6.0,0.75,False,not_1qb;non_redraft_or_idp;te_premium
1264634029529903104,2025,1264634031081787392,12,22,1,1,1,idp,0,True,1.0,6.0,0.0,False,not_1qb;non_redraft_or_idp
1264654154500939776,2025,1264654159542505473,12,18,1,1,1,2qb,0,True,1.0,6.0,0.0,False,not_1qb;non_redraft_or_idp
1264678777695244288,2025,1264678780232810496,12,16,1,0,1,ppr,0,True,1.0,4.0,0.0,True,eligible
1264694754080202752,2025,1264694757964140545,12,16,1,0,1,ppr,0,True,1.0,6.0,0.5,False,te_premium
1264953752016658432,2025,1264953755401461760,12,15,1,0,1,ppr,0,True,1.0,4.0,0.0,True,eligible
1264965289741660161,2025,1264965289745854464,12,20,1,0,1,ppr,0,True,1.0,6.0,0.0,True,eligible
1264985665716621312,2025,1264985667750858752,12,14,1,0,1,ppr,0,True,1.0,6.0,0.5,False,te_premium
1265008891922485248,2025,1265008893243699200,12,12,1,0,1,ppr,0,True,1.0,4.0,0.0,True,eligible
1265018960571551744,2025,1265018961561403392,12,14,1,0,1,ppr,0,True,1.0,4.0,0.5,False,te_premium
1265107222115917824,2025,1265107223059644416,12,15,1,0,1,ppr,0,True,1.0,4.0,0.5,False,te_premium
1265118340129497088,2025,1265118342016942081,12,18,1,1,1,2qb,0,True,1.0,4.0,0.75,False,not_1qb;non_redraft_or_idp;te_premium
1265153225661612032,2025,1265153227192541184,12,32,0,2,2,2qb,0,True,1.0,4.0,5.0,False,not_1qb;non_redraft_or_idp;te_premium
1265169978731016192,2025,1265169978743599104,12,14,1,0,1,half_ppr,0,True,0.5,6.0,0.0,True,eligible
1265174147953078272,2025,1265174147965648896,12,15,1,0,1,ppr,0,True,1.0,4.0,0.0,True,eligible
1265328216378195968,2025,1265328217317711872,12,15,1,0,1,half_ppr,0,True,0.5,4.0,0.0,True,eligible
1247434582542778368,2025,1265357355780943872,12,16,1,0,1,half_ppr,0,True,0.5,6.0,0.0,True,eligible
1265372613534826496,2025,1265372614516281344,12,14,1,0,1,ppr,0,True,1.0,4.0,0.0,True,eligible
1265425480832536576,2025,1265425481784639488,12,15,1,0,1,ppr,0,True,1.0,4.0,0.0,True,eligible
1265525503838650368,2025,1265525504727846912,12,15,1,1,1,2qb,0,True,1.0,4.0,0.0,False,not_1qb;non_redraft_or_idp
1265551061628768256,2025,1265551063197429760,12,15,1,0,1,ppr,0,True,1.0,4.0,0.0,True,eligible
1265600675870408704,2025,1265600677036429312,12,16,1,0,1,ppr,0,True,1.0,4.0,0.0,True,eligible
1265715163089096704,2025,1265715164548698112,12,15,1,0,1,ppr,0,True,1.0,4.0,0.0,True,eligible
1265718164876972032,2025,1265718166697291776,12,19,1,1,1,2qb,0,True,1.0,6.0,0.5,False,not_1qb;non_redraft_or_idp;te_premium
1265728514120757248,2025,1265728520403816448,12,14,1,0,1,ppr,0,True,1.0,4.0,0.0,True,eligible
1265771729909714944,2025,1265771729918115840,12,16,1,0,1,ppr,0,True,1.0,6.0,0.5,False,te_premium
1265806115216576512,2025,1265806116088987648,12,23,1,0,1,dynasty_ppr,0,True,1.0,4.0,0.0,False,non_redraft_or_idp
1265826968843063296,2025,1265826968859840512,12,16,1,0,1,ppr,0,True,1.0,6.0,0.5,False,te_premium
1228534000209903616,2025,1265877395269758976,12,3,1,1,1,dynasty_2qb,0,True,1.0,4.0,0.0,False,not_1qb;short_draft;non_redraft_or_idp
1265908052687597568,2025,1265908054306598912,12,15,1,0,1,half_ppr,0,True,0.5,4.0,0.0,True,eligible
1266065923693891584,2025,1266065924742451200,12,20,1,1,1,idp,0,True,1.0,4.0,0.0,False,not_1qb;non_redraft_or_idp
1265713967603392513,2025,1266122527621513216,12,15,1,0,1,ppr,0,True,1.0,6.0,0.0,True,eligible
1266122656701218816,2025,1266122658580275200,12,23,1,0,1,dynasty_ppr,0,True,1.0,4.0,0.0,False,non_redraft_or_idp
1266145934991958016,2025,1266145934996160512,12,18,1,0,1,ppr,0,True,1.0,6.0,0.0,True,eligible
1266374719733497856,2025,1266374722350764032,12,16,1,0,1,ppr,0,True,1.0,6.0,1.0,False,te_premium
1266466498239533056,2025,1266466499573321728,12,14,1,0,1,ppr,0,True,1.0,4.0,0.0,True,eligible
1266495610614206464,2025,1266495610622578688,12,17,1,1,1,2qb,0,True,0.5,4.0,0.0,False,not_1qb;non_redraft_or_idp
1266517022947155968,2025,1266517024406781952,12,23,1,0,1,dynasty_ppr,0,True,1.0,4.0,0.0,False,non_redraft_or_idp
1266599592787443712,2025,1266599593726971904,12,15,1,0,1,ppr,0,True,1.0,4.0,0.0,True,eligible
1266607946784047104,2025,1266607951511048192,12,14,1,0,1,ppr,0,True,1.0,4.0,0.0,True,eligible
1266637380832473088,2025,1266637381780393984,12,19,1,1,1,2qb,0,True,1.0,6.0,0.0,False,not_1qb;non_redraft_or_idp
1266823592184655872,2025,1266823595179397120,12,17,1,1,1,2qb,0,True,1.0,6.0,0.75,False,not_1qb;non_redraft_or_idp;te_premium
1266922320342032384,2025,1266922321680027648,12,18,1,0,1,idp,0,True,1.0,6.0,0.0,False,non_redraft_or_idp
1266936699867381760,2025,1266936701805154304,12,15,1,0,1,ppr,0,True,1.0,4.0,0.0,True,eligible
1266957738714341376,2025,1266957739611918337,12,15,1,1,1,2qb,0,True,1.0,6.0,0.0,False,not_1qb;non_redraft_or_idp
1266964335041716224,2025,1266964337105305600,12,18,1,1,1,2qb,0,True,1.0,5.0,1.0,False,not_1qb;non_redraft_or_idp;te_premium
1266970720651452416,2025,1266970721607761920,12,15,1,0,1,ppr,0,True,1.0,4.0,0.0,True,eligible
1267139411225620480,2025,1267139413180157952,12,16,1,0,1,ppr,0,True,1.0,4.0,0.0,True,eligible
1267151250068086784,2025,1267151251104075776,12,16,1,0,1,ppr,0,True,1.0,6.0,0.5,False,te_premium
1267151541807099904,2025,1267151543472238592,12,14,1,0,1,ppr,0,True,1.0,6.0,0.5,False,te_premium
1267151942300217344,2025,1267151943898255360,12,19,1,1,1,2qb,0,True,1.0,6.0,0.5,False,not_1qb;non_redraft_or_idp;te_premium
1267197415002226688,2025,1267197416919019520,12,15,1,0,1,ppr,0,True,1.0,4.0,0.0,True,eligible
1267241931281285120,2025,1267241931289657344,12,16,1,0,1,ppr,0,True,1.0,6.0,0.5,False,te_premium
1267288254269362176,2025,1267288255200501761,12,20,1,0,1,ppr,0,True,1.0,4.0,0.0,True,eligible
1267295277870485504,2025,1267295280806502401,12,18,1,1,1,2qb,0,True,1.0,5.0,1.0,False,not_1qb;non_redraft_or_idp;te_premium
1267354621156794368,2025,1267354622566088704,12,26,1,1,1,dynasty_2qb,0,True,1.0,6.0,0.0,False,not_1qb;non_redraft_or_idp
1267388313996623872,2025,1267388315032633344,12,16,2,0,1,2qb,0,True,1.0,4.0,0.0,False,not_1qb;non_redraft_or_idp
1267532198722928641,2025,1267532198722928642,12,14,1,0,1,half_ppr,0,True,0.5,6.0,0.0,True,eligible
1267532202095149056,2025,1267532202095149057,12,14,1,0,1,half_ppr,0,True,0.5,6.0,0.0,True,eligible
1267532213201666048,2025,1267532213201666049,12,14,1,0,1,half_ppr,0,True,0.5,6.0,0.0,True,eligible
1267532216871682049,2025,1267532216871682050,12,14,1,0,1,half_ppr,0,True,0.5,6.0,0.0,True,eligible
1267532217408552960,2025,1267532217408552961,12,14,1,0,1,half_ppr,0,True,0.5,6.0,0.0,True,eligible
1267577539753152512,2025,1267577539765731328,12,14,1,0,1,ppr,0,True,1.0,4.0,0.0,True,eligible
1267609225111011328,2025,1267609226184765440,12,18,1,1,1,2qb,0,True,1.0,6.0,0.5,False,not_1qb;non_redraft_or_idp;te_premium
1267617169642897408,2025,1267617170855043072,12,14,1,0,1,ppr,0,True,1.0,5.0,0.0,True,eligible
1267644910220083200,2025,1267644911667130369,12,16,0,0,0,idp,0,True,0.0,0.0,0.0,False,not_1qb;no_required_te;non_redraft_or_idp
1267653023950196736,2025,1267653023950196737,12,14,1,0,1,half_ppr,0,True,0.5,6.0,0.0,True,eligible
1267761974125535232,2025,1267761975060860928,12,20,1,0,1,dynasty_ppr,0,True,1.0,6.0,0.0,False,non_redraft_or_idp
1267894636802736128,2025,1267894636802736129,12,14,1,0,1,half_ppr,0,True,0.5,6.0,0.0,True,eligible
1267906480267329536,2025,1267906481378836480,12,14,1,0,1,ppr,0,True,1.0,6.0,0.5,False,te_premium
1268118554373271552,2025,1267947751950274560,12,15,1,0,1,ppr,0,True,1.0,4.0,0.0,True,eligible
1268015436650258432,2025,1268015436650258433,12,14,1,0,1,half_ppr,0,True,0.5,6.0,0.0,True,eligible
1268020307533242368,2025,1268020309697507328,12,15,1,0,1,ppr,0,True,1.0,4.0,0.0,True,eligible
1268084153006424064,2025,1268084153945952256,12,14,1,1,1,2qb,0,True,1.0,4.0,0.0,False,not_1qb;non_redraft_or_idp
1268085385410387968,2025,1268085387528507392,12,14,1,0,1,ppr,0,True,1.0,4.0,0.0,True,eligible
1268126705994698752,2025,1268126707735343104,12,15,1,0,1,ppr,0,True,1.0,4.0,0.0,True,eligible
1268248938582921216,2025,1268248939430162432,12,15,1,0,1,dynasty_ppr,0,True,1.0,6.0,0.0,False,non_redraft_or_idp
1268257036060069888,2025,1268257036060069889,12,14,1,0,1,half_ppr,0,True,0.5,6.0,0.0,True,eligible
1268257039692337152,2025,1268257039692337153,12,14,1,0,1,half_ppr,0,True,0.5,6.0,0.0,True,eligible
1268257050807242752,2025,1268257050807242753,12,14,1,0,1,half_ppr,0,True,0.5,6.0,0.0,True,eligible
1268264267665125376,2025,1268264268726280192,12,14,1,0,1,ppr,0,True,1.0,6.0,0.5,False,te_premium
1268264554924617728,2025,1268264556111605760,12,14,1,0,1,ppr,0,True,1.0,6.0,0.5,False,te_premium
1268266349436608512,2025,1268266350397108224,12,16,1,0,1,ppr,0,True,1.0,4.0,0.0,True,eligible
1268299111870763008,2025,1268299114567716864,12,14,1,0,1,ppr,0,True,1.0,6.0,0.5,False,te_premium
1268299426846232576,2025,1268299429304082432,12,15,1,0,1,ppr,0,True,1.0,4.0,0.0,True,eligible
1268317777563758593,2025,1268317778998214657,12,13,1,0,1,ppr,0,True,1.0,4.0,0.0,True,eligible
1268332770812252160,2025,1268332771684646912,12,15,1,0,1,ppr,0,True,1.0,4.0,0.0,True,eligible
1268337796406321153,2025,1268337798071451648,12,14,1,0,1,ppr,0,True,1.0,4.0,0.5,False,te_premium
1268377855805366272,2025,1268377855805366273,12,14,1,0,1,half_ppr,0,True,0.5,6.0,0.0,True,eligible
1268394965751304192,2025,1268394966594367488,12,14,1,0,1,ppr,0,True,1.0,6.0,0.5,False,te_premium
1268401173845508096,2025,1268401174814400512,12,22,1,1,1,dynasty_2qb,0,True,1.0,4.0,0.5,False,not_1qb;non_redraft_or_idp;te_premium
1268406329693708288,2025,1268406330398355456,12,16,1,0,1,ppr,0,True,1.0,4.0,0.5,False,te_premium
1268428989874053120,2025,1268428990696128512,12,15,1,0,1,ppr,0,True,1.0,4.0,0.0,True,eligible
1268436820551540736,2025,1268436820559925248,12,14,1,0,1,half_ppr,0,True,0.5,4.0,0.0,True,eligible
1268438130415898624,2025,1268438133406449664,12,14,1,0,1,ppr,0,True,1.0,4.0,0.0,True,eligible
1268508853620715520,2025,1268508854111449088,12,16,1,0,1,ppr,0,True,1.0,4.0,0.0,True,eligible
1268617821953196032,2025,1268617822821416960,12,15,1,0,1,ppr,0,True,1.0,6.0,0.0,True,eligible
1268619472063709184,2025,1268619472063709185,12,14,1,0,1,half_ppr,0,True,0.5,6.0,0.0,True,eligible
1268619472374087681,2025,1268619472374087682,12,14,1,0,1,half_ppr,0,True,0.5,6.0,0.0,True,eligible
1268647100556521472,2025,1268647101391187968,12,16,1,0,1,ppr,0,True,1.0,6.0,0.5,False,te_premium
1268654186958962688,2025,1268654189781733376,12,15,1,0,1,ppr,0,True,1.0,4.0,0.0,True,eligible
1268695352605683712,2025,1268695354438594560,12,14,1,0,1,ppr,0,True,1.0,6.0,0.0,True,eligible
1268702756315594752,2025,1268702757871697920,12,17,1,1,1,2qb,0,True,0.5,4.0,0.0,False,not_1qb;non_redraft_or_idp
1268737097267691520,2025,1268737097276084224,12,15,1,0,1,ppr,0,True,1.0,4.0,0.0,True,eligible
1268740294002614273,2025,1268740294002614274,12,14,1,0,1,half_ppr,0,True,0.5,6.0,0.0,True,eligible
1268740307860594688,2025,1268740307860594689,12,14,1,0,1,half_ppr,0,True,0.5,6.0,0.0,True,eligible
1268801433038241792,2025,1268801434497859584,12,14,1,0,1,ppr,0,True,1.0,4.0,0.0,True,eligible
1268801492479913984,2025,1268801494161833985,12,14,1,0,1,ppr,0,True,1.0,4.0,0.0,True,eligible
1268949998804942848,2025,1268949999597654016,12,15,1,0,1,ppr,0,True,1.0,4.0,0.0,True,eligible
1268957787287732224,2025,1268957788130787328,12,16,1,0,1,ppr,0,True,1.0,4.0,0.0,True,eligible
1268981860436807680,2025,1268981860436807681,12,14,1,0,1,half_ppr,0,True,0.5,6.0,0.0,True,eligible
1269066756844957696,2025,1269066757868363776,12,14,1,0,1,ppr,0,True,1.0,4.0,0.0,True,eligible
1269077544523542528,2025,1269077544531922944,12,15,1,0,1,ppr,0,True,1.0,4.0,0.0,True,eligible
1269086341459607552,2025,1269086341480595456,12,15,1,0,1,ppr,0,True,1.0,4.0,0.0,True,eligible
1269122126036615168,2025,1269122127538176000,12,15,1,1,0,2qb,0,True,1.0,6.0,0.0,False,not_1qb;no_required_te;non_redraft_or_idp
1269127249555103744,2025,1269127250704347136,12,13,1,0,1,ppr,0,True,1.0,6.0,0.5,False,te_premium
1269208533526654976,2025,1269208535401496576,12,14,1,0,1,ppr,0,True,1.0,4.0,0.0,True,eligible
1269325137627320320,2025,1269325140173271040,12,14,1,1,1,2qb,0,True,1.0,4.0,0.0,False,not_1qb;non_redraft_or_idp
1269398055321337856,2025,1269398056437022720,12,14,1,1,1,2qb,0,True,1.0,4.0,0.0,False,not_1qb;non_redraft_or_idp
1269400112962994176,2025,1269400113818652672,12,19,1,0,1,ppr,0,True,1.0,6.0,0.5,False,te_premium
1269450540559896576,2025,1269450542556401664,12,14,1,0,1,ppr,0,True,1.0,4.0,0.0,True,eligible
1269465882006913024,2025,1269465884024389632,12,14,1,0,1,ppr,0,True,1.0,4.0,0.0,True,eligible
1269767871102210048,2025,1269767872113016832,12,16,1,0,1,ppr,0,True,1.0,4.0,0.0,True,eligible
1270174352167415808,2025,1270174354281332736,12,14,1,0,1,ppr,0,True,1.0,4.0,0.0,True,eligible
1270255135699783680,2025,1270255136668667904,12,16,1,1,1,2qb,0,True,1.0,6.0,0.0,False,not_1qb;non_redraft_or_idp
1270820044808409088,2025,1270820046947504128,12,15,1,0,1,ppr,0,True,1.0,4.0,0.0,True,eligible
1271215731433828352,2025,1271215733438713856,12,14,1,0,1,ppr,0,True,1.0,4.0,0.0,True,eligible
1271633962158034944,2025,1271633963567304704,12,30,1,1,1,idp,0,True,1.0,4.0,0.0,False,not_1qb;non_redraft_or_idp
1271874758350233600,2025,1271874761265250304,12,15,1,0,1,ppr,0,True,1.0,4.0,0.0,True,eligible
1271999817626697728,2025,1271999822143954944,12,23,1,1,1,idp,0,True,1.0,4.0,0.0,False,not_1qb;non_redraft_or_idp
1272427370996838400,2025,1272427373035294720,12,14,1,0,1,ppr,0,True,1.0,4.0,0.0,True,eligible
1274061815315206144,2025,1274061817953394688,12,29,0,0,0,idp_1qb,0,True,0.0,2.0,0.0,False,not_1qb;no_required_te;non_redraft_or_idp
1274260341903073280,2025,1274260343593390080,12,14,1,0,1,ppr,0,True,1.0,4.0,0.0,True,eligible
1273914328180875264,2025,1274465662810492928,12,15,1,0,1,ppr,0,True,1.0,4.0,0.0,True,eligible
1274564054421090304,2025,1274564056455348224,12,16,1,0,1,ppr,0,True,1.0,4.0,0.0,True,eligible
1275193669946724352,2025,1275193671976767488,12,14,1,0,1,ppr,0,True,1.0,4.0,0.0,True,eligible
1275688358617583616,2025,1275688360760860672,12,14,1,0,1,ppr,0,True,1.0,4.0,0.0,True,eligible
1276607350622400512,2025,1276607351368994816,12,14,2,0,1,2qb,0,True,2.5,-4.0,0.0,False,not_1qb;non_redraft_or_idp
1276647443965947904,2025,1276647445253611520,12,19,1,1,1,idp,0,True,1.0,6.0,0.0,False,not_1qb;non_redraft_or_idp
1276743818607071232,2025,1276743819924115456,12,15,1,0,1,ppr,0,True,1.0,4.0,0.0,True,eligible
1280324148786130944,2025,1280324149494972416,12,22,1,1,1,dynasty_2qb,0,True,1.0,4.0,0.0,False,not_1qb;non_redraft_or_idp
1282029027472740352,2025,1282029031201472512,12,15,1,0,1,ppr,0,True,1.0,4.0,0.0,True,eligible
1282518550065459200,2025,1282518551273406464,12,16,1,1,1,2qb,0,True,1.0,4.0,0.0,False,not_1qb;non_redraft_or_idp
1288348489796833280,2025,1288348491440996352,12,19,1,0,1,dynasty_ppr,0,True,1.0,6.0,0.5,False,non_redraft_or_idp;te_premium
1292239229694263296,2025,1292239233259433984,12,19,1,2,1,idp,0,True,2.5,12.0,4.0,False,not_1qb;non_redraft_or_idp;te_premium
1292239436930629632,2025,1292239437727535104,12,19,1,2,1,idp,0,True,2.5,12.0,4.0,False,not_1qb;non_redraft_or_idp;te_premium
1293401175793598464,2025,1293401178058559488,12,12,1,0,1,ppr,0,True,1.0,4.0,0.0,True,eligible
1294787869537214464,2025,1294787871701471232,12,20,1,2,1,idp,0,True,2.5,12.0,4.0,False,not_1qb;non_redraft_or_idp;te_premium
1296449342051201024,2025,1296449343653416960,12,13,1,0,1,half_ppr,0,True,0.5,4.0,0.0,True,eligible
1296876873866842112,2025,1296876874810535936,12,15,1,0,1,ppr,0,True,1.0,4.0,0.0,True,eligible
1297324091019116544,2025,1297324092659109888,12,19,1,2,1,idp,0,True,2.5,12.0,4.0,False,not_1qb;non_redraft_or_idp;te_premium
1297783195097387008,2025,1298093658377060352,12,3,1,1,1,dynasty_2qb,0,True,1.0,6.0,1.0,False,not_1qb;short_draft;non_redraft_or_idp;te_premium
1312482368187011072,2025,1312482371668283392,12,12,1,0,1,ppr,0,True,1.0,5.0,0.0,True,eligible
289646328504385536,2018,289646328508579840,12,15,1,0,1,ppr,0,True,1.0,6.0,0.0,True,eligible
315884415739760640,2018,315884416926748672,12,25,1,1,2,ppr,0,True,1.0,4.0,0.0,False,not_1qb
317732063870464000,2018,317732065145532416,12,26,1,0,1,ppr,0,True,1.0,4.0,0.0,True,eligible
318249904533147648,2018,318249907964104704,12,15,1,0,1,half_ppr,0,True,0.5,4.0,0.0,True,eligible
331842714070970368,2018,331842715899691008,12,16,1,0,1,ppr,0,True,1.0,6.0,0.0,True,eligible
337383787396628480,2018,337383791926468608,12,21,1,0,1,dynasty,0,True,0.0,6.0,0.0,False,non_redraft_or_idp
340196869835616256,2018,340196913431248896,12,15,1,0,1,half_ppr,0,True,0.5,4.0,0.0,True,eligible
341125410936881152,2018,341125412270673920,12,27,1,0,1,dynasty,0,True,1.0,6.0,0.0,False,non_redraft_or_idp
372992194560389120,2018,372992201040457728,12,28,1,1,1,dynasty,0,True,0.5,4.0,0.5,False,not_1qb;non_redraft_or_idp;te_premium
383662293520486400,2019,383662293524680704,12,3,1,1,1,dynasty,0,True,0.5,6.0,0.0,False,not_1qb;short_draft;non_redraft_or_idp
384174707542663168,2019,384174709530652672,12,14,1,0,1,ppr,0,True,1.0,4.0,0.0,True,eligible
396436849142312960,2019,396436851004559360,12,35,1,0,1,dynasty,0,True,1.0,6.0,0.0,False,non_redraft_or_idp
390888638923186176,2019,396894716291006464,12,4,1,0,1,dynasty,0,True,0.5,4.0,0.0,False,short_draft;non_redraft_or_idp
402137375901249536,2019,402137377067307008,12,13,2,0,1,2qb,0,True,1.0,4.0,0.0,False,not_1qb;non_redraft_or_idp
383790433752334336,2019,402276124563873792,12,25,1,1,1,dynasty,0,True,0.5,4.0,0.0,False,not_1qb;non_redraft_or_idp
403953766178529280,2019,403953767159959552,12,26,1,1,1,dynasty,0,True,1.0,4.0,0.0,False,not_1qb;non_redraft_or_idp
407631618098868224,2019,407631618098868225,12,15,1,0,1,half_ppr,29,True,0.5,4.0,0.0,False,keeper_picks
396774738132770816,2019,408490504905314304,12,5,1,0,1,dynasty,0,True,0.0,6.0,1.5,False,short_draft;non_redraft_or_idp;te_premium
404881700691132416,2019,409118917903003648,12,3,1,1,1,dynasty,0,True,0.5,6.0,1.0,False,not_1qb;short_draft;non_redraft_or_idp;te_premium
409769209812221952,2019,409769213561929728,12,28,1,1,1,dynasty,0,True,0.5,6.0,0.75,False,not_1qb;non_redraft_or_idp;te_premium
407346075314212864,2019,412783249744482304,12,4,1,0,1,dynasty,0,True,1.0,4.0,0.0,False,short_draft;non_redraft_or_idp
410431671335133184,2019,414600746701434880,12,4,1,1,2,dynasty,0,False,1.0,6.0,0.0,False,incomplete_board;not_1qb;short_draft;non_redraft_or_idp
412182827874922496,2019,414614333465575424,12,3,1,1,1,dynasty,0,True,1.0,6.0,0.0,False,not_1qb;short_draft;non_redraft_or_idp
412770118301388800,2019,416717066440032256,12,3,1,1,1,dynasty,0,True,1.0,4.0,0.0,False,not_1qb;short_draft;non_redraft_or_idp
418954710284775424,2019,418954711287214080,12,14,1,0,1,ppr,0,True,1.0,6.0,0.0,True,eligible
417790059849203712,2019,419387159946985472,12,3,1,1,1,dynasty,0,True,0.5,6.0,0.0,False,not_1qb;short_draft;non_redraft_or_idp
417480487804612608,2019,419715068289097728,12,4,1,1,1,dynasty,0,True,1.0,4.0,0.5,False,not_1qb;short_draft;non_redraft_or_idp;te_premium
420025624736837632,2019,422066871848677376,12,4,1,0,1,dynasty,0,True,0.5,4.0,0.0,False,short_draft;non_redraft_or_idp
422524453734318080,2019,422521135159062528,12,21,2,0,1,dynasty,0,True,1.0,4.0,0.0,False,not_1qb;non_redraft_or_idp
423498390085578752,2019,423498390827958272,12,19,1,0,1,dynasty,0,True,1.0,4.0,0.0,False,non_redraft_or_idp
421498041309073408,2019,424403832307462144,12,3,1,1,1,dynasty,0,True,0.5,6.0,0.0,False,not_1qb;short_draft;non_redraft_or_idp
422160891522334720,2019,428009754342739968,12,4,1,1,1,dynasty,0,True,1.0,4.0,0.5,False,not_1qb;short_draft;non_redraft_or_idp;te_premium
391382665476993024,2019,429000401564475392,12,5,1,1,1,dynasty,0,False,1.0,4.0,0.5,False,incomplete_board;not_1qb;short_draft;non_redraft_or_idp;te_premium
431147071760760832,2019,431147073300082688,12,30,1,1,1,dynasty,0,True,1.0,4.0,0.5,False,not_1qb;non_redraft_or_idp;te_premium
431643520722284544,2019,431643521728909312,12,27,1,1,1,dynasty,0,False,0.5,4.0,0.5,False,incomplete_board;not_1qb;non_redraft_or_idp;te_premium
432961484394328064,2019,432961486214656000,12,18,1,0,1,ppr,0,True,1.0,4.0,0.0,True,eligible
433677027480956928,2019,433677028881854464,12,28,1,2,1,dynasty,0,True,1.0,6.0,1.0,False,not_1qb;non_redraft_or_idp;te_premium
433728522159124480,2019,433728526999351296,12,25,1,0,1,dynasty,0,True,0.5,6.0,0.0,False,non_redraft_or_idp
434534338042785792,2019,434534341012353024,12,34,1,1,1,dynasty,0,True,1.0,4.0,0.5,False,not_1qb;non_redraft_or_idp;te_premium
428685673784942592,2019,436057034438209536,12,3,1,0,1,dynasty,0,True,0.25,6.0,0.25,False,short_draft;non_redraft_or_idp;te_premium
436406501251215360,2019,436406502576615424,12,25,1,0,1,dynasty,0,True,1.0,6.0,0.0,False,non_redraft_or_idp
437441710738370560,2019,437441711820500992,12,30,1,1,0,dynasty,0,True,1.0,5.0,0.5,False,not_1qb;no_required_te;non_redraft_or_idp;te_premium
429789075730354176,2019,437936278667784192,12,4,1,1,1,dynasty,0,True,1.0,4.0,0.0,False,not_1qb;short_draft;non_redraft_or_idp
437111338670485504,2019,439617730224582656,12,4,1,1,1,dynasty,0,True,1.0,6.0,0.0,False,not_1qb;short_draft;non_redraft_or_idp
439781511982477312,2019,439781513324654592,12,25,1,0,1,dynasty,0,True,1.0,6.0,0.0,False,non_redraft_or_idp
439917925588004864,2019,439917926254899200,12,30,1,1,1,dynasty,0,True,1.0,6.0,0.0,False,not_1qb;non_redraft_or_idp
440323615171276800,2019,440323617184542720,12,25,1,1,1,dynasty,0,True,1.0,4.0,0.0,False,not_1qb;non_redraft_or_idp
441429476300025856,2019,441429479391227904,12,30,1,1,1,dynasty,0,True,0.5,4.0,0.5,False,not_1qb;non_redraft_or_idp;te_premium
439939117921333248,2019,443616335134453760,12,4,1,1,2,dynasty,0,True,1.0,4.0,0.0,False,not_1qb;short_draft;non_redraft_or_idp
444137470976585728,2019,444137472067104768,12,26,1,1,1,dynasty,0,True,1.0,6.0,0.5,False,not_1qb;non_redraft_or_idp;te_premium
439296870091583488,2019,444708130551492608,12,7,1,0,1,dynasty,0,True,1.0,6.0,1.0,False,short_draft;non_redraft_or_idp;te_premium
442458250382667776,2019,445102410998738944,12,4,1,1,1,dynasty,0,True,1.0,4.0,0.0,False,not_1qb;short_draft;non_redraft_or_idp
404316230980288512,2019,446341829789478912,12,5,1,1,1,dynasty,0,True,0.5,6.0,1.0,False,not_1qb;short_draft;non_redraft_or_idp;te_premium
448685414253850624,2019,448685415071739904,12,16,1,0,1,ppr,0,True,1.0,6.0,0.0,True,eligible
449282659814731776,2019,449282663446999040,12,18,1,1,2,2qb,0,True,0.5,4.0,0.0,False,not_1qb;non_redraft_or_idp
451284170568626176,2019,451284171575259136,12,17,1,0,0,ppr,0,True,1.0,6.0,0.0,False,no_required_te
451463008187576320,2019,451463015808626688,12,15,1,0,1,half_ppr,0,True,0.5,6.0,0.0,True,eligible
451513564125982720,2019,451513564125982721,12,15,1,0,1,ppr,0,True,1.0,6.0,0.0,True,eligible
451820031534166016,2019,451820033551626240,12,26,1,1,1,dynasty,0,True,0.5,4.0,0.0,False,not_1qb;non_redraft_or_idp
451518091973619712,2019,452141580027949056,12,16,1,0,1,ppr,0,True,1.0,6.0,0.0,True,eligible
452673895414099968,2019,452673898484330496,12,22,1,1,1,2qb,0,True,0.5,6.0,0.5,False,not_1qb;non_redraft_or_idp;te_premium
452839310601744384,2019,452839311788732416,12,15,1,1,1,2qb,0,True,0.5,6.0,0.0,False,not_1qb;non_redraft_or_idp
453479848682188800,2019,453479850892587008,12,24,1,1,1,dynasty,0,False,1.0,4.0,0.0,False,incomplete_board;not_1qb;non_redraft_or_idp
451442372811681792,2019,453680602915270656,12,4,1,1,1,dynasty,0,True,1.0,4.0,0.0,False,not_1qb;short_draft;non_redraft_or_idp
452178564968607744,2019,453967304657465344,12,14,1,0,1,half_ppr,0,True,0.5,4.0,0.0,True,eligible
451811756340146176,2019,454040566443798528,12,4,1,1,1,dynasty,0,True,1.0,4.0,0.5,False,not_1qb;short_draft;non_redraft_or_idp;te_premium
454324412292788224,2019,454324413261672448,12,18,1,1,1,2qb,0,True,1.0,4.0,0.0,False,not_1qb;non_redraft_or_idp
454853843860058112,2019,454853844954771456,12,16,1,0,0,half_ppr,0,True,0.5,6.0,0.0,False,no_required_te
454141714249019392,2019,454876503100878848,12,32,1,1,1,dynasty,0,True,1.0,6.0,0.0,False,not_1qb;non_redraft_or_idp
455137347097325568,2019,455137348556943360,12,25,1,0,1,dynasty,0,False,0.5,5.0,0.0,False,incomplete_board;non_redraft_or_idp
455196886689640448,2019,455196887880822784,12,25,1,1,1,dynasty,0,True,0.0,4.0,0.5,False,not_1qb;non_redraft_or_idp;te_premium
455210862748102656,2019,455210864404852736,12,32,1,1,1,dynasty,0,True,1.0,5.0,0.75,False,not_1qb;non_redraft_or_idp;te_premium
455408075445104640,2019,455408076447543296,12,24,1,0,1,dynasty,0,True,1.0,4.0,0.0,False,non_redraft_or_idp
457179323187589120,2019,457179324907253760,12,17,1,0,1,half_ppr,0,True,0.5,4.0,0.0,True,eligible
453807743237615616,2019,458003572252995584,12,4,1,1,1,dynasty,0,True,1.0,4.0,0.0,False,not_1qb;short_draft;non_redraft_or_idp
458339742056968192,2019,458339744552579072,12,23,1,1,1,dynasty,0,True,1.0,4.0,0.5,False,not_1qb;non_redraft_or_idp;te_premium
459795191176359936,2019,459795193005076480,12,25,1,1,1,2qb,0,True,0.5,4.0,0.0,False,not_1qb;non_redraft_or_idp
460505032731652096,2019,460505033973166080,12,35,1,0,1,dynasty,0,True,1.0,4.0,0.0,False,non_redraft_or_idp
460560868774506496,2019,460560872369025024,12,14,1,0,1,half_ppr,0,True,0.5,4.0,0.25,False,te_premium
461351125388357632,2019,461351127712002048,12,23,1,1,1,dynasty,0,True,0.5,4.0,0.0,False,not_1qb;non_redraft_or_idp
461918856596680704,2019,461918858446368768,12,14,1,1,1,2qb,0,True,1.0,4.0,0.0,False,not_1qb;non_redraft_or_idp
461936810763743232,2019,461936812546322432,12,16,1,0,1,half_ppr,0,True,0.5,4.0,0.0,True,eligible
462696183391842304,2019,462696187036692480,12,17,1,1,1,dynasty,0,True,1.0,6.0,0.0,False,not_1qb;non_redraft_or_idp
383067957368233984,2019,463072158499729408,12,16,1,0,1,half_ppr,61,True,0.5,4.0,0.0,False,keeper_picks
464134570757844992,2019,464134575019257856,12,16,1,0,1,ppr,0,True,1.0,6.0,0.0,True,eligible
464136526645686272,2019,464136529011273728,12,47,1,1,1,dynasty,0,True,0.5,4.0,0.0,False,not_1qb;non_redraft_or_idp
464112256548859904,2019,464180973634842624,12,5,1,1,1,dynasty,0,True,1.0,4.0,0.5,False,not_1qb;short_draft;non_redraft_or_idp;te_premium
459487157942218752,2019,464583734469849088,12,15,1,0,1,half_ppr,0,True,0.5,6.0,0.0,True,eligible
465425306375680000,2019,465425307311009792,12,16,1,0,1,ppr,0,True,1.0,6.0,0.0,True,eligible
465425389137686528,2019,465425389838135296,12,16,1,0,1,ppr,0,True,1.0,6.0,0.0,True,eligible
465432402190135296,2019,465554645025026048,12,20,1,0,1,dynasty,0,True,0.5,4.0,0.0,False,non_redraft_or_idp
465699126659510272,2019,465699128320454656,12,16,1,1,1,2qb,0,True,1.0,4.0,0.0,False,not_1qb;non_redraft_or_idp
465745809317556224,2019,465745810445824000,12,18,1,0,1,dynasty,0,True,1.0,4.0,0.0,False,non_redraft_or_idp
457286471162785792,2019,465989023660240896,12,4,1,1,1,dynasty,0,True,1.0,6.0,0.0,False,not_1qb;short_draft;non_redraft_or_idp
466360519314370561,2019,466360519314370564,12,15,1,0,0,ppr,0,True,1.0,4.0,0.0,False,no_required_te
466747287784124416,2019,466765441134489600,12,3,1,0,1,dynasty,0,False,0.0,4.0,0.0,False,incomplete_board;short_draft;non_redraft_or_idp
467049183509999616,2019,467049184571158528,12,16,1,0,1,ppr,0,True,1.0,4.0,0.0,True,eligible
467330374494580736,2019,467330375786426368,12,14,1,0,1,ppr,0,True,1.0,4.0,0.0,True,eligible
467578974835306496,2019,467578975732887552,12,16,1,0,1,ppr,0,True,1.0,4.0,0.0,True,eligible
464628087376572416,2019,468135948312375296,12,4,1,1,1,dynasty,0,True,1.0,6.0,0.5,False,not_1qb;short_draft;non_redraft_or_idp;te_premium
468471320359727104,2019,468471322335244288,12,15,2,0,1,2qb,0,True,0.5,4.0,0.0,False,not_1qb;non_redraft_or_idp
428957164606865408,2019,468551260149116928,12,3,1,0,1,dynasty,0,False,1.0,6.0,0.0,False,incomplete_board;short_draft;non_redraft_or_idp
468852470680907776,2019,468852473990213632,12,15,1,0,1,half_ppr,0,True,0.5,4.0,0.0,True,eligible
468927806877724672,2019,468927830483267584,12,15,1,0,1,ppr,0,True,1.0,4.0,0.0,True,eligible
432961769325981696,2019,468952380965122048,12,15,1,0,1,ppr,0,True,1.0,4.0,0.0,True,eligible
468959797819994112,2019,468959799522881536,12,15,1,0,1,std,0,True,0.0,4.0,0.5,False,te_premium
468993387777748992,2019,468993389312864256,12,15,1,0,1,half_ppr,0,True,0.5,4.0,0.0,True,eligible
469245428395667456,2019,469245430044028928,12,23,1,1,1,dynasty,0,True,0.5,6.0,0.0,False,not_1qb;non_redraft_or_idp
469257381256097792,2019,469257382409531392,12,17,1,0,1,ppr,0,True,1.0,4.0,0.0,True,eligible
469262240336310272,2019,469262241988866048,12,15,1,0,1,half_ppr,0,True,0.5,4.0,0.0,True,eligible
469311051368755200,2019,469311053021310976,12,15,1,0,1,half_ppr,0,True,0.5,4.0,0.0,True,eligible
469560488993222656,2019,469560492042481664,12,15,1,0,1,half_ppr,0,True,0.5,6.0,0.0,True,eligible
469597579064111104,2019,469597581102542848,12,16,1,0,1,ppr,0,True,1.0,6.0,0.0,True,eligible
470832556216938496,2019,470832557294874624,12,15,1,0,1,half_ppr,0,True,0.5,4.0,0.0,True,eligible
470870078347276288,2019,470870079383269376,12,17,1,0,1,ppr,0,True,1.0,4.0,0.5,False,te_premium
470939942600568832,2019,470939945582718976,12,16,1,0,1,std,0,True,0.0,6.0,0.0,True,eligible
471410558386565120,2019,471410560018149376,12,21,1,0,1,dynasty,0,True,1.0,4.0,0.0,False,non_redraft_or_idp
471807518067126272,2019,471807519241531392,12,15,1,1,1,2qb,0,True,0.5,4.0,0.0,False,not_1qb;non_redraft_or_idp
471949482653642752,2019,471949483798687744,12,20,1,0,1,dynasty,0,True,1.0,4.0,0.0,False,non_redraft_or_idp
471432107055378432,2019,472028577160753152,12,20,1,1,1,dynasty,0,True,1.0,4.0,0.0,False,not_1qb;non_redraft_or_idp
472083975813197824,2019,472083978061344768,12,16,1,0,1,ppr,0,True,1.0,4.0,0.0,True,eligible
444180146136543232,2019,472253526798495744,12,15,1,0,1,ppr,0,True,1.0,4.0,0.0,True,eligible
472497153994911744,2019,472497155894931456,12,22,1,1,1,dynasty,0,True,1.0,4.0,0.0,False,not_1qb;non_redraft_or_idp
470375545448689664,2019,472627033055162368,12,4,1,1,1,dynasty,0,True,1.0,6.0,0.75,False,not_1qb;short_draft;non_redraft_or_idp;te_premium
473145572748947456,2019,473145573566836736,12,27,1,0,1,dynasty,0,True,1.0,6.0,0.0,False,non_redraft_or_idp
473198309004013568,2019,473198311784837120,12,24,1,1,1,dynasty,0,True,1.0,6.0,0.0,False,not_1qb;non_redraft_or_idp
473540903366029312,2019,473599297124823040,12,24,1,0,1,dynasty,0,True,1.0,4.0,0.0,False,non_redraft_or_idp
473737824592457728,2019,473737826672832512,12,14,1,0,1,half_ppr,0,True,0.5,6.0,0.0,True,eligible
472344221638979584,2019,474155121832357888,12,15,1,0,1,half_ppr,0,True,0.5,4.0,0.0,True,eligible
474401472163868672,2019,474401473589932032,12,20,1,0,1,dynasty,0,True,0.5,4.0,0.0,False,non_redraft_or_idp
474733205673472000,2019,474733205673472001,12,16,1,0,1,half_ppr,0,True,0.5,4.0,0.0,True,eligible
474733212698931200,2019,474733212698931201,12,16,1,0,1,half_ppr,0,True,0.5,4.0,0.0,True,eligible
474739173501169664,2019,474739174809792512,12,20,1,1,1,dynasty,0,True,1.0,6.0,0.0,False,not_1qb;non_redraft_or_idp
474763392318435328,2019,474763392318435329,12,16,1,0,1,half_ppr,0,True,0.5,4.0,0.0,True,eligible
474763400728014848,2019,474763400732209152,12,16,1,0,1,half_ppr,0,True,0.5,4.0,0.0,True,eligible
474763408684609536,2019,474763408684609538,12,16,1,0,1,half_ppr,0,True,0.5,4.0,0.0,True,eligible
474763425646374914,2019,474763425646374915,12,16,1,0,1,half_ppr,0,True,0.5,4.0,0.0,True,eligible
475095748451495936,2019,475095748455690240,12,16,1,0,1,half_ppr,0,True,0.5,4.0,0.0,True,eligible
475095748552159232,2019,475095748552159233,12,16,1,0,1,half_ppr,0,True,0.5,4.0,0.0,True,eligible
475095761839714304,2019,475095761839714305,12,16,1,0,1,half_ppr,0,True,0.5,4.0,0.0,True,eligible
475125955250089985,2019,475125955250089986,12,16,1,0,1,half_ppr,0,True,0.5,4.0,0.0,True,eligible
480479096409681920,2019,480479100281024512,12,34,1,1,1,dynasty,0,False,0.5,4.0,0.0,False,incomplete_board;not_1qb;non_redraft_or_idp
504152245885988864,2019,504152247131697152,12,25,1,0,1,dynasty,0,True,1.0,6.0,0.0,False,non_redraft_or_idp
515467894882902016,2020,515467894882902017,12,15,1,0,1,half_ppr,12,True,0.5,4.0,0.0,False,keeper_picks
515530530187833344,2020,515530530187833345,12,16,1,0,1,half_ppr,57,True,0.5,4.0,0.0,False,keeper_picks
515621140030889984,2020,515621140030889985,12,16,1,0,1,ppr,34,True,1.0,4.0,0.0,False,keeper_picks
515640439164444672,2020,515640439164444673,12,15,1,0,1,half_ppr,6,True,0.5,6.0,0.0,False,keeper_picks
515670429900509184,2020,515670429900509185,12,5,1,1,1,dynasty,0,False,0.5,6.0,0.5,False,incomplete_board;not_1qb;short_draft;non_redraft_or_idp;te_premium
515974520763191296,2020,515974520763191297,12,16,1,0,2,half_ppr,0,True,0.5,6.0,0.0,True,eligible
516067890108010496,2020,516067890108010497,12,13,1,0,1,half_ppr,0,True,0.5,6.0,0.0,True,eligible
519339747589935104,2020,519339747589935105,12,15,1,0,1,ppr,0,True,1.0,6.0,0.0,True,eligible
519367159005114368,2020,519368896638152704,12,33,1,0,1,dynasty,0,True,1.0,6.0,0.0,False,non_redraft_or_idp
519919472993173504,2020,519919472993173505,12,15,1,0,1,half_ppr,0,True,0.5,6.0,0.0,True,eligible
520081942477230080,2020,520081942477230081,12,4,1,0,1,dynasty,0,False,1.0,4.0,0.0,False,incomplete_board;short_draft;non_redraft_or_idp
522790214908829696,2020,522790214908829697,12,17,1,0,1,half_ppr,0,True,0.5,4.0,0.0,True,eligible
522950008204476416,2020,522950008204476417,12,15,1,0,1,half_ppr,31,True,0.5,4.0,0.0,False,keeper_picks
521911026804097024,2020,523641307769499648,12,5,1,1,1,dynasty,0,True,1.0,6.0,0.5,False,not_1qb;short_draft;non_redraft_or_idp;te_premium
519713258524102656,2020,523731492414844928,12,4,1,0,1,dynasty,0,True,0.5,4.0,0.0,False,short_draft;non_redraft_or_idp
523248090104287232,2020,525896612578807808,12,5,1,1,1,dynasty,0,True,1.0,6.0,0.5,False,not_1qb;short_draft;non_redraft_or_idp;te_premium
526829728056221696,2020,530236063917293568,12,5,1,1,1,dynasty,0,True,1.0,6.0,0.75,False,not_1qb;short_draft;non_redraft_or_idp;te_premium
530254960645128192,2020,530254960645128193,12,3,1,0,1,dynasty,0,True,0.5,4.0,0.0,False,short_draft;non_redraft_or_idp
525349415936745472,2020,532347707735924736,12,5,1,1,1,dynasty,0,True,0.5,4.0,1.0,False,not_1qb;short_draft;non_redraft_or_idp;te_premium
516002136989863936,2020,532797767412158464,12,3,1,1,1,dynasty,0,True,1.0,6.0,0.5,False,not_1qb;short_draft;non_redraft_or_idp;te_premium
529792555656126464,2020,535233310592139264,12,5,1,1,1,dynasty,0,True,1.0,6.0,0.5,False,not_1qb;short_draft;non_redraft_or_idp;te_premium
531185238099169280,2020,535361396658286592,12,5,1,1,1,dynasty,0,True,1.0,4.0,0.5,False,not_1qb;short_draft;non_redraft_or_idp;te_premium
535785425454080000,2020,535785427331919872,12,17,1,0,1,ppr,0,True,1.0,4.0,0.0,True,eligible
536324267585048576,2020,536324270151094272,12,21,1,1,1,2qb,0,True,1.0,4.0,0.0,False,not_1qb;non_redraft_or_idp
536954719108005888,2020,536954720693452800,12,25,1,1,1,dynasty,0,True,1.0,4.0,1.0,False,not_1qb;non_redraft_or_idp;te_premium
530458426387849216,2020,538441241155244032,12,4,1,1,1,dynasty,0,True,1.0,6.0,1.0,False,not_1qb;short_draft;non_redraft_or_idp;te_premium
535873205980495872,2020,539251566219337728,12,4,1,1,1,dynasty,0,True,1.0,6.0,0.5,False,not_1qb;short_draft;non_redraft_or_idp;te_premium
539330267564974080,2020,539330271055388672,12,16,1,1,1,2qb,0,True,1.0,4.0,0.0,False,not_1qb;non_redraft_or_idp
538398330719002624,2020,539508747212660736,12,4,1,1,1,dynasty,0,True,1.0,4.0,0.0,False,not_1qb;short_draft;non_redraft_or_idp
539886976272232448,2020,539886976272232449,12,17,1,0,1,ppr,0,True,1.0,4.0,0.0,True,eligible
538385323119919104,2020,539994717174849536,12,5,1,1,1,dynasty,0,True,1.0,6.0,0.5,False,not_1qb;short_draft;non_redraft_or_idp;te_premium
537502323617124352,2020,541033490699694080,12,5,1,1,1,dynasty,0,True,1.0,4.0,0.5,False,not_1qb;short_draft;non_redraft_or_idp;te_premium
538465164981919744,2020,541541773230829568,12,4,1,1,1,dynasty,0,True,1.0,4.0,0.0,False,not_1qb;short_draft;non_redraft_or_idp
537481538399719424,2020,544392707219357696,12,5,1,1,1,dynasty,0,True,1.0,4.0,0.0,False,not_1qb;short_draft;non_redraft_or_idp
539137835551752192,2020,544580126534635520,12,4,1,1,1,dynasty,0,True,1.0,4.0,0.0,False,not_1qb;short_draft;non_redraft_or_idp
545127702917070848,2020,545127703978229760,12,30,1,1,1,dynasty,0,True,0.5,4.0,0.5,False,not_1qb;non_redraft_or_idp;te_premium
545475134843904000,2020,545475136844587008,12,30,1,1,1,dynasty,0,True,1.0,5.0,1.0,False,not_1qb;non_redraft_or_idp;te_premium
543899353486741504,2020,546514442715127808,12,4,0,2,1,dynasty,0,True,0.5,6.0,0.0,False,not_1qb;short_draft;non_redraft_or_idp
546718728053403648,2020,546718730586415104,12,19,1,0,1,ppr,0,True,1.0,4.0,0.0,True,eligible
546730670441033728,2020,546730671808376832,12,20,1,1,1,dynasty,0,True,1.0,4.0,0.5,False,not_1qb;non_redraft_or_idp;te_premium
544674033612607488,2020,547510058213318656,12,5,1,1,1,dynasty,0,True,1.0,6.0,0.5,False,not_1qb;short_draft;non_redraft_or_idp;te_premium
545753517030457344,2020,547559711013933056,12,4,2,0,1,dynasty,0,True,0.5,6.0,0.75,False,not_1qb;short_draft;non_redraft_or_idp;te_premium
544702695114379264,2020,547968696997969920,12,3,1,1,1,dynasty,0,True,1.0,6.0,0.5,False,not_1qb;short_draft;non_redraft_or_idp;te_premium
541328195649757184,2020,547984743893577728,12,4,1,0,1,dynasty,0,True,1.0,4.0,0.0,False,short_draft;non_redraft_or_idp
547979167193116672,2020,548196841843748864,12,3,1,1,1,dynasty,0,True,1.0,4.0,0.0,False,not_1qb;short_draft;non_redraft_or_idp
548328223611789312,2020,548328224856375296,12,20,1,1,1,dynasty,0,True,1.0,4.0,0.5,False,not_1qb;non_redraft_or_idp;te_premium
549301571636531200,2020,549301572784861184,12,25,1,1,1,dynasty,0,True,1.0,4.0,0.5,False,not_1qb;non_redraft_or_idp;te_premium
543668325082488832,2020,549380462124306432,12,6,1,1,1,dynasty,0,True,1.0,6.0,0.5,False,not_1qb;short_draft;non_redraft_or_idp;te_premium
548991667878219776,2020,550155179933507584,12,5,1,1,1,dynasty,0,True,1.0,4.0,0.5,False,not_1qb;short_draft;non_redraft_or_idp;te_premium
541690146785161216,2020,550364284334710784,12,4,1,1,1,dynasty,0,True,0.0,6.0,1.5,False,not_1qb;short_draft;non_redraft_or_idp;te_premium
517434249374461952,2020,550372168514539520,12,4,1,0,1,dynasty,0,True,1.0,6.0,0.0,False,short_draft;non_redraft_or_idp
550838248655671296,2020,550838249640706048,12,17,1,1,1,2qb,0,True,1.0,6.0,0.0,False,not_1qb;non_redraft_or_idp
551058873736626176,2020,551932017509101568,12,4,1,0,1,dynasty,0,True,1.0,6.0,0.0,False,short_draft;non_redraft_or_idp
526680252971237376,2020,552366179226165248,12,4,1,1,1,dynasty,0,True,0.0,6.0,0.5,False,not_1qb;short_draft;non_redraft_or_idp;te_premium
552545318874419200,2020,552545321291059200,12,35,1,1,1,dynasty,0,True,1.0,5.0,1.0,False,not_1qb;non_redraft_or_idp;te_premium
552940803717332992,2020,552940805171478528,12,30,1,1,1,dynasty,0,True,1.0,6.0,0.5,False,not_1qb;non_redraft_or_idp;te_premium
552564022559518720,2020,552985818820771840,12,4,1,1,1,dynasty,0,True,1.0,4.0,0.0,False,not_1qb;short_draft;non_redraft_or_idp
551519630079467520,2020,553415135293566976,12,6,1,1,1,dynasty,0,True,1.0,6.0,0.0,False,not_1qb;short_draft;non_redraft_or_idp
550538846171553792,2020,554381573752307712,12,5,1,1,1,dynasty,0,True,1.0,4.0,0.0,False,not_1qb;short_draft;non_redraft_or_idp
549802201561296896,2020,554469268143431680,12,4,1,1,1,dynasty,0,True,1.0,6.0,0.5,False,not_1qb;short_draft;non_redraft_or_idp;te_premium
552281262683557888,2020,554472226524704768,12,5,1,1,1,dynasty,0,True,1.0,4.0,0.5,False,not_1qb;short_draft;non_redraft_or_idp;te_premium
554516000092938240,2020,554516000092938241,12,15,1,0,1,ppr,9,True,1.0,6.0,0.0,False,keeper_picks
554881028680155136,2020,554881030370459648,12,18,1,1,1,2qb,0,True,1.0,6.0,0.5,False,not_1qb;non_redraft_or_idp;te_premium
555199971992514560,2020,555199977169694720,12,14,1,0,1,ppr,0,True,1.0,6.0,0.0,True,eligible
555472044591603712,2020,555472046894088192,12,25,1,0,1,dynasty,0,True,1.0,4.0,0.0,False,non_redraft_or_idp
556266895334277120,2020,556266896968777728,12,21,1,0,1,dynasty,0,True,1.0,4.0,0.0,False,non_redraft_or_idp
556730904547426304,2020,556730906628362240,12,26,1,1,1,dynasty,0,True,1.0,4.0,0.0,False,not_1qb;non_redraft_or_idp
509743096317448192,2020,556773002386604032,12,5,1,1,1,dynasty,0,True,0.5,6.0,0.25,False,not_1qb;short_draft;non_redraft_or_idp;te_premium
556940336931700736,2020,556940338957549568,12,29,1,1,1,dynasty,0,True,1.0,6.0,0.5,False,not_1qb;non_redraft_or_idp;te_premium
552218377152405504,2020,557035919574990848,12,4,1,1,1,dynasty,0,True,1.0,4.0,0.5,False,not_1qb;short_draft;non_redraft_or_idp;te_premium
556153336218091520,2020,557069278716002304,12,3,1,1,1,dynasty,0,True,0.5,6.0,0.0,False,not_1qb;short_draft;non_redraft_or_idp
555981016157487104,2020,557751406271987712,12,4,1,1,2,dynasty,0,True,1.0,6.0,1.0,False,not_1qb;short_draft;non_redraft_or_idp;te_premium
558012511164739584,2020,558012512381087744,12,25,1,1,2,dynasty,0,False,1.0,4.0,0.5,False,incomplete_board;not_1qb;non_redraft_or_idp;te_premium
554804326528548864,2020,558275755253166080,12,5,1,1,1,dynasty,0,True,1.0,4.0,0.0,False,not_1qb;short_draft;non_redraft_or_idp
558685980725194752,2020,558685980725194753,12,16,1,0,1,ppr,0,True,1.0,5.0,0.0,True,eligible
548793844547280896,2020,559853004171374592,12,6,1,1,1,dynasty,0,True,1.0,6.0,1.0,False,not_1qb;short_draft;non_redraft_or_idp;te_premium
559930164663910400,2020,559930166253551616,12,20,1,1,1,2qb,0,True,1.0,4.0,0.0,False,not_1qb;non_redraft_or_idp
557333825613578240,2020,560222109119700992,12,3,2,0,1,dynasty,0,True,1.0,4.0,0.0,False,not_1qb;short_draft;non_redraft_or_idp
560303720721453056,2020,560303722492719104,12,18,1,1,1,2qb,0,True,1.0,4.0,0.5,False,not_1qb;non_redraft_or_idp;te_premium
558085213516656640,2020,560324526286696448,12,4,1,1,1,dynasty,0,True,1.0,6.0,0.0,False,not_1qb;short_draft;non_redraft_or_idp
552725959524167680,2020,560471327857831936,12,4,1,1,1,dynasty,0,False,1.0,4.0,0.5,False,incomplete_board;not_1qb;short_draft;non_redraft_or_idp;te_premium
560536026434830336,2020,560536028720726016,12,27,1,0,1,dynasty,0,True,0.5,4.0,0.0,False,non_redraft_or_idp
560547978108174336,2020,560547979690373120,12,28,1,0,1,dynasty,0,True,1.0,4.0,0.0,False,non_redraft_or_idp
560621358524260352,2020,560621358524260353,12,26,1,1,1,2qb,0,True,1.0,4.0,0.5,False,not_1qb;non_redraft_or_idp;te_premium
561287025300025344,2020,561287027229405184,12,25,1,1,1,dynasty,0,True,1.0,4.0,0.5,False,not_1qb;non_redraft_or_idp;te_premium
561657555045949440,2020,561657556219621376,12,28,1,1,1,dynasty,0,True,1.0,4.0,0.5,False,not_1qb;non_redraft_or_idp;te_premium
561753993067114496,2020,561753994586267648,12,35,1,1,1,dynasty,0,True,1.0,6.0,0.5,False,not_1qb;non_redraft_or_idp;te_premium
562376162283704320,2020,562376164738387968,12,29,1,1,1,dynasty,0,True,0.5,6.0,0.5,False,not_1qb;non_redraft_or_idp;te_premium
515468496045670400,2020,563008217916751872,12,29,1,1,1,dynasty,0,True,1.0,4.0,0.0,False,not_1qb;non_redraft_or_idp
558463801159127040,2020,563078879065612288,12,4,1,0,1,dynasty,0,True,0.0,4.0,0.5,False,short_draft;non_redraft_or_idp;te_premium
560947546697486336,2020,563092966588047360,12,3,1,1,1,dynasty,0,True,1.0,6.0,0.5,False,not_1qb;short_draft;non_redraft_or_idp;te_premium
563440506116878336,2020,563440508619698176,12,25,1,1,1,dynasty,0,True,1.0,4.0,0.0,False,not_1qb;non_redraft_or_idp
562153686905602048,2020,563602409916485632,12,24,1,1,2,dynasty,0,True,1.0,4.0,0.5,False,not_1qb;non_redraft_or_idp;te_premium
563774633303441408,2020,563774634854469632,12,29,2,0,1,dynasty,0,True,1.0,5.0,0.75,False,not_1qb;non_redraft_or_idp;te_premium
564559992533377024,2020,564559992533377025,12,16,1,0,1,half_ppr,0,True,0.5,4.0,0.0,True,eligible
516049987991658496,2020,564629925050556416,12,4,1,1,1,dynasty,0,True,1.0,6.0,0.0,False,not_1qb;short_draft;non_redraft_or_idp
563168187924897792,2020,564663677521387520,12,5,1,1,1,dynasty,0,True,1.0,6.0,1.0,False,not_1qb;short_draft;non_redraft_or_idp;te_premium
564927754085371904,2020,564927756338089984,12,28,2,0,2,dynasty,0,True,1.0,6.0,0.6899999976158142,False,not_1qb;non_redraft_or_idp;te_premium
565061258366455808,2020,565061260072333312,12,17,1,1,1,2qb,0,True,1.0,4.0,0.0,False,not_1qb;non_redraft_or_idp
565379066700681216,2020,565379067933691904,12,20,1,1,1,2qb,0,True,1.0,4.0,1.0,False,not_1qb;non_redraft_or_idp;te_premium
565445747460345856,2020,565445750434107392,12,20,1,0,1,dynasty,0,True,0.5,4.0,0.0,False,non_redraft_or_idp
565664314900639744,2020,565664316588400640,12,28,1,1,1,dynasty,0,True,1.0,6.0,0.5,False,not_1qb;non_redraft_or_idp;te_premium
565993519152214016,2020,565993520531148800,12,23,1,0,0,dynasty,0,True,1.0,6.0,0.0,False,no_required_te;non_redraft_or_idp
566412168479285248,2020,566412169891708928,12,15,1,1,1,2qb,0,True,1.0,6.0,0.5,False,not_1qb;non_redraft_or_idp;te_premium
566479576738119680,2020,566479579759624192,12,17,1,1,1,2qb,0,True,0.0,6.0,1.5,False,not_1qb;non_redraft_or_idp;te_premium
566765653174104064,2020,566765655226630144,12,33,1,1,1,dynasty,0,True,0.5,6.0,0.5,False,not_1qb;non_redraft_or_idp;te_premium
566778061034000384,2020,566778062836183040,12,17,1,1,1,2qb,0,True,1.0,4.0,0.0,False,not_1qb;non_redraft_or_idp
566837594195079168,2020,566837595549839360,12,28,1,1,1,dynasty,0,True,0.5,6.0,0.5,False,not_1qb;non_redraft_or_idp;te_premium
567226734822035456,2020,567226736080326656,12,16,1,1,1,2qb,0,True,1.0,4.0,0.0,False,not_1qb;non_redraft_or_idp
567781942205325312,2020,567781946957471744,12,26,1,1,1,dynasty,0,True,0.5,4.0,0.0,False,not_1qb;non_redraft_or_idp
564951502519832576,2020,567816218225385472,12,4,1,1,1,dynasty,0,True,1.0,4.0,0.0,False,not_1qb;short_draft;non_redraft_or_idp
567884181457739776,2020,567884182820368384,12,31,1,1,2,dynasty,0,True,1.0,6.0,1.0,False,not_1qb;non_redraft_or_idp;te_premium
565556622338887680,2020,568134391546212352,12,5,1,1,1,dynasty,0,True,0.5,6.0,0.5,False,not_1qb;short_draft;non_redraft_or_idp;te_premium
568648733929119744,2020,568648735560704000,12,28,1,1,1,dynasty,0,False,1.0,4.0,0.0,False,incomplete_board;not_1qb;non_redraft_or_idp
568652746244755456,2020,568652747458617344,12,26,1,1,1,dynasty,0,True,1.0,6.0,1.0,False,not_1qb;non_redraft_or_idp;te_premium
551888598092431360,2020,568907021794869248,12,5,1,1,1,dynasty,0,False,0.5,4.0,0.0,False,incomplete_board;not_1qb;short_draft;non_redraft_or_idp
558039191760846848,2020,569017339818487808,12,4,1,1,1,dynasty,0,False,1.0,4.0,0.5,False,incomplete_board;not_1qb;short_draft;non_redraft_or_idp;te_premium
569363698983686144,2020,569363700546621440,12,24,1,1,1,dynasty,0,False,1.0,4.0,0.0,False,incomplete_board;not_1qb;non_redraft_or_idp
569967538339721216,2020,569967539336839168,12,25,1,1,1,dynasty,0,True,0.5,4.0,0.0,False,not_1qb;non_redraft_or_idp
570093585617444864,2020,570093590121611264,12,17,1,1,1,2qb,0,True,0.0,6.0,1.5,False,not_1qb;non_redraft_or_idp;te_premium
570325363914670080,2020,570325365244264448,12,26,1,0,1,dynasty,0,True,1.0,6.0,0.0,False,non_redraft_or_idp
570347694837940224,2020,570347697702649856,12,28,1,1,1,dynasty,0,True,1.0,4.0,0.0,False,not_1qb;non_redraft_or_idp
570390797590413312,2020,570390798695432192,12,26,1,1,1,dynasty,0,True,1.0,6.0,0.0,False,not_1qb;non_redraft_or_idp
567785822374154240,2020,570765066516287488,12,4,1,1,1,dynasty,0,True,1.0,6.0,0.5,False,not_1qb;short_draft;non_redraft_or_idp;te_premium
570782413203341312,2020,570819008850878464,12,27,1,1,1,dynasty,0,True,1.0,6.0,0.0,False,not_1qb;non_redraft_or_idp
571083060439146496,2020,571083061792948224,12,25,1,1,1,dynasty,0,False,0.5,4.0,0.0,False,incomplete_board;not_1qb;non_redraft_or_idp
568847452674859008,2020,571359778774249472,12,5,1,1,2,dynasty,0,True,1.0,6.0,0.6899999976158142,False,not_1qb;short_draft;non_redraft_or_idp;te_premium
571438172006490112,2020,571438173899845632,12,24,1,1,1,dynasty,0,True,1.0,4.0,0.0,False,not_1qb;non_redraft_or_idp
571457350451462144,2020,571543168884527104,12,5,1,1,2,dynasty,0,True,1.0,6.0,0.5,False,not_1qb;short_draft;non_redraft_or_idp;te_premium
571688448012128256,2020,571688451405000704,12,20,1,0,1,ppr,0,True,1.0,4.0,0.0,True,eligible
568490139223212032,2020,571722937222479872,12,5,1,1,1,dynasty,0,True,1.0,4.0,0.5,False,not_1qb;short_draft;non_redraft_or_idp;te_premium
568090445960368128,2020,571732972683988992,12,4,1,0,1,dynasty,0,True,0.5,6.0,0.0,False,short_draft;non_redraft_or_idp
571730872126115840,2020,571780256056655872,12,5,1,0,1,dynasty,0,True,1.0,6.0,0.0,False,short_draft;non_redraft_or_idp
572117475740868608,2020,572117477627830272,12,25,1,1,1,2qb,0,False,1.0,6.0,0.5,False,incomplete_board;not_1qb;non_redraft_or_idp;te_premium
572150436745961472,2020,572150437941338112,12,29,1,1,1,dynasty,0,True,0.5,6.0,0.0,False,not_1qb;non_redraft_or_idp
572207714018123776,2020,572207716169801728,12,32,1,1,1,dynasty,0,False,1.0,6.0,0.75,False,incomplete_board;not_1qb;non_redraft_or_idp;te_premium
572484741241819136,2020,572484742713597952,12,17,1,0,1,half_ppr,0,True,0.0,6.0,0.0,True,eligible
569307760594522112,2020,572488110444052480,12,4,1,1,1,dynasty,0,False,1.0,4.0,0.0,False,incomplete_board;not_1qb;short_draft;non_redraft_or_idp
572999837216301056,2020,572999838361444352,12,38,1,1,1,dynasty,0,True,1.0,4.0,0.5,False,not_1qb;non_redraft_or_idp;te_premium
573165065709981696,2020,573165067203153920,12,29,1,1,1,dynasty,0,True,0.5,4.0,0.0,False,not_1qb;non_redraft_or_idp
573194316700020736,2020,573194318387314688,12,15,1,0,1,std,0,True,0.0,4.0,0.0,True,eligible
573280950940164096,2020,573280952640212992,12,30,1,1,1,dynasty,0,True,1.0,4.0,0.0,False,not_1qb;non_redraft_or_idp
573284709746290688,2020,573284711478538240,12,25,1,1,1,dynasty,0,True,1.0,6.0,1.0,False,not_1qb;non_redraft_or_idp;te_premium
573542913283993600,2020,573542914667380736,12,29,1,1,1,dynasty,0,True,1.0,5.0,0.75,False,not_1qb;non_redraft_or_idp;te_premium
572313922161225728,2020,573570793040052224,12,25,1,1,1,dynasty,0,False,1.0,4.0,0.0,False,incomplete_board;not_1qb;non_redraft_or_idp
573605731486744576,2020,573605731486744577,12,15,1,0,1,half_ppr,0,True,0.5,4.0,0.0,True,eligible
573669789356290048,2020,573669793185689600,12,22,1,0,1,dynasty,0,True,0.5,6.0,0.0,False,non_redraft_or_idp
574299555500470272,2020,574299557253689344,12,15,1,1,1,2qb,0,True,1.0,4.0,0.0,False,not_1qb;non_redraft_or_idp
564472231988699136,2020,574665351605612544,12,7,1,0,1,dynasty,0,True,1.0,6.0,0.0,False,short_draft;non_redraft_or_idp
574758343471247360,2020,574758345331535872,12,23,1,1,1,dynasty,0,True,0.5,4.0,0.0,False,not_1qb;non_redraft_or_idp
553003463477559296,2020,574810241216352256,12,3,1,0,1,dynasty,0,True,1.0,4.0,0.0,False,short_draft;non_redraft_or_idp
574856775338913792,2020,574856777620615168,12,20,1,1,1,dynasty,0,True,1.0,6.0,0.0,False,not_1qb;non_redraft_or_idp
575773732806168576,2020,575773734949457920,12,25,1,1,1,dynasty,0,True,0.5,5.0,0.0,False,not_1qb;non_redraft_or_idp
572215308044591104,2020,575820726755405824,12,5,1,2,2,dynasty,0,True,0.800000011920929,5.0,1.2000000476837158,False,not_1qb;short_draft;non_redraft_or_idp;te_premium
575862261713215488,2020,575862263466434560,12,29,1,1,1,dynasty,0,True,1.0,6.0,0.5,False,not_1qb;non_redraft_or_idp;te_premium
576046215410610176,2020,576046218618609664,12,30,1,1,1,dynasty,0,True,1.0,6.0,0.5,False,not_1qb;non_redraft_or_idp;te_premium
576167577459671040,2020,576167579196665856,12,25,1,1,1,dynasty,0,True,1.0,6.0,0.5,False,not_1qb;non_redraft_or_idp;te_premium
576256572966068224,2020,576306986267467776,12,25,1,1,1,dynasty,0,True,1.0,4.0,0.0,False,not_1qb;non_redraft_or_idp
576431749854375936,2020,576431763032879104,12,20,2,0,1,2qb,0,True,1.0,4.0,0.5,False,not_1qb;non_redraft_or_idp;te_premium
576488517720584192,2020,576488520184844288,12,30,1,1,1,dynasty,0,True,1.0,6.0,1.0,False,not_1qb;non_redraft_or_idp;te_premium
577071268096937984,2020,577071271645327360,12,23,1,1,1,dynasty,0,True,1.0,6.0,0.0,False,not_1qb;non_redraft_or_idp
577191129410211840,2020,577191140286046208,12,20,1,1,1,2qb,0,True,1.0,4.0,0.5,False,not_1qb;non_redraft_or_idp;te_premium
577352342916075520,2020,577352355775819776,12,24,2,0,1,dynasty,0,True,1.0,4.0,0.5,False,not_1qb;non_redraft_or_idp;te_premium
577560158750683136,2020,577560160466145280,12,27,1,1,1,dynasty,0,True,1.0,6.0,0.5,False,not_1qb;non_redraft_or_idp;te_premium
578047649723228160,2020,578047742379597824,12,22,1,0,1,dynasty,0,True,0.5,6.0,0.0,False,non_redraft_or_idp
578329275313209344,2020,578329292627300352,12,19,1,1,1,2qb,0,True,1.0,4.0,0.5,False,not_1qb;non_redraft_or_idp;te_premium
567005189746995200,2020,578443951921475584,12,4,1,1,1,dynasty,0,True,0.5,4.0,0.0,False,not_1qb;short_draft;non_redraft_or_idp
578488303309860864,2020,578488310872182784,12,25,2,0,1,dynasty,0,True,1.0,4.0,0.5,False,not_1qb;non_redraft_or_idp;te_premium
575128623799517184,2020,579170008194654208,12,4,1,0,1,dynasty,0,True,1.0,4.0,0.0,False,short_draft;non_redraft_or_idp
576535780940353536,2020,579406716534300672,12,5,1,1,1,dynasty,0,True,1.0,6.0,1.0,False,not_1qb;short_draft;non_redraft_or_idp;te_premium
579430666437959680,2020,579430669432696832,12,24,1,1,1,dynasty,0,True,1.0,6.0,0.5,False,not_1qb;non_redraft_or_idp;te_premium
576538632278544384,2020,579500373039947776,12,4,2,0,1,dynasty,0,True,1.0,6.0,1.0,False,not_1qb;short_draft;non_redraft_or_idp;te_premium
579512516867039232,2020,579512518196629504,12,15,1,1,1,2qb,0,True,1.0,4.0,0.0,False,not_1qb;non_redraft_or_idp
579814720387723264,2020,579814723009159168,12,12,1,1,2,2qb,0,True,1.0,6.0,0.0,False,not_1qb;non_redraft_or_idp
580063055166091264,2020,580063123046703104,12,17,1,1,1,2qb,0,True,0.5,6.0,0.5,False,not_1qb;non_redraft_or_idp;te_premium
577007482002522112,2020,580157346840350720,12,5,1,1,1,dynasty,0,True,1.0,6.0,1.0,False,not_1qb;short_draft;non_redraft_or_idp;te_premium
580457718263881728,2020,580457728716083200,12,19,1,1,1,2qb,0,True,1.0,4.0,0.5,False,not_1qb;non_redraft_or_idp;te_premium
570280767436009472,2020,580955066148630528,12,4,1,0,1,dynasty,0,True,1.0,6.0,0.5,False,short_draft;non_redraft_or_idp;te_premium
581256875849330688,2020,581256890453893120,12,25,1,1,1,dynasty,0,True,1.0,6.0,0.5,False,not_1qb;non_redraft_or_idp;te_premium
571746718753419264,2020,581544476011446272,12,6,1,0,1,dynasty,0,True,0.5,4.0,0.0,False,short_draft;non_redraft_or_idp
579847081670258688,2020,581739075690598400,12,5,2,0,2,dynasty,0,True,1.0,6.0,0.6899999976158142,False,not_1qb;short_draft;non_redraft_or_idp;te_premium
582604094468820992,2020,582604095873921024,12,44,1,1,1,dynasty,0,True,0.5,6.0,0.5,False,not_1qb;non_redraft_or_idp;te_premium
582860675018166272,2020,582860676473589760,12,31,1,1,1,dynasty,0,True,1.0,6.0,1.0,False,not_1qb;non_redraft_or_idp;te_premium
582980658826088448,2020,582980661900521472,12,26,1,0,1,ppr,0,True,1.0,6.0,1.0,False,te_premium
579785014795870208,2020,583052996749856768,12,4,1,1,1,dynasty,0,True,1.0,4.0,0.0,False,not_1qb;short_draft;non_redraft_or_idp
583178672085700608,2020,583178674245779456,12,25,1,0,1,dynasty,0,True,1.0,6.0,0.0,False,non_redraft_or_idp
575409112083968000,2020,583732559423246336,12,5,1,1,1,dynasty,0,True,0.5,4.0,1.0,False,not_1qb;short_draft;non_redraft_or_idp;te_premium
583977546601762816,2020,583977553732087808,12,13,1,0,1,half_ppr,0,True,0.5,6.0,0.0,True,eligible
584189446941880320,2020,584189449018052608,12,31,1,1,1,dynasty,0,True,1.0,4.0,1.0,False,not_1qb;non_redraft_or_idp;te_premium
579733974193053696,2020,584221913962819584,12,4,1,1,1,dynasty,0,True,1.0,4.0,0.5,False,not_1qb;short_draft;non_redraft_or_idp;te_premium
584565217644548096,2020,584565224800030720,12,26,1,1,1,dynasty,0,True,1.0,5.0,0.0,False,not_1qb;non_redraft_or_idp
580450269205139456,2020,584614640558854144,12,4,1,1,1,dynasty,0,True,1.0,6.0,0.5,False,not_1qb;short_draft;non_redraft_or_idp;te_premium
584912298829721600,2020,584912302013198336,12,26,1,1,1,dynasty,0,True,0.5,6.0,0.5,False,not_1qb;non_redraft_or_idp;te_premium
584944571759235072,2020,584944573281775616,12,29,1,1,1,dynasty,0,True,1.0,6.0,0.5,False,not_1qb;non_redraft_or_idp;te_premium
580270640955699200,2020,585606479696924672,12,6,1,1,1,dynasty,0,True,1.0,6.0,0.5,False,not_1qb;short_draft;non_redraft_or_idp;te_premium
582162507980906496,2020,585719511701819392,12,5,1,2,1,dynasty,0,True,1.0,6.0,2.0,False,not_1qb;short_draft;non_redraft_or_idp;te_premium
584040587519373312,2020,585815684349468672,12,4,1,1,1,dynasty,0,True,1.0,4.0,0.0,False,not_1qb;short_draft;non_redraft_or_idp
585928537886728192,2020,585928539346341888,12,23,1,1,1,dynasty,0,True,1.0,6.0,0.0,False,not_1qb;non_redraft_or_idp
586657653053239296,2020,586657654596739072,12,24,1,1,1,dynasty,0,True,1.0,4.0,0.0,False,not_1qb;non_redraft_or_idp
587123205651607552,2020,587123206448517120,12,40,1,1,1,dynasty,0,False,1.0,6.0,0.0,False,incomplete_board;not_1qb;non_redraft_or_idp
587502062275694592,2020,587502562790379520,12,25,1,1,1,dynasty,0,True,1.0,6.0,0.0,False,not_1qb;non_redraft_or_idp
585582885243752448,2020,587862523458396160,12,6,1,1,1,dynasty,0,True,1.0,6.0,0.5,False,not_1qb;short_draft;non_redraft_or_idp;te_premium
588120162956259328,2020,588120164977913856,12,23,1,1,1,dynasty,0,True,1.0,6.0,0.0,False,not_1qb;non_redraft_or_idp
588224921126084608,2020,588224922975772672,12,26,1,1,1,dynasty,0,True,1.0,6.0,0.5,False,not_1qb;non_redraft_or_idp;te_premium
588242359209209856,2020,588242360765288448,12,24,1,1,1,dynasty,0,True,1.0,4.0,0.0,False,not_1qb;non_redraft_or_idp
585466419349594112,2020,588799654330671104,12,5,1,2,2,dynasty,0,True,1.0,6.0,0.5,False,not_1qb;short_draft;non_redraft_or_idp;te_premium
587107153429434368,2020,589252653096140800,12,5,1,1,1,dynasty,0,True,1.0,4.0,0.5,False,not_1qb;short_draft;non_redraft_or_idp;te_premium
589805762822320128,2020,589805762822320129,12,15,1,0,1,ppr,0,True,1.0,4.0,0.0,True,eligible
590044634533634048,2020,590044636026806272,12,18,1,1,1,2qb,0,True,1.0,4.0,0.5,False,not_1qb;non_redraft_or_idp;te_premium
590447920428396544,2020,590447922278084608,12,28,1,1,1,dynasty,0,True,0.5,6.0,0.5,False,not_1qb;non_redraft_or_idp;te_premium
590578084101525504,2020,590578085917659136,12,20,1,1,1,2qb,0,True,1.0,6.0,0.5,False,not_1qb;non_redraft_or_idp;te_premium
590712517349646336,2020,590712519488741376,12,47,1,1,1,dynasty,0,True,1.0,6.0,0.75,False,not_1qb;non_redraft_or_idp;te_premium
591330856841293824,2020,591330858292514816,12,18,1,1,1,2qb,0,True,1.0,6.0,0.5,False,not_1qb;non_redraft_or_idp;te_premium
591352242913714176,2020,591352244616597504,12,20,1,1,1,dynasty,0,True,1.0,6.0,0.5,False,not_1qb;non_redraft_or_idp;te_premium
591404871190634496,2020,591404873057095680,12,28,1,1,1,dynasty,0,True,1.0,6.0,1.0,False,not_1qb;non_redraft_or_idp;te_premium
587817337051193344,2020,591807586311917568,12,4,1,1,1,dynasty,0,True,1.0,6.0,0.5,False,not_1qb;short_draft;non_redraft_or_idp;te_premium
592057659276972032,2020,592057660619145216,12,15,1,0,1,ppr,0,True,1.0,4.0,0.0,True,eligible
585896080483323904,2020,592327883423272960,12,4,1,1,1,dynasty,0,True,0.5,4.0,0.0,False,not_1qb;short_draft;non_redraft_or_idp
592331947338944512,2020,592331962950139904,12,16,1,0,1,ppr,0,True,1.0,6.0,0.0,True,eligible
592370698861731840,2020,592370713030082560,12,17,0,0,0,std,0,True,0.0,0.0,0.0,False,not_1qb;no_required_te
592515386214240256,2020,592515413875679232,12,28,1,1,1,dynasty,0,True,0.5,3.0,2.0,False,not_1qb;non_redraft_or_idp;te_premium
592948419421585408,2020,592948427017474048,12,29,1,1,1,dynasty,0,True,1.0,6.0,0.5,False,not_1qb;non_redraft_or_idp;te_premium
592959876754362368,2020,592959886803918848,12,19,1,1,1,2qb,0,True,1.0,6.0,0.5,False,not_1qb;non_redraft_or_idp;te_premium
593287565222666240,2020,593287567772807168,12,29,1,1,1,dynasty,0,True,1.0,6.0,0.5,False,not_1qb;non_redraft_or_idp;te_premium
569750143644794880,2020,594002024517918720,12,22,1,0,1,dynasty,0,True,1.0,4.0,0.0,False,non_redraft_or_idp
594263336267341824,2020,594263338037329920,12,32,1,1,1,dynasty,0,False,1.0,4.0,0.0,False,incomplete_board;not_1qb;non_redraft_or_idp
586652515634814976,2020,594296564638334976,12,6,1,1,2,dynasty,0,True,2.0,4.0,0.0,False,not_1qb;short_draft;non_redraft_or_idp
594305554801827840,2020,594305556806713344,12,29,1,1,1,dynasty,0,True,0.5,6.0,1.0,False,not_1qb;non_redraft_or_idp;te_premium
522988997741428736,2020,594601546939949056,12,5,1,0,1,dynasty,0,True,1.0,6.0,0.0,False,short_draft;non_redraft_or_idp
595023586272534528,2020,595023586272534529,12,16,1,0,1,half_ppr,0,True,0.5,4.0,0.0,True,eligible
595075755029880832,2020,595075756158144512,12,14,1,0,1,half_ppr,0,True,0.5,4.0,0.0,True,eligible
595297227044339712,2020,595297228814344192,12,30,1,1,1,dynasty,0,True,1.0,6.0,0.0,False,not_1qb;non_redraft_or_idp
595763586387730432,2020,595763588333895680,12,22,1,1,1,dynasty,0,True,1.0,6.0,1.5,False,not_1qb;non_redraft_or_idp;te_premium
595794524282875904,2020,595794526493278208,12,16,1,0,1,ppr,0,True,1.0,6.0,0.5,False,te_premium
596281093993320448,2020,596281093993320449,12,15,1,0,1,half_ppr,0,True,0.5,4.0,0.0,True,eligible
596758792922783744,2020,596758796081086464,12,48,1,1,1,dynasty,0,True,0.5,6.0,1.0,False,not_1qb;non_redraft_or_idp;te_premium
592076784963469312,2020,596812582585688064,12,4,1,1,1,dynasty,0,True,1.0,4.0,1.5,False,not_1qb;short_draft;non_redraft_or_idp;te_premium
596826093114150912,2020,596826094955446272,12,17,1,0,1,ppr,0,True,1.0,6.0,0.0,True,eligible
596901323610312704,2020,596901334536474624,12,36,1,1,1,dynasty,0,True,1.0,6.0,1.0,False,not_1qb;non_redraft_or_idp;te_premium
593699621667131392,2020,596915579017809920,12,5,1,1,1,dynasty,0,True,1.0,6.0,1.0,False,not_1qb;short_draft;non_redraft_or_idp;te_premium
597217187366756352,2020,597217188654403584,12,48,1,1,1,dynasty,0,True,0.5,6.0,1.0,False,not_1qb;non_redraft_or_idp;te_premium
565788113287426048,2020,597465239050567680,12,17,1,1,1,2qb,0,True,0.0,6.0,1.5,False,not_1qb;non_redraft_or_idp;te_premium
597525213835476992,2020,597525217497112576,12,16,1,1,1,2qb,0,True,1.0,6.0,0.0,False,not_1qb;non_redraft_or_idp
596725177224577024,2020,597597401846448128,12,26,1,0,1,dynasty,0,True,1.0,4.0,0.0,False,non_redraft_or_idp
595811902001577984,2020,597635471245365248,12,5,2,0,2,dynasty,0,True,1.0,6.0,0.6899999976158142,False,not_1qb;short_draft;non_redraft_or_idp;te_premium
589167239693905920,2020,597943533600571392,12,5,1,1,1,dynasty,0,True,1.0,4.0,0.0,False,not_1qb;short_draft;non_redraft_or_idp
598004124058972160,2020,598004126479085568,12,29,1,1,1,dynasty,0,True,1.0,4.0,0.5,False,not_1qb;non_redraft_or_idp;te_premium
598359822273941504,2020,598359823788085248,12,25,1,1,1,dynasty,0,True,0.5,4.0,0.0,False,not_1qb;non_redraft_or_idp
598684355056947200,2020,598684356713705472,12,30,1,1,1,dynasty,0,True,1.0,6.0,1.0,False,not_1qb;non_redraft_or_idp;te_premium
598802324525215744,2020,598802327608033280,12,18,1,1,1,2qb,0,True,1.0,6.0,0.0,False,not_1qb;non_redraft_or_idp
596885260931747840,2020,599034071858855936,12,5,2,0,2,dynasty,0,True,1.0,6.0,0.6899999976158142,False,not_1qb;short_draft;non_redraft_or_idp;te_premium
596137814727389184,2020,599131542337413120,12,10,1,1,1,dynasty,0,True,0.5,4.0,0.0,False,not_1qb;short_draft;non_redraft_or_idp
599302354566705152,2020,599302357192335360,12,15,1,1,1,2qb,0,True,1.0,4.0,0.0,False,not_1qb;non_redraft_or_idp
599666476999311360,2020,599666478446333952,12,24,1,0,1,dynasty,0,True,0.5,6.0,0.0,False,non_redraft_or_idp
599986161582137344,2020,599986161582137345,12,15,2,0,1,2qb,0,True,0.5,4.0,0.0,False,not_1qb;non_redraft_or_idp
600084921800777728,2020,600084922929053696,12,16,1,1,1,2qb,0,True,1.0,4.0,0.5,False,not_1qb;non_redraft_or_idp;te_premium
600108376046772224,2020,600108379561582592,12,18,1,1,1,2qb,0,True,1.0,6.0,0.0,False,not_1qb;non_redraft_or_idp
600488307972956160,2020,600488309461942272,12,30,1,1,1,dynasty,0,True,0.5,4.0,0.5,False,not_1qb;non_redraft_or_idp;te_premium
597495859042631680,2020,600558518705123328,12,6,2,0,2,dynasty,0,True,1.0,6.0,1.0,False,not_1qb;short_draft;non_redraft_or_idp;te_premium
600687395314135040,2020,600687397302226944,12,15,1,0,1,ppr,0,True,1.0,4.0,0.0,True,eligible
598744173813768192,2020,601146694964408320,12,4,1,0,1,dynasty,0,True,1.0,6.0,0.0,False,short_draft;non_redraft_or_idp
601148014215626752,2020,601148015289360384,12,15,1,0,1,ppr,0,True,1.0,4.0,0.0,True,eligible
600043588474171392,2020,601280862817951744,12,5,1,1,1,dynasty,0,True,1.0,4.0,0.0,False,not_1qb;short_draft;non_redraft_or_idp
601409215038291968,2020,601409220918706176,12,16,1,0,1,ppr,0,True,1.0,4.0,0.0,True,eligible
601534671653761024,2020,601534672974970880,12,24,1,1,1,dynasty,0,True,1.0,4.0,0.0,False,not_1qb;non_redraft_or_idp
601568940501549056,2020,601568941835345920,12,16,1,1,1,2qb,0,True,1.0,6.0,0.0,False,not_1qb;non_redraft_or_idp
601587896360693760,2020,601587898126503936,12,29,1,0,2,dynasty,0,True,1.0,6.0,0.0,False,non_redraft_or_idp
601610874351845376,2020,601610875782103040,12,9,1,1,1,2qb,0,True,0.5,6.0,1.0,False,not_1qb;short_draft;non_redraft_or_idp;te_premium
601672116248576000,2020,601672117410398208,12,15,1,1,1,2qb,0,True,1.0,6.0,0.0,False,not_1qb;non_redraft_or_idp
601871089869578240,2020,601871093262786560,12,15,1,0,1,ppr,0,True,1.0,4.0,0.0,True,eligible
601881523091726336,2020,601881523943170048,12,17,1,1,1,2qb,0,True,0.5,4.0,0.0,False,not_1qb;non_redraft_or_idp
601935262410412032,2020,601935264604028928,12,15,1,0,1,ppr,0,True,1.0,6.0,0.0,True,eligible
602025782201618432,2020,602025785183768576,12,31,1,1,1,dynasty,0,True,1.0,5.0,0.5,False,not_1qb;non_redraft_or_idp;te_premium
602175446477508608,2020,602175447689662464,12,31,1,1,1,dynasty,0,True,1.0,6.0,0.75,False,not_1qb;non_redraft_or_idp;te_premium
602242926281547776,2020,602242928013803520,12,16,1,1,1,2qb,0,True,1.0,6.0,0.0,False,not_1qb;non_redraft_or_idp
602245103456686080,2020,602249822556188672,12,15,1,0,1,ppr,0,True,1.0,4.0,0.0,True,eligible
602299213753163776,2020,602299215422480384,12,16,1,1,1,2qb,0,True,1.0,6.0,0.0,False,not_1qb;non_redraft_or_idp
602551081377009664,2020,602551084044578816,12,30,1,1,1,dynasty,0,True,1.0,6.0,0.5,False,not_1qb;non_redraft_or_idp;te_premium
602932064756490240,2020,602932066815905792,12,17,1,1,1,2qb,0,True,1.0,6.0,0.25,False,not_1qb;non_redraft_or_idp;te_premium
602955357685366784,2020,602955358624890880,12,16,1,1,1,2qb,0,True,1.0,4.0,0.5,False,not_1qb;non_redraft_or_idp;te_premium
600879344906203136,2020,603379077386145792,12,4,1,0,1,dynasty,0,True,1.0,6.0,0.0,False,short_draft;non_redraft_or_idp
603403120671801344,2020,603403121363857408,12,15,1,0,1,half_ppr,0,True,0.5,4.0,0.0,True,eligible
603406272934514688,2020,603406274947784704,12,23,1,0,1,half_ppr,0,True,0.5,4.0,0.0,True,eligible
603418656382189568,2020,603418656382189569,12,15,1,0,1,half_ppr,0,True,0.5,4.0,0.0,True,eligible
603436159065993216,2020,603436160890507264,12,14,1,0,1,half_ppr,0,True,0.5,4.0,0.0,True,eligible
603603622885908480,2020,603603624886591488,12,20,1,1,1,dynasty,0,True,1.0,4.0,0.0,False,not_1qb;non_redraft_or_idp
603638317560430592,2020,603638319452065792,12,17,1,1,1,2qb,0,True,0.5,6.0,0.0,False,not_1qb;non_redraft_or_idp
603647933862174720,2020,603647934738796544,12,15,1,1,1,2qb,0,True,1.0,6.0,0.5,False,not_1qb;non_redraft_or_idp;te_premium
603709486435201024,2020,603709490646290432,12,16,1,0,1,ppr,0,True,1.0,4.0,0.0,True,eligible
578595805447884800,2020,603778121656774656,12,14,1,0,1,half_ppr,7,True,0.5,4.0,0.0,False,keeper_picks
603800914691698688,2020,603800917459927040,12,16,1,1,1,2qb,0,True,1.0,6.0,0.5,False,not_1qb;non_redraft_or_idp;te_premium
603964293653790720,2020,603964293871894528,12,16,1,1,1,2qb,0,False,1.0,6.0,0.5,False,incomplete_board;not_1qb;non_redraft_or_idp;te_premium
604010836670873600,2020,604010837975293952,12,30,1,1,1,dynasty,0,True,0.5,6.0,0.5,False,not_1qb;non_redraft_or_idp;te_premium
604061015247745024,2020,604061016581545984,12,16,1,0,1,ppr,0,True,1.0,4.0,0.0,True,eligible
604140040750178304,2020,604140043631656960,12,30,1,1,1,dynasty,0,True,1.0,6.0,1.5,False,not_1qb;non_redraft_or_idp;te_premium
604146418143252480,2020,604146422266265600,12,24,1,1,1,dynasty,0,True,1.0,6.0,0.5,False,not_1qb;non_redraft_or_idp;te_premium
604201801536839680,2020,604201807765381120,12,15,1,0,1,half_ppr,0,True,0.5,6.0,0.0,True,eligible
604092253199212544,2020,604207461745889280,12,3,1,0,1,dynasty,0,True,1.0,6.0,0.0,False,short_draft;non_redraft_or_idp
562852472320483328,2020,604830650368876544,12,5,1,1,1,dynasty,0,True,1.0,4.0,0.0,False,not_1qb;short_draft;non_redraft_or_idp
605098650405773312,2020,605098652146409472,12,30,1,1,0,dynasty,0,True,1.0,6.0,0.75,False,not_1qb;no_required_te;non_redraft_or_idp;te_premium
605136855016468480,2020,605136858803920896,12,24,1,1,1,dynasty,0,True,1.0,4.0,0.5,False,not_1qb;non_redraft_or_idp;te_premium
605488999531880448,2020,605489000634994688,12,13,1,0,1,ppr,0,True,1.0,6.0,0.0,True,eligible
605600265097273344,2020,605600268763103233,12,15,1,0,1,ppr,0,True,1.0,4.0,0.0,True,eligible
577122454833500160,2020,605737785407647744,12,14,1,0,1,ppr,0,True,1.0,4.0,0.0,True,eligible
605901711483154432,2020,605920060011257856,12,18,1,0,1,dynasty,0,True,1.0,6.0,0.0,False,non_redraft_or_idp
606003119591067648,2020,606003122766151680,12,20,1,0,2,ppr,0,True,1.0,6.0,0.0,True,eligible
601333157144346624,2020,606246705301635072,12,16,1,0,1,ppr,0,True,1.0,4.0,0.0,True,eligible
606384513441927168,2020,606384515790741504,12,15,1,0,1,ppr,0,True,1.0,6.0,0.0,True,eligible
581857597309620224,2020,606431141251051520,12,15,1,0,1,half_ppr,0,True,0.5,4.0,0.0,True,eligible
606518103727206400,2020,606518107732795392,12,17,1,1,1,2qb,0,True,1.0,4.0,0.0,False,not_1qb;non_redraft_or_idp
606567457439694848,2020,606567459616534528,12,16,1,1,1,2qb,0,True,1.0,4.0,0.0,False,not_1qb;non_redraft_or_idp
605240791887065088,2020,606743813649674240,12,5,2,0,2,dynasty,0,True,1.0,6.0,0.6899999976158142,False,not_1qb;short_draft;non_redraft_or_idp;te_premium
606819018896138240,2020,606819021739859968,12,27,1,1,1,dynasty,0,True,1.0,6.0,0.0,False,not_1qb;non_redraft_or_idp
606882322985320448,2020,606882326974107648,12,13,1,0,1,half_ppr,0,True,0.5,4.0,0.0,True,eligible
606902001359462400,2020,606902002491940864,12,12,1,0,1,ppr,0,True,1.0,6.0,0.0,True,eligible
606961165414756352,2020,606961167167971328,12,15,1,0,1,half_ppr,0,True,0.5,4.0,0.0,True,eligible
607657702029602816,2020,607657703883481088,12,14,1,1,1,2qb,0,True,0.5,4.0,0.0,False,not_1qb;non_redraft_or_idp
607696914334433280,2020,607696918734254080,12,16,1,1,1,2qb,0,True,1.0,4.0,0.0,False,not_1qb;non_redraft_or_idp
607707887657107456,2020,607707887657107457,12,15,1,0,1,ppr,0,True,1.5,4.0,0.0,True,eligible
607806343528669184,2020,607808895599079424,12,15,1,0,1,half_ppr,0,True,0.5,4.0,0.0,True,eligible
608037679535288320,2020,608037680600653824,12,16,1,0,1,ppr,0,False,1.0,4.0,0.0,False,incomplete_board
608067801260818432,2020,608067802208759808,12,25,1,1,2,dynasty,0,True,0.5,6.0,1.0,False,not_1qb;non_redraft_or_idp;te_premium
605196091960422400,2020,608171591599185920,12,14,1,1,1,2qb,0,True,0.5,4.0,0.0,False,not_1qb;non_redraft_or_idp
592230709846925312,2020,608194836197105664,12,3,1,0,1,dynasty,0,True,1.0,4.0,0.0,False,short_draft;non_redraft_or_idp
608409082839248896,2020,608409084290473984,12,17,1,1,1,2qb,0,True,1.0,4.0,0.0,False,not_1qb;non_redraft_or_idp
608414033841852416,2020,608414035083345920,12,18,1,1,1,2qb,0,True,1.0,6.0,0.0,False,not_1qb;non_redraft_or_idp
608463632564580352,2020,608463634707857408,12,16,1,0,1,ppr,0,True,1.0,4.0,0.0,True,eligible
608499761330352128,2020,608499762546675712,12,16,1,0,1,ppr,0,True,1.0,6.0,0.0,True,eligible
608217234988425216,2020,608514877761331200,12,16,1,0,1,half_ppr,0,True,0.5,4.0,0.0,True,eligible
608737366277959680,2020,608737368001802240,12,18,1,0,1,dynasty,0,True,0.5,4.0,0.0,False,non_redraft_or_idp
608756259134476288,2020,608756259134476289,12,16,1,0,1,half_ppr,0,True,0.5,6.0,0.0,True,eligible
608756259876868096,2020,608756259876868097,12,16,1,0,1,half_ppr,0,True,0.5,6.0,0.0,True,eligible
608756266461925376,2020,608756266461925377,12,16,1,0,1,half_ppr,0,True,0.5,6.0,0.0,True,eligible
608756267778936832,2020,608756267778936833,12,16,1,0,1,half_ppr,0,True,0.5,6.0,0.0,True,eligible
608756269867700224,2020,608756269867700225,12,16,1,0,1,half_ppr,0,True,0.5,6.0,0.0,True,eligible
608756278738653184,2020,608756278738653185,12,16,1,0,1,half_ppr,0,True,0.5,6.0,0.0,True,eligible
608757842798796800,2020,608757843759276032,12,17,1,0,1,ppr,0,True,1.0,4.0,0.0,True,eligible
608801562554368001,2020,608801562554368002,12,16,1,0,1,half_ppr,0,True,0.5,6.0,0.0,True,eligible
608801572712972288,2020,608801572712972289,12,16,1,0,1,half_ppr,0,True,0.5,6.0,0.0,True,eligible
608809041610735616,2020,608809044592881664,12,25,1,1,1,dynasty,0,True,1.0,4.0,0.0,False,not_1qb;non_redraft_or_idp
608846852963540992,2020,608846852963540993,12,16,1,0,1,half_ppr,0,True,0.5,6.0,0.0,True,eligible
608846856377704448,2020,608846856377704449,12,16,1,0,1,half_ppr,0,True,0.5,6.0,0.0,True,eligible
608846857157844992,2020,608846857157844993,12,16,1,0,1,half_ppr,0,True,0.5,6.0,0.0,True,eligible
608846865215102977,2020,608846865215102978,12,16,1,0,1,half_ppr,0,True,0.5,6.0,0.0,True,eligible
609179111218315264,2020,609179111218315265,12,16,1,0,1,half_ppr,0,True,0.5,6.0,0.0,True,eligible
609179121502748673,2020,609179121502748674,12,16,1,0,1,half_ppr,0,True,0.5,6.0,0.0,True,eligible
609179122417106944,2020,609179122417106945,12,16,1,0,1,half_ppr,0,True,0.5,6.0,0.0,True,eligible
609179123251773440,2020,609179123251773441,12,16,1,0,1,half_ppr,0,True,0.5,6.0,0.0,True,eligible
609224353145524224,2020,609224353145524225,12,16,1,0,1,half_ppr,0,True,0.5,6.0,0.0,True,eligible
609224354156351488,2020,609224354156351489,12,16,1,0,1,half_ppr,0,True,0.5,6.0,0.0,True,eligible
609224354273792000,2020,609224354273792001,12,16,1,0,1,half_ppr,0,True,0.5,6.0,0.0,True,eligible
609224360233897984,2020,609224360233897985,12,16,1,0,1,half_ppr,0,True,0.5,6.0,0.0,True,eligible
609224371063590912,2020,609224371063590913,12,16,1,0,1,half_ppr,0,True,0.5,6.0,0.0,True,eligible
609509709724069888,2020,609509711166926848,12,16,1,0,1,ppr,0,True,1.0,6.0,0.5,False,te_premium
609596948227362816,2020,609596951310180352,12,16,1,1,1,2qb,0,True,1.0,4.0,0.0,False,not_1qb;non_redraft_or_idp
609895798934679552,2020,609895804114665472,12,15,1,0,1,ppr,0,True,1.0,6.0,0.75,False,te_premium
610146282564042752,2020,610146284455677952,12,23,1,0,1,dynasty,0,True,1.0,4.0,0.0,False,non_redraft_or_idp
620522464681750528,2020,620522465981964288,12,15,1,0,1,ppr,0,True,1.0,6.0,0.5,False,te_premium
617522318050152448,2020,624400360135532544,12,25,1,0,1,dynasty,0,True,1.0,4.0,0.0,False,non_redraft_or_idp
626911897823850496,2020,626911900445253632,12,15,1,0,1,ppr,0,True,1.0,4.0,0.0,True,eligible
623762292324020224,2020,627704839928967168,12,34,1,1,1,dynasty,0,True,1.0,6.0,0.5,False,not_1qb;non_redraft_or_idp;te_premium
627988822436704256,2020,627988827142684672,12,25,1,1,1,dynasty,0,True,1.0,4.0,0.5,False,not_1qb;non_redraft_or_idp;te_premium
632078141220810752,2020,632084610011979776,12,21,1,1,1,dynasty,0,True,0.5,4.0,0.0,False,not_1qb;non_redraft_or_idp
633481293195194368,2020,633481294222823424,12,16,1,0,1,ppr,0,True,1.0,4.0,0.0,True,eligible
635340078226550784,2020,635340079036022784,12,15,1,0,1,dynasty,0,True,1.0,6.0,0.0,False,non_redraft_or_idp
637016665166532608,2020,637017762010583040,12,32,1,1,1,dynasty,0,True,1.0,6.0,0.5,False,not_1qb;non_redraft_or_idp;te_premium
637854324948660224,2020,637854326668382208,12,18,2,0,1,dynasty,0,True,1.0,4.0,0.0,False,not_1qb;non_redraft_or_idp
640807888100634624,2021,640807891107946496,12,39,1,1,1,idp,0,False,0.5,4.0,1.0,False,incomplete_board;not_1qb;non_redraft_or_idp;te_premium
646138754209341440,2021,646138756038078464,12,32,1,1,1,dynasty_2qb,0,True,1.0,6.0,1.0,False,not_1qb;non_redraft_or_idp;te_premium
647130750684057600,2021,647130751812354048,12,25,1,0,1,dynasty_ppr,0,True,1.0,4.0,0.0,False,non_redraft_or_idp
649717225321775104,2021,649717226215157760,12,27,1,1,1,dynasty_2qb,0,True,0.5,4.0,0.0,False,not_1qb;non_redraft_or_idp
649940347820011520,2021,649940347820011521,12,16,1,1,1,2qb,0,True,1.0,4.0,0.0,False,not_1qb;non_redraft_or_idp
649988826156064768,2021,649988826156064769,12,15,1,0,1,half_ppr,0,True,0.5,6.0,0.0,True,eligible
649992623729270784,2021,649992623729270785,12,16,1,1,1,2qb,0,False,1.0,6.0,0.5,False,incomplete_board;not_1qb;non_redraft_or_idp;te_premium
650005573953212416,2021,650005573953212417,12,16,1,0,1,ppr,0,True,1.0,4.0,0.0,True,eligible
650026098263945216,2021,650026098263945217,12,15,1,0,1,ppr,0,True,1.0,6.0,0.0,True,eligible
650028412039180288,2021,650028412043374592,12,28,1,1,1,2qb,0,True,1.0,4.0,0.0,False,not_1qb;non_redraft_or_idp
650029673354473472,2021,650029673354473473,12,17,1,0,1,half_ppr,0,True,0.5,4.0,0.0,True,eligible
650032008713592832,2021,650032008713592833,12,14,1,0,1,ppr,23,True,1.0,6.0,0.0,False,keeper_picks
650040385384583168,2021,650040385384583169,12,20,1,0,1,ppr,0,True,1.0,4.0,0.0,True,eligible
650046178032984064,2021,650046178032984065,12,18,1,1,1,2qb,0,True,1.0,5.0,0.5,False,not_1qb;non_redraft_or_idp;te_premium
650087186552676352,2021,650087186552676353,12,15,1,0,1,half_ppr,4,True,0.5,4.0,0.0,False,keeper_picks
650164175175266304,2021,650164178006409216,12,30,1,1,1,dynasty_2qb,0,True,1.0,4.0,0.5,False,not_1qb;non_redraft_or_idp;te_premium
650201545836707840,2021,650201545836707841,12,15,1,0,1,ppr,0,True,1.0,6.0,0.0,True,eligible
650235130115366912,2021,650235130115366913,12,4,1,1,1,dynasty_2qb,0,True,1.0,6.0,0.5,False,not_1qb;short_draft;non_redraft_or_idp;te_premium
650370909256908800,2021,650370909256908801,12,21,1,1,1,2qb,0,True,1.0,4.0,0.0,False,not_1qb;non_redraft_or_idp
650440359993761792,2021,650440359993761793,12,17,1,1,1,2qb,0,True,0.5,4.0,0.0,False,not_1qb;non_redraft_or_idp
650944117353840640,2021,650944117353840641,12,15,1,0,1,half_ppr,0,True,0.5,4.0,0.0,True,eligible
650954897105203200,2021,650954897105203201,12,18,1,0,1,ppr,28,True,1.0,4.0,0.0,False,keeper_picks
651169207630786560,2021,651169207630786561,12,3,2,0,1,dynasty_2qb,0,True,1.0,4.0,0.0,False,not_1qb;short_draft;non_redraft_or_idp
649439546429259776,2021,651285927833980928,12,5,1,1,1,dynasty_2qb,0,True,1.0,4.0,1.0,False,not_1qb;short_draft;non_redraft_or_idp;te_premium
648031278804877312,2021,651527974902067200,12,5,2,0,2,dynasty_2qb,0,True,1.0,6.0,0.6899999976158142,False,not_1qb;short_draft;non_redraft_or_idp;te_premium
651700642603163648,2021,651700645170069504,12,25,1,1,1,dynasty_2qb,0,True,1.0,4.0,0.5,False,not_1qb;non_redraft_or_idp;te_premium
651844905030733824,2021,651844905030733825,12,17,1,0,1,ppr,0,True,1.0,4.0,0.0,True,eligible
652077802585169920,2021,652077802585169921,12,16,1,0,1,half_ppr,31,True,0.5,4.0,0.0,False,keeper_picks
652564821438451712,2021,652567645308145664,12,46,1,1,1,idp,0,True,1.0,6.0,1.0,False,not_1qb;non_redraft_or_idp;te_premium
652585282964647936,2021,652585282964647937,12,5,1,1,1,dynasty_2qb,0,True,1.0,6.0,0.5,False,not_1qb;short_draft;non_redraft_or_idp;te_premium
651215330361839616,2021,652768106837532672,12,5,2,0,2,dynasty_2qb,0,True,1.0,6.0,0.6899999976158142,False,not_1qb;short_draft;non_redraft_or_idp;te_premium
652822356867264512,2021,652822356867264513,12,4,1,0,1,dynasty_ppr,0,False,1.0,4.0,0.0,False,incomplete_board;short_draft;non_redraft_or_idp
654043451792396288,2021,654043453671456768,12,37,1,0,1,idp,0,True,1.0,4.0,0.0,False,non_redraft_or_idp
654878652844032000,2021,654878652844032001,12,15,1,0,1,half_ppr,4,True,0.5,6.0,0.0,False,keeper_picks
655230765709230080,2021,655231757624356864,12,27,1,1,1,dynasty_2qb,0,True,1.0,6.0,0.5,False,not_1qb;non_redraft_or_idp;te_premium
655457710044708864,2021,655457710048903168,12,1,1,1,2,dynasty_2qb,0,True,1.0,4.0,0.5,False,not_1qb;short_draft;non_redraft_or_idp;te_premium
655635252034736128,2021,655635254173863936,12,32,1,0,2,dynasty_ppr,0,True,1.0,6.0,0.0,False,non_redraft_or_idp
650442142094819328,2021,655816828794249216,12,5,1,1,1,dynasty_2qb,0,True,0.5,4.0,0.0,False,not_1qb;short_draft;non_redraft_or_idp
641045420969103360,2021,656004469028392960,12,4,1,1,1,dynasty_2qb,0,True,1.0,4.0,0.0,False,not_1qb;short_draft;non_redraft_or_idp
651590067428851712,2021,656232815691649024,12,4,1,1,1,dynasty_2qb,0,True,1.0,4.0,0.0,False,not_1qb;short_draft;non_redraft_or_idp
654075187381215232,2021,656261302343266304,12,5,1,1,1,idp,0,True,1.0,6.0,0.0,False,not_1qb;short_draft;non_redraft_or_idp
656398095738839040,2021,656398095738839041,12,16,1,1,1,2qb,0,True,1.0,6.0,0.5,False,not_1qb;non_redraft_or_idp;te_premium
653058830162284544,2021,657025067896606720,12,4,1,1,2,dynasty_2qb,0,True,1.0,6.0,0.699999988079071,False,not_1qb;short_draft;non_redraft_or_idp;te_premium
657095672658481152,2021,657095675187658752,12,31,2,1,2,dynasty,0,True,1.0,6.0,1.0,False,not_1qb;non_redraft_or_idp;te_premium
657351313704726528,2021,657351313704726529,12,13,1,0,1,half_ppr,23,True,0.5,6.0,0.0,False,keeper_picks
657728264139247616,2021,657728265041022976,12,25,1,1,1,dynasty,0,True,1.0,4.0,1.0,False,not_1qb;non_redraft_or_idp;te_premium
641791716462075904,2021,658819014172155904,12,4,1,1,1,dynasty_2qb,0,True,1.0,6.0,0.0,False,not_1qb;short_draft;non_redraft_or_idp
657305740280688640,2021,659643217913933824,12,5,1,1,1,dynasty_2qb,0,True,1.0,6.0,1.0,False,not_1qb;short_draft;non_redraft_or_idp;te_premium
659772617770754048,2021,659772617770754049,12,16,1,0,1,ppr,23,True,1.0,4.0,0.0,False,keeper_picks
656629273133666304,2021,660638098333470720,12,5,1,1,1,dynasty_2qb,0,True,1.0,6.0,1.0,False,not_1qb;short_draft;non_redraft_or_idp;te_premium
660882322203176960,2021,660882323822153728,12,47,1,1,1,idp,0,True,0.0,6.0,1.25,False,not_1qb;non_redraft_or_idp;te_premium
660637507322445824,2021,662088094618562560,12,5,1,0,1,dynasty_ppr,0,True,1.0,4.0,0.5,False,short_draft;non_redraft_or_idp;te_premium
656670727289798656,2021,662713435003351040,12,4,0,2,1,dynasty_2qb,0,True,1.0,6.0,0.5,False,not_1qb;short_draft;non_redraft_or_idp;te_premium
663494706558246912,2021,663494708349186048,12,29,1,1,1,dynasty,0,True,0.5,6.0,1.0,False,not_1qb;non_redraft_or_idp;te_premium
663689369093234688,2021,663689371999903744,12,21,1,1,1,2qb,0,False,1.0,6.0,0.0,False,incomplete_board;not_1qb;non_redraft_or_idp
663860306157568000,2021,663860307524939776,12,31,1,1,2,dynasty,0,True,1.0,6.0,1.25,False,not_1qb;non_redraft_or_idp;te_premium
664374259430297600,2021,664374259430297601,12,13,1,0,1,ppr,0,True,1.0,6.0,0.0,True,eligible
664374413055041536,2021,664374413055041537,12,13,1,0,1,ppr,0,True,1.0,6.0,0.0,True,eligible
665055848736829440,2021,665308829218611200,12,20,1,0,1,ppr,108,True,1.0,4.0,0.0,False,keeper_picks
665350275514585088,2021,665350276705746944,12,29,1,1,1,dynasty,0,True,1.0,6.0,0.5,False,not_1qb;non_redraft_or_idp;te_premium
666475816535826432,2021,666475817559236608,12,31,1,1,1,dynasty,0,True,1.0,6.0,1.0,False,not_1qb;non_redraft_or_idp;te_premium
666498868648697856,2021,666498870322200576,12,27,1,1,1,dynasty,0,True,1.0,4.0,0.5,False,not_1qb;non_redraft_or_idp;te_premium
667106588124876800,2021,667106590326849536,12,28,1,1,1,dynasty,0,True,1.0,6.0,1.0,False,not_1qb;non_redraft_or_idp;te_premium
643304708513046528,2021,667783462836588544,12,4,1,1,1,dynasty_2qb,0,True,1.0,4.0,0.5,False,not_1qb;short_draft;non_redraft_or_idp;te_premium
667825218240184320,2021,667825219557236736,12,18,1,0,1,ppr,0,True,1.0,6.0,0.0,True,eligible
668165401145856000,2021,668165403616288768,12,30,1,1,1,dynasty,0,True,1.0,6.0,1.0,False,not_1qb;non_redraft_or_idp;te_premium
665962134189969408,2021,668409974661132288,12,4,1,1,1,dynasty_2qb,0,True,1.0,6.0,0.5,False,not_1qb;short_draft;non_redraft_or_idp;te_premium
668680039293849600,2021,668680053118291968,12,30,1,1,1,dynasty_2qb,0,True,1.0,4.0,0.0,False,not_1qb;non_redraft_or_idp
667075140760240128,2021,669805399456681984,12,5,1,1,1,dynasty_2qb,0,True,1.0,6.0,0.5,False,not_1qb;short_draft;non_redraft_or_idp;te_premium
670066219331690496,2021,670066221521129472,12,28,1,1,1,dynasty,0,True,1.0,6.0,0.5,False,not_1qb;non_redraft_or_idp;te_premium
667199746749853696,2021,670702062803156992,12,5,1,1,1,dynasty_2qb,0,False,1.0,6.0,0.5,False,incomplete_board;not_1qb;short_draft;non_redraft_or_idp;te_premium
670789939176230912,2021,670789939176230913,12,15,1,0,1,ppr,11,True,1.0,6.0,0.0,False,keeper_picks
644723974021939200,2021,671062968754049024,12,5,1,1,1,dynasty_2qb,0,True,0.5,4.0,0.0,False,not_1qb;short_draft;non_redraft_or_idp
668200409118121984,2021,671211454216601600,12,4,1,1,1,dynasty_2qb,0,True,1.0,6.0,0.5,False,not_1qb;short_draft;non_redraft_or_idp;te_premium
671388397595627520,2021,671388398690336768,12,35,1,1,1,dynasty,0,True,1.0,6.0,0.75,False,not_1qb;non_redraft_or_idp;te_premium
671866733295898624,2021,671866735653126144,12,28,1,1,1,dynasty,0,True,1.0,6.0,1.0,False,not_1qb;non_redraft_or_idp;te_premium
671939665388982272,2021,671939667091886080,12,28,1,1,1,dynasty,0,True,1.0,6.0,1.0,False,not_1qb;non_redraft_or_idp;te_premium
643325721061720064,2021,672580444348317696,12,4,1,1,1,dynasty_2qb,0,True,1.0,5.0,0.5,False,not_1qb;short_draft;non_redraft_or_idp;te_premium
669623244021628928,2021,673617361336602624,12,4,1,0,1,dynasty_half_ppr,0,True,0.5,6.0,0.5,False,short_draft;non_redraft_or_idp;te_premium
674302718327730176,2021,674302720680747008,12,28,1,1,1,dynasty,0,True,1.0,6.0,1.0,False,not_1qb;non_redraft_or_idp;te_premium
665025395615150080,2021,674452474790244352,12,7,1,1,1,idp,0,True,1.0,6.0,0.5,False,not_1qb;short_draft;non_redraft_or_idp;te_premium
650807430179041280,2021,675241313498624000,12,5,1,1,1,dynasty,0,False,0.5,6.0,0.5,False,incomplete_board;not_1qb;short_draft;non_redraft_or_idp;te_premium
675377068401324032,2021,675377069705744384,12,31,1,1,1,dynasty_2qb,0,True,0.5,6.0,1.0,False,not_1qb;non_redraft_or_idp;te_premium
675883360173748224,2021,675883362195443712,12,28,1,1,1,dynasty,0,True,1.0,4.0,0.0,False,not_1qb;non_redraft_or_idp
676456047594012672,2021,676456047594012673,12,3,1,0,1,dynasty_half_ppr,0,True,0.5,4.0,0.0,False,short_draft;non_redraft_or_idp
677287795714240512,2021,677287797417115648,12,14,1,0,1,dynasty_ppr,0,True,1.0,4.0,0.0,False,non_redraft_or_idp
674050414026522624,2021,677338913311911936,12,4,1,1,2,dynasty_2qb,0,True,1.0,6.0,1.5,False,not_1qb;short_draft;non_redraft_or_idp;te_premium
677590219972734976,2021,677590221549817856,12,28,1,1,1,dynasty,0,True,1.0,6.0,1.0,False,not_1qb;non_redraft_or_idp;te_premium
676282850722529280,2021,678036000810803200,12,5,2,0,2,dynasty_2qb,0,True,1.0,6.0,1.75,False,not_1qb;short_draft;non_redraft_or_idp;te_premium
678466302511218688,2021,678844690853859328,12,4,1,1,1,dynasty_2qb,0,True,1.0,5.0,0.5,False,not_1qb;short_draft;non_redraft_or_idp;te_premium
650731172904660992,2021,679783296183394304,12,4,1,1,1,idp,0,True,0.5,6.0,0.0,False,not_1qb;short_draft;non_redraft_or_idp
678144113119432704,2021,680173061382668288,12,5,1,1,1,dynasty_2qb,0,True,1.0,4.0,0.75,False,not_1qb;short_draft;non_redraft_or_idp;te_premium
680978509677527040,2021,681036594555232256,12,4,1,1,1,dynasty_2qb,0,True,1.0,4.0,0.0,False,not_1qb;short_draft;non_redraft_or_idp
669561038248685568,2021,681332025659072512,12,5,1,1,1,dynasty_2qb,0,True,1.0,4.0,0.5,False,not_1qb;short_draft;non_redraft_or_idp;te_premium
681378705641123840,2021,681421807798022144,12,4,1,1,1,dynasty_2qb,0,True,1.0,5.0,0.5,False,not_1qb;short_draft;non_redraft_or_idp;te_premium
682753354098647040,2021,682753355281420288,12,15,1,0,1,dynasty_ppr,0,True,1.0,6.0,0.0,False,non_redraft_or_idp
683005819171741696,2021,683005819171741697,12,14,1,0,1,ppr,0,True,1.0,4.0,0.0,True,eligible
683128074065244160,2021,683128077617811456,12,30,2,0,2,dynasty_2qb,0,True,0.5,6.0,1.5,False,not_1qb;non_redraft_or_idp;te_premium
680639458718081024,2021,683181455014170624,12,5,1,1,1,dynasty_2qb,0,True,0.5,4.0,1.0,False,not_1qb;short_draft;non_redraft_or_idp;te_premium
674000589834776576,2021,683459674330206208,12,4,1,1,1,dynasty_2qb,0,True,1.0,4.0,0.0,False,not_1qb;short_draft;non_redraft_or_idp
683687073412128768,2021,683687075513470976,12,30,1,1,1,dynasty_2qb,0,True,1.0,6.0,0.5,False,not_1qb;non_redraft_or_idp;te_premium
684258913691959296,2021,684258913691959297,12,13,1,0,1,ppr,0,True,1.0,6.0,0.0,True,eligible
684468714657095680,2021,684468717463089152,12,15,1,1,1,2qb,0,True,0.0,4.0,1.5,False,not_1qb;non_redraft_or_idp;te_premium
684878002697351168,2021,684878004245061632,12,27,1,1,1,dynasty_2qb,0,True,0.0,4.0,1.5,False,not_1qb;non_redraft_or_idp;te_premium
684878101053771776,2021,684878102366588928,12,27,1,1,1,dynasty_2qb,0,True,0.0,4.0,1.5,False,not_1qb;non_redraft_or_idp;te_premium
684878741985402880,2021,684878743403032576,12,27,1,1,1,dynasty_2qb,0,True,0.0,4.0,1.5,False,not_1qb;non_redraft_or_idp;te_premium
684895719689129984,2021,684895722671239168,12,25,1,1,1,dynasty_2qb,0,True,1.0,4.0,0.0,False,not_1qb;non_redraft_or_idp
654515888304791552,2021,684901125689806848,12,4,1,1,1,dynasty_2qb,0,True,1.0,4.0,0.5,False,not_1qb;short_draft;non_redraft_or_idp;te_premium
684739274851037184,2021,685266234815619072,12,4,1,1,1,dynasty_2qb,0,True,1.0,4.0,0.0,False,not_1qb;short_draft;non_redraft_or_idp
685628168773672960,2021,685628170560413696,12,28,1,0,1,dynasty_half_ppr,0,True,0.5,6.0,0.0,False,non_redraft_or_idp
685628874788257792,2021,685628876688289792,12,15,1,0,1,ppr,0,True,1.0,4.0,0.0,True,eligible
685693341513383936,2021,685758573967405056,12,4,1,1,1,dynasty_2qb,0,True,1.0,5.0,1.0,False,not_1qb;short_draft;non_redraft_or_idp;te_premium
686022578371899392,2021,686022579776983040,12,23,1,1,1,dynasty_2qb,0,True,1.0,4.0,0.0,False,not_1qb;non_redraft_or_idp
684254172899536896,2021,686075425000075264,12,4,1,1,1,dynasty_2qb,0,True,0.5,6.0,1.0,False,not_1qb;short_draft;non_redraft_or_idp;te_premium
686090307556671488,2021,686090309611892736,12,29,1,1,1,dynasty_2qb,0,True,1.0,4.0,0.0,False,not_1qb;non_redraft_or_idp
686277722573455360,2021,686277725094215680,12,15,1,0,1,half_ppr,0,True,0.5,4.0,0.0,True,eligible
686308386941280256,2021,686308388128264192,12,21,1,1,0,2qb,0,True,1.0,6.0,1.0,False,not_1qb;no_required_te;non_redraft_or_idp;te_premium
686338033607323648,2021,686338033607323649,12,16,1,0,1,ppr,32,True,1.0,4.0,0.0,False,keeper_picks
686816837782011904,2021,686865144248082432,12,4,1,1,1,dynasty_2qb,0,True,1.0,5.0,1.0,False,not_1qb;short_draft;non_redraft_or_idp;te_premium
686973395241377792,2021,686973399481790464,12,32,1,1,1,dynasty_2qb,0,True,1.0,6.0,0.5,False,not_1qb;non_redraft_or_idp;te_premium
687056956589969408,2021,687056957932134400,12,28,1,1,1,dynasty,0,True,1.0,6.0,0.75,False,not_1qb;non_redraft_or_idp;te_premium
647881384345563136,2021,687334774628503552,12,5,1,1,1,idp,0,True,1.0,4.0,0.5,False,not_1qb;short_draft;non_redraft_or_idp;te_premium
687371925147684864,2021,687371925147684865,12,15,1,0,1,half_ppr,0,True,0.5,4.0,0.0,True,eligible
670278678843834368,2021,688918428978880512,12,4,1,1,1,dynasty_2qb,0,True,1.0,4.0,0.0,False,not_1qb;short_draft;non_redraft_or_idp
688973804453576704,2021,688973809390297088,12,25,1,0,1,dynasty_std,0,True,0.0,6.0,1.5,False,non_redraft_or_idp;te_premium
689190501601050624,2021,689190503413030912,12,29,1,1,1,dynasty,0,True,0.5,6.0,0.5,False,not_1qb;non_redraft_or_idp;te_premium
678138746159304704,2021,689358691912228864,12,4,1,0,1,dynasty_ppr,0,True,1.0,6.0,0.0,False,short_draft;non_redraft_or_idp
689506841025142784,2021,689506841025142785,12,20,1,0,1,ppr,0,True,1.0,4.0,0.0,True,eligible
689632562892578816,2021,689632564499030016,12,28,1,1,1,dynasty_2qb,0,True,0.5,4.0,0.5,False,not_1qb;non_redraft_or_idp;te_premium
690009983017893888,2021,690009984834015232,12,29,1,1,1,dynasty_2qb,0,True,1.0,6.0,0.5,False,not_1qb;non_redraft_or_idp;te_premium
687275884259934208,2021,690028133226729472,12,5,1,1,1,dynasty_2qb,0,True,1.0,6.0,0.0,False,not_1qb;short_draft;non_redraft_or_idp
657352243334418432,2021,690211057641291776,12,4,1,1,1,dynasty_2qb,0,True,1.0,5.0,0.5,False,not_1qb;short_draft;non_redraft_or_idp;te_premium
690637428339347456,2021,690637429790560256,12,27,1,1,1,dynasty_2qb,0,True,0.5,6.0,0.6499999761581421,False,not_1qb;non_redraft_or_idp;te_premium
690661277508366336,2021,690661280884826112,12,20,1,1,1,2qb,0,True,1.0,6.0,1.0,False,not_1qb;non_redraft_or_idp;te_premium
690683386225856512,2021,690683387601592320,12,27,1,1,1,dynasty_2qb,0,True,0.5,6.0,0.6499999761581421,False,not_1qb;non_redraft_or_idp;te_premium
688833888147038208,2021,690762461690810368,12,4,1,1,1,idp,0,True,1.0,6.0,0.5,False,not_1qb;short_draft;non_redraft_or_idp;te_premium
690720044614766592,2021,690781325141037056,12,4,1,1,1,dynasty_2qb,0,True,1.0,5.0,0.5,False,not_1qb;short_draft;non_redraft_or_idp;te_premium
691004172287410176,2021,691004175034699776,12,22,1,1,1,2qb,0,True,1.0,6.0,0.0,False,not_1qb;non_redraft_or_idp
691052905289060352,2021,691052905289060353,12,15,1,0,1,half_ppr,0,True,0.5,4.0,0.0,True,eligible
691512297595662336,2021,691512299227287552,12,26,1,1,1,dynasty_2qb,0,True,1.0,4.0,0.0,False,not_1qb;non_redraft_or_idp
691539142663798784,2021,691592663241134080,12,4,1,1,1,dynasty_2qb,0,True,1.0,5.0,0.5,False,not_1qb;short_draft;non_redraft_or_idp;te_premium
691848804923670528,2021,691848808509800448,12,30,1,1,1,dynasty_2qb,0,True,1.0,4.0,0.5,False,not_1qb;non_redraft_or_idp;te_premium
655656924146139136,2021,692536588625866752,12,4,1,1,1,dynasty_2qb,0,True,1.0,4.0,0.0,False,not_1qb;short_draft;non_redraft_or_idp
690635053482475520,2021,692552945585197056,12,4,1,0,1,dynasty_ppr,0,True,1.0,4.0,0.0,False,short_draft;non_redraft_or_idp
692812082697043968,2021,692812083925950464,12,30,1,1,1,dynasty_2qb,0,True,1.0,6.0,0.5,False,not_1qb;non_redraft_or_idp;te_premium
692854608359424000,2021,692854614009118720,12,45,2,0,1,idp,0,True,1.0,6.0,0.20000000298023224,False,not_1qb;non_redraft_or_idp;te_premium
693265183161782272,2021,693265184394936320,12,34,1,1,1,dynasty_2qb,0,True,1.0,6.0,0.5,False,not_1qb;non_redraft_or_idp;te_premium
692222480521183232,2021,693307842827988992,12,4,1,1,1,dynasty_2qb,0,True,1.0,4.0,0.0,False,not_1qb;short_draft;non_redraft_or_idp
693587342316875776,2021,693587342316875777,12,15,1,0,1,half_ppr,30,True,0.5,4.0,0.5,False,keeper_picks;te_premium
693820844937412608,2021,693820846011154432,12,23,1,1,1,dynasty_2qb,0,True,1.0,6.0,0.5,False,not_1qb;non_redraft_or_idp;te_premium
691180152029278208,2021,693892182469337088,12,4,1,1,1,dynasty_2qb,0,True,1.0,5.0,0.5,False,not_1qb;short_draft;non_redraft_or_idp;te_premium
694043064515248128,2021,694043067086381056,12,28,1,1,1,dynasty_2qb,0,True,1.0,6.0,0.0,False,not_1qb;non_redraft_or_idp
658523633475452928,2021,694290668650078208,12,6,1,1,1,idp,0,True,1.0,6.0,1.0,False,not_1qb;short_draft;non_redraft_or_idp;te_premium
694575137273479168,2021,694575139148353536,12,15,1,1,1,2qb,0,True,0.0,4.0,1.5,False,not_1qb;non_redraft_or_idp;te_premium
694575239786479616,2021,694575241032204288,12,15,1,1,1,2qb,0,True,0.0,4.0,1.5,False,not_1qb;non_redraft_or_idp;te_premium
686641441828581376,2021,694604255503384576,12,4,2,0,2,dynasty_2qb,0,False,1.0,6.0,0.5,False,incomplete_board;not_1qb;short_draft;non_redraft_or_idp;te_premium
687054462283481088,2021,694925851162124288,12,5,1,1,1,dynasty_2qb,0,True,1.0,6.0,0.5,False,not_1qb;short_draft;non_redraft_or_idp;te_premium
692440946733813760,2021,695055215077969920,12,5,1,1,1,dynasty_2qb,0,True,1.0,6.0,0.0,False,not_1qb;short_draft;non_redraft_or_idp
695109617755185152,2021,695109618594021376,12,24,1,0,1,dynasty_ppr,0,True,1.0,4.0,0.0,False,non_redraft_or_idp
695294047543160832,2021,695294049455779840,12,34,1,1,1,dynasty_2qb,0,True,1.0,4.0,0.0,False,not_1qb;non_redraft_or_idp
656735696865816576,2021,695429430973112320,12,24,1,1,1,dynasty_2qb,0,True,1.0,4.0,0.5,False,not_1qb;non_redraft_or_idp;te_premium
695549280701710336,2021,695549282274615296,12,29,1,1,1,dynasty_2qb,0,True,1.0,6.0,0.5,False,not_1qb;non_redraft_or_idp;te_premium
695584133132406784,2021,695584134889803776,12,39,1,1,1,idp,0,True,0.5,4.0,0.5,False,not_1qb;non_redraft_or_idp;te_premium
695731030627278848,2021,695731031940067328,12,25,1,1,1,dynasty_2qb,0,True,1.0,6.0,0.75,False,not_1qb;non_redraft_or_idp;te_premium
695868684102598656,2021,695868686451417088,12,33,1,0,1,dynasty_ppr,0,True,1.0,10.0,0.0,False,non_redraft_or_idp
696158171072397312,2021,696158171072397313,12,15,1,0,1,ppr,0,True,1.0,4.0,0.0,True,eligible
691144753500233728,2021,696233367691141120,12,4,1,1,1,dynasty_2qb,0,False,1.0,6.0,0.5,False,incomplete_board;not_1qb;short_draft;non_redraft_or_idp;te_premium
695857856859164672,2021,696250269859667968,12,5,1,1,1,dynasty_2qb,0,True,1.0,7.0,1.5,False,not_1qb;short_draft;non_redraft_or_idp;te_premium
696354714543038464,2021,696354716644364288,12,25,1,1,1,dynasty_2qb,0,True,1.0,6.0,0.5,False,not_1qb;non_redraft_or_idp;te_premium
696099550041030656,2021,696864624426938368,12,20,1,1,1,2qb,0,True,1.0,5.0,0.25,False,not_1qb;non_redraft_or_idp;te_premium
696880555396009984,2021,696880561326735360,12,20,1,1,1,2qb,0,True,1.0,6.0,0.75,False,not_1qb;non_redraft_or_idp;te_premium
696885234217598976,2021,696885240819412992,12,18,1,0,1,dynasty_ppr,0,True,1.0,4.0,0.5,False,non_redraft_or_idp;te_premium
654854002172846080,2021,697129557777530880,12,27,1,1,2,2qb,0,True,1.0,6.0,0.5,False,not_1qb;non_redraft_or_idp;te_premium
697166492776620032,2021,697166493527384064,12,28,1,1,1,dynasty_2qb,0,True,0.5,4.0,0.0,False,not_1qb;non_redraft_or_idp
681898968447266816,2021,697170773588115456,12,5,1,1,1,idp,0,True,1.0,4.0,1.0,False,not_1qb;short_draft;non_redraft_or_idp;te_premium
697231444937895936,2021,697231446154248192,12,23,1,1,1,dynasty_2qb,0,True,1.0,4.0,0.5,False,not_1qb;non_redraft_or_idp;te_premium
697332328657158144,2021,697332330460680192,12,26,1,0,1,dynasty_half_ppr,0,True,0.5,6.0,1.0,False,non_redraft_or_idp;te_premium
694993709065936896,2021,697581885538246656,12,5,1,0,1,idp,0,True,1.0,6.0,0.0,False,short_draft;non_redraft_or_idp
697966772367724544,2021,697966773319831552,12,30,1,1,1,dynasty_2qb,0,False,1.0,4.0,0.0,False,incomplete_board;not_1qb;non_redraft_or_idp
698021420759879680,2021,698021422991253504,12,25,2,0,1,dynasty_2qb,0,True,1.0,6.0,0.5,False,not_1qb;non_redraft_or_idp;te_premium
698728281733681152,2021,698728285269495808,12,27,1,1,1,idp,0,True,1.0,4.0,0.0,False,not_1qb;non_redraft_or_idp
694241916585316352,2021,698887268089282560,12,1,1,1,1,dynasty_2qb,0,False,1.0,4.0,0.75,False,incomplete_board;not_1qb;short_draft;non_redraft_or_idp;te_premium
699078959266099200,2021,699078961350680576,12,27,1,1,1,dynasty_2qb,0,True,1.0,4.0,0.0,False,not_1qb;non_redraft_or_idp
697910554529972224,2021,699281331485487104,12,5,1,1,1,dynasty_2qb,0,True,1.0,6.0,0.0,False,not_1qb;short_draft;non_redraft_or_idp
699369275776909312,2021,699369278025056256,12,30,1,1,1,dynasty_2qb,0,True,1.0,6.0,0.75,False,not_1qb;non_redraft_or_idp;te_premium
699431602626826240,2021,699431604040335360,12,32,1,1,1,dynasty_2qb,0,True,1.0,4.0,0.5,False,not_1qb;non_redraft_or_idp;te_premium
699654046230872064,2021,699654047170383872,12,29,1,1,1,dynasty_2qb,0,True,1.0,5.0,0.5,False,not_1qb;non_redraft_or_idp;te_premium
699805583863275520,2021,699805585834610688,12,36,1,1,1,dynasty_2qb,0,False,1.0,6.0,1.0,False,incomplete_board;not_1qb;non_redraft_or_idp;te_premium
699833954819211264,2021,699833956572397568,12,28,1,1,1,dynasty_2qb,0,True,1.0,4.0,0.0,False,not_1qb;non_redraft_or_idp
699865795873832960,2021,699865806682537984,12,27,1,1,2,dynasty_2qb,0,True,1.0,6.0,0.0,False,not_1qb;non_redraft_or_idp
699901741738598400,2021,699901744691367936,12,25,1,1,1,dynasty_2qb,0,True,1.0,6.0,0.0,False,not_1qb;non_redraft_or_idp
699999651604004864,2021,699999653520818176,12,29,1,1,1,dynasty_2qb,0,True,0.5,4.0,0.5,False,not_1qb;non_redraft_or_idp;te_premium
700130130609143808,2021,700130132131663872,12,26,1,0,1,dynasty_ppr,0,True,1.0,4.0,0.0,False,non_redraft_or_idp
700860901426802688,2021,700860902181761024,12,26,1,1,1,dynasty_2qb,0,True,0.5,6.0,0.0,False,not_1qb;non_redraft_or_idp
699407411462627328,2021,700941369304240128,12,6,1,1,1,idp,0,True,1.0,4.0,0.5,False,not_1qb;short_draft;non_redraft_or_idp;te_premium
701215699133095936,2021,701215702853431296,12,28,1,1,1,dynasty_2qb,0,True,1.0,4.0,0.5,False,not_1qb;non_redraft_or_idp;te_premium
700443864414117888,2021,701269809685405696,12,31,1,1,1,dynasty_2qb,0,True,1.0,6.0,0.0,False,not_1qb;non_redraft_or_idp
701516335254970368,2021,701516336953618432,12,21,1,1,1,dynasty_2qb,0,True,1.0,4.0,1.0,False,not_1qb;non_redraft_or_idp;te_premium
701811780770426880,2021,701811782435536896,12,24,1,0,1,dynasty_ppr,0,True,1.0,6.0,0.0,False,non_redraft_or_idp
701812525951451136,2021,701812525951451137,12,16,1,0,1,ppr,0,True,1.0,4.0,0.0,True,eligible
702254649469665280,2021,702254650346266624,12,24,1,1,1,dynasty_2qb,0,True,1.0,6.0,0.5,False,not_1qb;non_redraft_or_idp;te_premium
702362584640204800,2021,702362590747103232,12,27,1,0,1,dynasty_ppr,0,True,1.0,4.0,0.0,False,non_redraft_or_idp
702554316690526208,2021,702554317831356416,12,27,1,1,1,dynasty_2qb,0,True,0.5,6.0,0.0,False,not_1qb;non_redraft_or_idp
702606976038805504,2021,702606977460703232,12,20,1,1,1,2qb,0,True,1.0,6.0,0.0,False,not_1qb;non_redraft_or_idp
703078997285736448,2021,703078998187544576,12,30,1,1,1,dynasty_2qb,0,True,1.0,4.0,0.5,False,not_1qb;non_redraft_or_idp;te_premium
703095867174903808,2021,703095868370268160,12,30,1,1,1,dynasty_2qb,0,True,1.0,6.0,0.5,False,not_1qb;non_redraft_or_idp;te_premium
703313043819409408,2021,703313043819409409,12,21,1,1,1,2qb,0,False,0.5,6.0,0.0,False,incomplete_board;not_1qb;non_redraft_or_idp
703410218842796032,2021,703410220327579648,12,15,1,0,0,ppr,0,True,1.0,6.0,0.0,False,no_required_te
652382837558829056,2021,703426549646438400,12,29,1,1,1,dynasty_2qb,0,True,1.0,4.0,0.5,False,not_1qb;non_redraft_or_idp;te_premium
650125457987035136,2021,703433620337025024,12,3,1,1,1,idp,0,False,1.0,4.0,0.0,False,incomplete_board;not_1qb;short_draft;non_redraft_or_idp
704332337063739392,2021,704332338477219840,12,23,1,1,1,dynasty_2qb,0,True,0.5,6.0,0.5,False,not_1qb;non_redraft_or_idp;te_premium
704479616114442240,2021,704479617037176832,12,20,1,1,1,dynasty_2qb,0,True,1.0,4.0,0.0,False,not_1qb;non_redraft_or_idp
704622495705157632,2021,704622497311571968,12,30,1,1,1,idp,0,True,1.0,6.0,0.5,False,not_1qb;non_redraft_or_idp;te_premium
704777526970490880,2021,704777527977127936,12,21,1,1,1,dynasty_2qb,0,True,1.0,6.0,0.5,False,not_1qb;non_redraft_or_idp;te_premium
704833700076023808,2021,704833701657243648,12,16,1,0,1,ppr,0,True,1.0,6.0,0.0,True,eligible
704863902596403200,2021,704863905528238080,12,27,1,1,1,dynasty_2qb,0,True,0.5,4.0,0.0,False,not_1qb;non_redraft_or_idp
702334439933452288,2021,704919334090256384,12,2,1,0,1,dynasty_ppr,0,True,1.0,4.0,0.0,False,short_draft;non_redraft_or_idp
705073121253736448,2021,705073124466589696,12,30,1,1,1,dynasty_2qb,0,True,1.0,6.0,0.5,False,not_1qb;non_redraft_or_idp;te_premium
705137041263898624,2021,705137044254457856,12,24,2,0,2,dynasty_2qb,0,False,1.0,6.0,0.0,False,incomplete_board;not_1qb;non_redraft_or_idp
705715426511884288,2021,705715428541919232,12,25,1,1,1,dynasty_2qb,0,True,1.0,4.0,0.5,False,not_1qb;non_redraft_or_idp;te_premium
705791733534900224,2021,705791735569158144,12,29,1,1,1,dynasty_2qb,0,True,1.0,4.0,0.0,False,not_1qb;non_redraft_or_idp
705913485413933056,2021,705913489247518720,12,21,1,0,1,dynasty_half_ppr,0,True,0.5,4.0,0.0,False,non_redraft_or_idp
705976976262897664,2021,705976978448117760,12,15,1,0,1,dynasty_ppr,0,True,1.0,4.0,0.0,False,non_redraft_or_idp
699022793857122304,2021,706183776392269824,12,4,1,0,1,dynasty_ppr,0,True,1.0,4.0,0.5,False,short_draft;non_redraft_or_idp;te_premium
706314572918775808,2021,706314572918775809,12,16,2,0,1,2qb,0,True,0.5,4.0,0.0,False,not_1qb;non_redraft_or_idp
706376142671654912,2021,706376147750944768,12,25,1,1,1,dynasty_2qb,0,True,1.0,4.0,0.0,False,not_1qb;non_redraft_or_idp
706631813161865216,2021,706631814122393600,12,29,1,1,1,dynasty_2qb,0,True,1.0,6.0,0.5,False,not_1qb;non_redraft_or_idp;te_premium
707299103922540544,2021,707299105050804224,12,30,2,0,1,dynasty_2qb,0,True,1.0,6.0,0.0,False,not_1qb;non_redraft_or_idp
647346144627781632,2021,707310229599117312,12,8,1,1,1,idp,0,True,1.0,6.0,1.0,False,not_1qb;short_draft;non_redraft_or_idp;te_premium
702758338139594752,2021,707788278740373504,12,5,1,1,1,dynasty_2qb,0,True,1.0,6.0,0.75,False,not_1qb;short_draft;non_redraft_or_idp;te_premium
707816582033780736,2021,707816583728291840,12,30,1,1,1,dynasty_2qb,0,True,1.0,6.0,0.0,False,not_1qb;non_redraft_or_idp
708126890505867264,2021,708126892057788416,12,26,1,0,1,dynasty_ppr,0,True,1.0,4.0,0.0,False,non_redraft_or_idp
706327477143814144,2021,708181214594396160,12,4,1,1,1,dynasty_2qb,0,False,0.5,4.0,0.0,False,incomplete_board;not_1qb;short_draft;non_redraft_or_idp
708386406824742912,2021,708386408204693504,12,16,1,1,1,2qb,0,True,1.0,6.0,0.25,False,not_1qb;non_redraft_or_idp;te_premium
708800767900856320,2021,708800769276588032,12,31,1,1,1,dynasty_2qb,0,True,1.0,4.0,1.0,False,not_1qb;non_redraft_or_idp;te_premium
708840827182469120,2021,708840828868575232,12,25,1,1,1,dynasty_2qb,0,True,1.0,6.0,0.75,False,not_1qb;non_redraft_or_idp;te_premium
708959342870761472,2021,708959344233885696,12,15,1,1,1,2qb,0,True,0.5,6.0,0.0,False,not_1qb;non_redraft_or_idp
708964922054217728,2021,708964923589332992,12,15,1,0,1,half_ppr,0,True,0.5,6.0,0.0,True,eligible
709089394098782208,2021,709089395692613632,12,26,1,1,1,dynasty_2qb,0,True,1.0,6.0,1.0,False,not_1qb;non_redraft_or_idp;te_premium
709112546401013760,2021,709112547155992576,12,28,1,1,1,dynasty_2qb,0,True,0.5,4.0,1.0,False,not_1qb;non_redraft_or_idp;te_premium
709205704988266496,2021,709205704992460800,12,16,1,0,1,half_ppr,0,False,0.5,6.0,0.0,False,incomplete_board
709255106381578240,2021,709255107446931456,12,28,1,1,1,dynasty_2qb,0,True,0.5,4.0,1.0,False,not_1qb;non_redraft_or_idp;te_premium
709557902695796736,2021,709567492082724864,12,33,1,1,1,dynasty_2qb,0,True,1.0,4.0,0.0,False,not_1qb;non_redraft_or_idp
710313185541963776,2021,710313186347261952,12,29,1,1,1,dynasty_2qb,0,True,1.0,5.0,0.5,False,not_1qb;non_redraft_or_idp;te_premium
706945104052547584,2021,710364073950265344,12,5,1,1,1,dynasty_2qb,0,True,1.0,6.0,0.5,False,not_1qb;short_draft;non_redraft_or_idp;te_premium
710637586036662272,2021,710637586871316480,12,19,1,0,1,ppr,0,True,1.0,4.0,0.0,True,eligible
710706380075503616,2021,710706388711571456,12,29,1,1,1,dynasty_2qb,0,True,1.0,6.0,1.0,False,not_1qb;non_redraft_or_idp;te_premium
710859562424537088,2021,710859562424537089,12,14,1,0,1,half_ppr,0,True,0.5,4.0,0.0,True,eligible
710937141407989760,2021,710937143316377600,12,27,1,1,1,dynasty_2qb,0,True,1.0,4.0,0.0,False,not_1qb;non_redraft_or_idp
710606336630542336,2021,710994950531153920,12,27,1,1,2,dynasty_2qb,0,True,1.0,6.0,0.75,False,not_1qb;non_redraft_or_idp;te_premium
711067416691580928,2021,711080605932163072,12,16,1,1,1,2qb,0,True,1.0,4.0,0.0,False,not_1qb;non_redraft_or_idp
711246223775969280,2021,711246226426793984,12,25,1,1,1,dynasty_2qb,0,True,1.0,6.0,0.0,False,not_1qb;non_redraft_or_idp
711642202572410880,2021,711642204120129536,12,30,1,1,1,dynasty_2qb,0,True,1.0,5.0,0.5,False,not_1qb;non_redraft_or_idp;te_premium
711779514308440064,2021,711779514308440065,12,17,1,0,1,2qb,0,True,1.0,6.0,0.5,False,non_redraft_or_idp;te_premium
711824692645814272,2021,711824693816041472,12,16,1,0,1,ppr,0,True,1.0,4.0,0.0,True,eligible
704847839414546432,2021,712065515702534144,12,4,1,1,1,dynasty_2qb,0,True,1.0,4.0,0.0,False,not_1qb;short_draft;non_redraft_or_idp
712077522635931648,2021,712077523739033600,12,20,1,1,1,dynasty_2qb,0,True,1.0,6.0,0.5,False,not_1qb;non_redraft_or_idp;te_premium
712199700685623296,2021,712199701700620288,12,21,1,1,1,dynasty_2qb,0,True,1.0,6.0,0.0,False,not_1qb;non_redraft_or_idp
712820854949498880,2021,712820854949498881,12,15,1,0,1,half_ppr,0,True,0.5,4.0,0.0,True,eligible
712849909824442368,2021,712849910688464896,12,30,1,0,2,dynasty_ppr,0,True,1.0,6.0,1.0,False,non_redraft_or_idp;te_premium
713245329943793664,2021,713245331034304512,12,30,1,1,1,dynasty_2qb,0,True,1.0,4.0,1.0,False,not_1qb;non_redraft_or_idp;te_premium
713469954128687104,2021,713469955462492160,12,21,1,1,1,dynasty_2qb,0,True,1.0,6.0,0.0,False,not_1qb;non_redraft_or_idp
713571136109092864,2021,713571137098944512,12,51,1,0,2,idp,0,True,1.0,4.0,0.0,False,non_redraft_or_idp
713871398501683200,2021,713871400070377472,12,25,1,0,1,dynasty_ppr,0,True,1.0,4.0,0.0,False,non_redraft_or_idp
714008343877844992,2021,714008344989335552,12,15,1,0,1,ppr,0,True,1.0,4.0,0.0,True,eligible
714254554304151552,2021,714254556028022784,12,25,1,1,1,dynasty_2qb,0,True,1.0,4.0,0.0,False,not_1qb;non_redraft_or_idp
714294230004109312,2021,714294231249793024,12,20,1,1,1,dynasty_2qb,0,True,1.0,6.0,0.0,False,not_1qb;non_redraft_or_idp
714503893014380544,2021,714503895581274112,12,16,1,0,1,ppr,0,True,1.0,4.0,0.5,False,te_premium
714516652774981632,2021,714516659649445888,12,20,1,1,1,dynasty_2qb,0,True,1.0,6.0,0.0,False,not_1qb;non_redraft_or_idp
714629424925974528,2021,714629425810964480,12,15,1,1,1,2qb,0,True,1.0,4.0,0.0,False,not_1qb;non_redraft_or_idp
715065778633764864,2021,715065779711741952,12,28,1,1,1,dynasty_2qb,0,True,1.0,6.0,0.0,False,not_1qb;non_redraft_or_idp
715071141433122816,2021,715071143140237312,12,15,1,1,0,2qb,0,True,0.5,6.0,0.0,False,not_1qb;no_required_te;non_redraft_or_idp
715230487353835520,2021,715230489128034304,12,31,1,1,1,dynasty_2qb,0,True,1.0,6.0,0.5,False,not_1qb;non_redraft_or_idp;te_premium
715598149296656384,2021,715598150647242752,12,29,1,1,1,dynasty_2qb,0,True,1.0,4.0,0.0,False,not_1qb;non_redraft_or_idp
715789400205766656,2021,715789401321435136,12,16,1,0,1,half_ppr,0,True,0.5,4.0,0.0,True,eligible
716084103090368512,2021,716084103090368513,12,19,1,1,1,2qb,0,True,0.0,4.0,1.5,False,not_1qb;non_redraft_or_idp;te_premium
712915556365344768,2021,716125787178213376,12,3,1,0,1,dynasty_ppr,0,True,1.0,6.0,0.0,False,short_draft;non_redraft_or_idp
716241206044090368,2021,716241206044090369,12,15,1,1,0,2qb,0,True,1.0,6.0,0.5,False,not_1qb;no_required_te;non_redraft_or_idp;te_premium
716446567732670464,2021,716446569452371968,12,14,1,0,1,ppr,0,True,1.0,4.0,0.0,True,eligible
716584386958528512,2021,716584390641131520,12,26,1,1,1,dynasty_2qb,0,True,1.0,6.0,0.5,False,not_1qb;non_redraft_or_idp;te_premium
716692082378469376,2021,716692083078959104,12,30,1,1,1,dynasty_2qb,0,True,1.0,6.0,0.5,False,not_1qb;non_redraft_or_idp;te_premium
716695552389107712,2021,716695553307664384,12,30,1,1,1,dynasty_2qb,0,True,1.0,4.0,0.5,False,not_1qb;non_redraft_or_idp;te_premium
716848819651846144,2021,716848820691992576,12,29,1,1,1,dynasty_2qb,0,True,0.5,6.0,0.5,False,not_1qb;non_redraft_or_idp;te_premium
717171571269148672,2021,717171572615483392,12,28,1,1,1,dynasty_2qb,0,True,1.0,6.0,0.5,False,not_1qb;non_redraft_or_idp;te_premium
717196971177250816,2021,717196972498452480,12,28,1,1,1,dynasty_2qb,0,True,1.0,4.0,0.5,False,not_1qb;non_redraft_or_idp;te_premium
717425157815238656,2021,717425159576825856,12,15,1,0,1,half_ppr,0,True,0.5,4.0,0.0,True,eligible
718162433411219456,2021,718162434304593920,12,30,1,1,0,dynasty_2qb,0,True,0.5,4.0,0.5,False,not_1qb;no_required_te;non_redraft_or_idp;te_premium
718234961261469696,2021,718234961261469697,12,20,1,1,1,2qb,0,True,1.0,6.0,0.5,False,not_1qb;non_redraft_or_idp;te_premium
718260415972323328,2021,718260421722738688,12,20,1,1,1,2qb,0,True,1.0,4.0,1.0,False,not_1qb;non_redraft_or_idp;te_premium
718261419056885760,2021,718261420990492672,12,29,1,1,1,dynasty_2qb,0,True,1.0,6.0,0.5,False,not_1qb;non_redraft_or_idp;te_premium
718348919301574656,2021,718348921012813824,12,44,1,1,1,idp,0,True,1.0,4.0,0.5,False,not_1qb;non_redraft_or_idp;te_premium
718356709399166976,2021,718356711194329088,12,29,1,1,1,dynasty_2qb,0,True,0.5,6.0,0.5,False,not_1qb;non_redraft_or_idp;te_premium
718536332854505472,2021,718536333865332736,12,35,1,1,1,dynasty_2qb,0,True,1.0,6.0,0.75,False,not_1qb;non_redraft_or_idp;te_premium
706409159410663424,2021,718595341095604224,12,6,1,1,1,idp,0,False,1.0,5.0,0.0,False,incomplete_board;not_1qb;short_draft;non_redraft_or_idp
718643877766057984,2021,718643880727220224,12,28,1,1,1,dynasty_2qb,0,True,1.0,6.0,0.5,False,not_1qb;non_redraft_or_idp;te_premium
718835006763540480,2021,718835006763540481,12,16,1,1,1,2qb,0,True,1.0,4.0,0.5,False,not_1qb;non_redraft_or_idp;te_premium
718905877284843520,2021,718905879092600832,12,29,1,1,1,dynasty_2qb,0,True,1.0,6.0,0.5,False,not_1qb;non_redraft_or_idp;te_premium
716850054274576384,2021,718934369250643968,12,5,1,1,1,dynasty_2qb,0,True,1.0,6.0,0.5,False,not_1qb;short_draft;non_redraft_or_idp;te_premium
718963702346362880,2021,718963704300924928,12,31,1,1,1,dynasty_2qb,0,True,1.0,6.0,0.5,False,not_1qb;non_redraft_or_idp;te_premium
719085139170242560,2021,719085140407554048,12,16,1,0,1,ppr,0,True,1.0,4.0,0.0,True,eligible
719279825340153856,2021,719279827403751424,12,29,1,1,1,dynasty_2qb,0,True,1.0,6.0,0.5,False,not_1qb;non_redraft_or_idp;te_premium
719302651082272768,2021,719302652135047168,12,15,1,0,1,ppr,0,True,1.0,4.0,0.0,True,eligible
719290860235206656,2021,719579805707739136,12,23,1,1,1,dynasty_2qb,0,True,1.0,4.0,0.5,False,not_1qb;non_redraft_or_idp;te_premium
719594859698151424,2021,719594860297932800,12,15,1,0,1,half_ppr,0,True,0.5,4.0,0.0,True,eligible
719710735860568064,2021,719710737060139008,12,24,1,1,1,dynasty_2qb,0,True,1.0,6.0,0.6899999976158142,False,not_1qb;non_redraft_or_idp;te_premium
719753474643927040,2021,719753474643927041,12,15,1,0,1,ppr,0,True,1.0,6.0,0.5,False,te_premium
719808695357214720,2021,719808696418406400,12,26,1,1,1,dynasty_2qb,0,True,1.0,4.0,0.5,False,not_1qb;non_redraft_or_idp;te_premium
719943497922199552,2021,719943499243405312,12,31,1,1,1,dynasty_2qb,0,True,0.5,6.0,0.0,False,not_1qb;non_redraft_or_idp
720135033750364160,2021,720135033750364161,12,14,1,0,1,half_ppr,5,True,0.5,4.0,0.0,False,keeper_picks
720256122031767552,2021,720343843563712512,12,3,1,1,1,dynasty_2qb,0,True,1.0,6.0,1.0,False,not_1qb;short_draft;non_redraft_or_idp;te_premium
719813047903924224,2021,720404187246043136,12,28,1,1,1,dynasty_2qb,0,True,1.0,4.0,0.5,False,not_1qb;non_redraft_or_idp;te_premium
720437566641364992,2021,720437568843382784,12,22,1,1,1,2qb,0,True,1.0,6.0,1.0,False,not_1qb;non_redraft_or_idp;te_premium
720531104490147840,2021,720531106981564416,12,29,1,1,1,dynasty_2qb,0,True,1.0,4.0,0.0,False,not_1qb;non_redraft_or_idp
720690669554839552,2021,720690670238486528,12,30,1,1,1,dynasty_2qb,0,True,1.0,4.0,0.5,False,not_1qb;non_redraft_or_idp;te_premium
693761195068424192,2021,721170467204956160,12,4,1,1,1,dynasty_2qb,0,True,1.0,4.0,0.0,False,not_1qb;short_draft;non_redraft_or_idp
721218207658086400,2021,721244514190188544,12,5,1,1,1,dynasty_2qb,0,True,1.0,4.0,0.0,False,not_1qb;short_draft;non_redraft_or_idp
721506737676439552,2021,721506737676439553,12,15,1,0,1,ppr,0,True,1.0,6.0,0.0,True,eligible
649999639814160384,2021,721780588700344320,12,20,1,0,1,dynasty_ppr,0,True,1.0,6.0,0.75,False,non_redraft_or_idp;te_premium
721825776919445504,2021,721825778140008448,12,14,1,0,1,half_ppr,0,True,0.5,4.0,0.0,True,eligible
713979139383685120,2021,722240195839221760,12,6,1,1,1,idp,0,True,1.0,4.0,0.5,False,not_1qb;short_draft;non_redraft_or_idp;te_premium
722302612346597376,2021,722302614091436032,12,28,1,0,1,dynasty_ppr,0,True,1.0,6.0,0.0,False,non_redraft_or_idp
719730594577190912,2021,722471635852042240,12,5,1,1,1,dynasty_2qb,0,True,1.0,4.0,0.0,False,not_1qb;short_draft;non_redraft_or_idp
722566784871366656,2021,722566785731203072,12,24,1,1,1,dynasty_2qb,0,True,1.0,4.0,0.0,False,not_1qb;non_redraft_or_idp
722978653746577408,2021,722978654610595840,12,15,1,0,1,dynasty_std,0,True,0.0,4.0,1.5,False,non_redraft_or_idp;te_premium
722995920802742272,2021,722995924468559872,12,17,1,1,1,2qb,0,True,1.0,4.0,0.0,False,not_1qb;non_redraft_or_idp
723202256660434944,2021,723202257855881216,12,15,1,0,1,ppr,0,True,1.0,4.0,0.0,True,eligible
723347290634440704,2021,723347290634440705,12,15,1,0,1,ppr,0,True,1.0,4.0,0.0,True,eligible
721903357148622848,2021,723388305831436288,12,5,2,0,2,dynasty_2qb,0,True,1.0,6.0,1.100000023841858,False,not_1qb;short_draft;non_redraft_or_idp;te_premium
723647360491671552,2021,723647361791905792,12,30,1,1,1,dynasty_2qb,0,True,1.0,6.0,0.0,False,not_1qb;non_redraft_or_idp
723692770069413888,2021,723692771709411328,12,26,1,1,1,dynasty_2qb,0,True,0.0,6.0,0.0,False,not_1qb;non_redraft_or_idp
723778873455632384,2021,723778882502721536,12,28,1,0,1,dynasty_ppr,0,True,1.0,6.0,0.0,False,non_redraft_or_idp
723995441980596224,2021,723995443406647296,12,28,1,1,1,dynasty_2qb,0,True,1.0,6.0,1.0,False,not_1qb;non_redraft_or_idp;te_premium
724042560405868544,2021,724042562549161984,12,20,1,0,1,dynasty_ppr,0,True,1.0,6.0,0.0,False,non_redraft_or_idp
724346540847599616,2021,724346543129346048,12,20,1,1,0,dynasty_2qb,0,True,0.0,4.0,1.5,False,not_1qb;no_required_te;non_redraft_or_idp;te_premium
724361218030112768,2021,724361218030112769,12,16,1,0,1,half_ppr,0,True,0.5,4.0,0.5,False,te_premium
724938022528856064,2021,724949671620980736,12,22,1,1,1,dynasty_2qb,0,True,1.0,6.0,0.0,False,not_1qb;non_redraft_or_idp
725117448361172992,2021,725117448835112960,12,23,1,0,1,dynasty_ppr,0,True,1.0,6.0,0.0,False,non_redraft_or_idp
725190371990122496,2021,725190373604970496,12,16,1,0,1,ppr,0,True,1.0,6.0,0.0,True,eligible
725374394012098560,2021,725374394746134528,12,25,1,1,1,dynasty_2qb,0,True,1.0,4.0,0.0,False,not_1qb;non_redraft_or_idp
725420943182221312,2021,725420946369900544,12,16,1,0,1,half_ppr,0,True,0.5,4.0,0.0,True,eligible
725876364741251072,2021,725876367840849920,12,28,1,1,1,dynasty_2qb,0,True,1.0,6.0,0.75,False,not_1qb;non_redraft_or_idp;te_premium
725882049927376896,2021,725882050791444480,12,15,1,0,1,ppr,0,True,1.0,4.0,0.0,True,eligible
726146060585668608,2021,726146060585668609,12,15,1,0,1,half_ppr,0,True,0.5,4.0,0.0,True,eligible
726148517130801152,2021,726148517130801153,12,14,1,0,1,half_ppr,0,True,0.5,4.0,0.0,True,eligible
726148670919151616,2021,726148670923345920,12,15,1,0,1,half_ppr,0,True,0.5,6.0,0.0,True,eligible
726158905943658496,2021,726158905947852800,12,17,1,1,1,2qb,0,True,0.5,6.0,0.0,False,not_1qb;non_redraft_or_idp
726159999776186368,2021,726159999776186369,12,17,1,0,1,half_ppr,0,True,0.5,4.0,0.0,True,eligible
726486677522055168,2021,726486679048781824,12,41,1,1,1,idp,0,True,1.0,6.0,0.0,False,not_1qb;non_redraft_or_idp
726644667919183872,2021,726644670259617792,12,29,1,1,1,dynasty_2qb,0,True,1.0,6.0,0.5,False,not_1qb;non_redraft_or_idp;te_premium
726667811899899904,2021,726667812491403264,12,15,1,0,1,ppr,0,True,1.0,6.0,0.0,True,eligible
726880698564206592,2021,726880701152067584,12,26,1,0,1,dynasty_ppr,0,True,1.0,6.0,0.5,False,non_redraft_or_idp;te_premium
726983085425520640,2021,726983087904321536,12,22,1,1,1,dynasty_2qb,0,True,1.0,6.0,0.5,False,not_1qb;non_redraft_or_idp;te_premium
727262196576354304,2021,727262197926932480,12,18,1,0,1,ppr,0,True,1.0,6.5,0.75,False,te_premium
727299369946169344,2021,727299373540663296,12,22,1,1,1,dynasty_2qb,0,True,1.0,4.0,1.0,False,not_1qb;non_redraft_or_idp;te_premium
727760031856017408,2021,727760032791326720,12,17,1,0,1,ppr,0,True,1.0,4.0,0.0,True,eligible
727914465391112192,2021,727914466339012608,12,15,1,0,1,half_ppr,0,True,0.5,4.0,0.0,True,eligible
727934231539417088,2021,727934233548513280,12,30,1,1,1,dynasty_2qb,0,True,1.0,4.0,0.0,False,not_1qb;non_redraft_or_idp
727936066572623872,2021,727936067138826240,12,20,1,1,1,2qb,0,True,0.0,5.0,0.0,False,not_1qb;non_redraft_or_idp
727936589975617536,2021,727936590529241088,12,20,1,1,1,2qb,0,True,0.0,5.0,0.0,False,not_1qb;non_redraft_or_idp
722275117702377472,2021,727996151747420160,12,5,1,1,1,idp,0,True,1.0,6.0,0.5,False,not_1qb;short_draft;non_redraft_or_idp;te_premium
728123427755499520,2021,728123429017989120,12,28,1,0,1,dynasty_ppr,0,True,1.0,6.0,0.0,False,non_redraft_or_idp
728123493832605696,2021,728123500883214336,12,25,1,1,1,dynasty_2qb,0,True,1.0,6.0,0.0,False,not_1qb;non_redraft_or_idp
728270398839439360,2021,728270400462647296,12,28,1,1,1,dynasty_2qb,0,True,1.0,4.0,0.5,False,not_1qb;non_redraft_or_idp;te_premium
728334140046475264,2021,728334142789488640,12,14,1,0,1,half_ppr,0,True,0.0,6.0,0.0,True,eligible
728455766557732864,2021,728455768164126720,12,15,1,0,1,ppr,0,True,1.0,4.0,0.0,True,eligible
728494114286489600,2021,728494115985149952,12,28,1,1,1,dynasty_2qb,0,True,1.0,6.0,0.5,False,not_1qb;non_redraft_or_idp;te_premium
728669422587371520,2021,728669423715586048,12,19,1,1,1,dynasty_2qb,0,True,1.0,4.0,0.0,False,not_1qb;non_redraft_or_idp
707340705604923392,2021,728732809212026880,12,15,1,0,1,ppr,0,True,1.0,6.0,0.0,True,eligible
728806534372532224,2021,728806536037695488,12,16,1,0,1,ppr,0,True,1.0,4.0,0.0,True,eligible
728819859298832384,2021,728819860301316096,12,16,1,0,1,ppr,0,True,1.0,4.0,0.0,True,eligible
729113427678703616,2021,729113428895047680,12,25,1,1,1,dynasty_2qb,0,True,1.0,6.0,1.5,False,not_1qb;non_redraft_or_idp;te_premium
729163656872476672,2021,729173209441746944,12,16,1,1,1,2qb,0,True,1.0,6.0,0.0,False,not_1qb;non_redraft_or_idp
729341394820386816,2021,729341395952889856,12,15,1,1,1,2qb,0,True,0.5,4.0,0.0,False,not_1qb;non_redraft_or_idp
729349223157485568,2021,729349223157485569,12,16,1,0,1,ppr,0,True,1.0,4.0,0.0,True,eligible
728289746455003136,2021,729581798455091200,12,16,1,0,1,half_ppr,0,True,0.5,4.0,0.0,True,eligible
729598860481130496,2021,729598863794634752,12,25,1,0,1,idp,0,True,0.5,4.0,0.0,False,non_redraft_or_idp
730315727931850752,2021,730315729274007552,12,30,1,0,1,dynasty_half_ppr,0,True,0.5,6.0,0.5,False,non_redraft_or_idp;te_premium
730320554556502016,2021,730320556104220672,12,16,1,0,1,half_ppr,0,True,0.5,6.0,0.5,False,te_premium
730385034632110080,2021,730385036234338304,12,12,2,0,2,idp,0,True,1.0,4.0,1.0,False,not_1qb;non_redraft_or_idp;te_premium
730530071881826304,2021,730530073832210432,12,15,1,0,1,half_ppr,0,True,0.5,6.0,0.0,True,eligible
730534215585751040,2021,730534220195332096,12,26,1,1,1,dynasty_2qb,0,True,1.0,4.0,0.0,False,not_1qb;non_redraft_or_idp
730542537219100672,2021,730542537894371328,12,32,1,1,1,dynasty_2qb,0,True,0.5,4.0,0.0,False,not_1qb;non_redraft_or_idp
730571402582822912,2021,730571404017254400,12,28,1,1,1,dynasty_2qb,0,True,1.0,6.0,0.75,False,not_1qb;non_redraft_or_idp;te_premium
730574042523914240,2021,730574043215986689,12,16,1,0,1,half_ppr,0,True,0.5,6.0,0.0,True,eligible
730596650120228864,2021,730596650120228865,12,18,1,0,1,ppr,0,True,1.0,4.0,0.0,True,eligible
730600234450821120,2021,730600234450821121,12,18,1,0,1,ppr,0,True,1.0,4.0,0.0,True,eligible
723256423437398016,2021,730618418537029632,12,16,1,0,1,half_ppr,0,True,0.5,4.0,0.0,True,eligible
730796297287770112,2021,730796297287770113,12,16,1,1,1,2qb,0,True,0.5,4.0,0.5,False,not_1qb;non_redraft_or_idp;te_premium
649996997096497152,2021,730828246534463488,12,18,1,1,1,2qb,0,True,1.0,4.0,0.5,False,not_1qb;non_redraft_or_idp;te_premium
727987564207751168,2021,730952002103799808,12,16,1,0,1,half_ppr,0,True,0.5,4.0,0.0,True,eligible
731045376487989248,2021,731045378098565120,12,32,1,1,2,dynasty_2qb,0,True,1.0,6.0,1.0,False,not_1qb;non_redraft_or_idp;te_premium
731189814082297856,2021,731189816640790528,12,30,1,1,1,dynasty_2qb,0,True,1.0,6.0,0.5,False,not_1qb;non_redraft_or_idp;te_premium
731338133337120768,2021,731338135170035712,12,16,1,0,1,half_ppr,0,True,0.5,6.0,0.5,False,te_premium
731568946997727232,2021,731568948625154048,12,32,1,1,1,dynasty_2qb,0,True,1.0,6.0,0.5,False,not_1qb;non_redraft_or_idp;te_premium
731663168253886464,2021,731663168962723840,12,25,1,1,1,dynasty_2qb,0,True,0.5,6.0,0.5,False,not_1qb;non_redraft_or_idp;te_premium
731691355184713728,2021,731691356770111488,12,23,1,0,1,dynasty_ppr,0,True,1.0,4.0,0.5,False,non_redraft_or_idp;te_premium
731835754271076352,2021,731835755642650624,12,25,1,1,1,dynasty_2qb,0,True,1.0,6.0,0.5,False,not_1qb;non_redraft_or_idp;te_premium
726934879404670976,2021,731968621131186176,12,3,1,0,1,dynasty_ppr,0,True,1.0,6.0,0.0,False,short_draft;non_redraft_or_idp
732049071119929344,2021,732049071119929345,12,15,1,0,1,half_ppr,0,True,0.5,6.0,0.0,True,eligible
732389661925851136,2021,732389662626258944,12,33,1,1,1,dynasty_2qb,0,True,1.0,6.0,0.5,False,not_1qb;non_redraft_or_idp;te_premium
650003544295989248,2021,732675229406597120,12,25,1,0,1,idp,0,False,1.0,6.0,0.0,False,incomplete_board;non_redraft_or_idp
732801976181567488,2021,732801976760422400,12,13,1,0,1,ppr,0,True,1.0,4.0,0.0,True,eligible
733069052519518208,2021,733069052519518209,12,16,1,0,1,half_ppr,0,True,0.5,4.0,0.0,True,eligible
733079182686416896,2021,733079183625957376,12,26,1,1,1,dynasty_2qb,0,True,1.0,6.0,0.5,False,not_1qb;non_redraft_or_idp;te_premium
733344480916312064,2021,733344482648551424,12,15,1,0,1,half_ppr,0,True,0.5,6.0,0.0,True,eligible
733528082387951616,2021,733528083172306944,12,25,1,1,1,dynasty_2qb,0,True,0.5,4.0,0.5,False,not_1qb;non_redraft_or_idp;te_premium
733745117055467520,2021,733745117055467521,12,15,1,1,1,2qb,0,True,0.0,6.0,1.5,False,not_1qb;non_redraft_or_idp;te_premium
733858773218799616,2021,733858774384775168,12,16,1,0,1,half_ppr,0,True,0.5,6.0,0.0,True,eligible
732406904520835072,2021,733918937301045248,12,4,1,1,1,dynasty_2qb,0,True,1.0,6.0,0.0,False,not_1qb;short_draft;non_redraft_or_idp
732086857973751808,2021,734290567730704384,12,17,1,0,1,half_ppr,20,True,0.5,6.0,0.0,False,keeper_picks
734475231560896512,2021,734475233494495232,12,22,1,1,1,dynasty_2qb,0,True,1.0,6.0,0.0,False,not_1qb;non_redraft_or_idp
734481473184346112,2021,734481473930964992,12,29,1,0,1,dynasty_ppr,0,True,1.0,6.0,0.5,False,non_redraft_or_idp;te_premium
734512166362812416,2021,734512167692427264,12,36,1,1,1,dynasty_2qb,0,False,1.0,6.0,0.5,False,incomplete_board;not_1qb;non_redraft_or_idp;te_premium
733734219464978432,2021,734521973044019200,12,23,1,1,1,dynasty_2qb,0,True,0.5,4.0,0.0,False,not_1qb;non_redraft_or_idp
734916569582456832,2021,734916573537669120,12,28,1,1,1,dynasty_2qb,0,True,1.0,6.0,0.0,False,not_1qb;non_redraft_or_idp
734940581943459840,2021,734940583658962944,12,15,1,0,1,half_ppr,0,True,0.5,4.0,0.0,True,eligible
735316060592541696,2021,735316061553070080,12,14,1,1,1,2qb,0,True,1.0,4.0,0.5,False,not_1qb;non_redraft_or_idp;te_premium
735559796211728384,2021,735559799189659648,12,20,1,1,1,dynasty_2qb,0,True,1.0,6.0,0.5,False,not_1qb;non_redraft_or_idp;te_premium
695384016035069952,2021,735630499556495360,12,4,1,1,1,dynasty_2qb,0,False,1.0,4.0,0.0,False,incomplete_board;not_1qb;short_draft;non_redraft_or_idp
735742197172932608,2021,735742197172932609,12,14,1,0,1,half_ppr,0,True,0.5,4.0,0.5,False,te_premium
736005894877392896,2021,736005897402372096,12,30,0,2,0,dynasty_2qb,0,True,0.5,4.0,0.25,False,not_1qb;no_required_te;non_redraft_or_idp;te_premium
736263152366440448,2021,736263153528229888,12,25,2,0,1,dynasty_2qb,0,True,1.0,6.0,0.0,False,not_1qb;non_redraft_or_idp
736658358915989504,2021,736658360379797504,12,14,1,0,1,ppr,0,True,1.0,6.0,1.0,False,te_premium
726145921661931520,2021,736687690774355968,12,17,1,0,1,ppr,0,True,1.0,4.0,0.0,True,eligible
736790060892069888,2021,736790062066438144,12,14,1,0,1,ppr,0,True,1.0,4.0,0.0,True,eligible
736816660878671872,2021,736816662321438720,12,14,1,0,1,half_ppr,0,True,0.5,6.0,0.5,False,te_premium
736997493912588288,2021,736997495611228160,12,28,1,1,1,dynasty_2qb,0,True,1.0,6.0,0.5,False,not_1qb;non_redraft_or_idp;te_premium
737053382983942144,2021,737053384028368896,12,16,1,1,1,2qb,0,True,0.5,4.0,0.0,False,not_1qb;non_redraft_or_idp
737061141125140480,2021,737061142689677312,12,30,1,1,2,dynasty_2qb,0,True,1.0,6.0,2.0,False,not_1qb;non_redraft_or_idp;te_premium
737124940163244032,2021,737124942113579008,12,17,1,1,1,2qb,0,True,1.0,6.0,0.0,False,not_1qb;non_redraft_or_idp
737160578656776192,2021,737160580389011456,12,22,1,0,1,idp,0,True,1.0,6.0,0.5,False,non_redraft_or_idp;te_premium
737170901799399424,2021,737170903032528896,12,14,1,0,1,ppr,0,True,1.0,4.0,0.0,True,eligible
737829295333982208,2021,737829297405980672,12,25,1,0,1,dynasty_ppr,0,True,1.0,6.0,0.0,False,non_redraft_or_idp
737869096200376320,2021,737869097160892416,12,18,1,1,1,2qb,0,True,0.5,4.0,0.0,False,not_1qb;non_redraft_or_idp
738038551853334528,2021,738038556001505280,12,15,1,0,1,ppr,0,True,1.0,4.0,0.0,True,eligible
727994219804844032,2021,738437605678551040,12,15,1,0,1,idp,0,True,1.0,6.0,0.0,False,non_redraft_or_idp
738608189192470528,2021,738608189771268096,12,27,1,1,1,dynasty_2qb,0,True,1.0,6.0,1.0,False,not_1qb;non_redraft_or_idp;te_premium
738945505702387712,2021,738945506851590144,12,15,1,0,1,ppr,0,True,1.0,6.0,0.5,False,te_premium
739325076901638144,2021,739325078080258048,12,16,1,1,1,2qb,0,True,1.0,5.0,1.0,False,not_1qb;non_redraft_or_idp;te_premium
647432683395321856,2021,739400974166335488,12,14,1,0,1,ppr,60,True,1.0,4.5,0.0,False,keeper_picks
739594506344755200,2021,739594507825336320,12,21,1,0,1,dynasty_ppr,0,True,1.0,6.0,0.0,False,non_redraft_or_idp
739605944933171200,2021,739605946170482688,12,16,2,0,1,2qb,0,True,1.0,6.0,0.0,False,not_1qb;non_redraft_or_idp
739636778276913152,2021,739636778276913153,12,22,1,1,2,2qb,0,True,1.0,6.0,1.0,False,not_1qb;non_redraft_or_idp;te_premium
739922797454823424,2021,739922800365727744,12,26,1,1,1,dynasty_2qb,0,True,1.0,5.0,0.75,False,not_1qb;non_redraft_or_idp;te_premium
739998211091152896,2021,739998212282314752,12,17,1,1,1,2qb,0,True,1.0,4.0,0.0,False,not_1qb;non_redraft_or_idp
740225474504065024,2021,740225477012320256,12,17,1,0,1,ppr,0,True,1.0,6.0,0.0,True,eligible
740257941017575424,2021,740257941021769728,12,15,1,0,1,half_ppr,0,True,0.5,6.0,0.0,True,eligible
740257952379944961,2021,740257952379944962,12,15,1,0,1,half_ppr,0,True,0.5,6.0,0.0,True,eligible
740257958663012352,2021,740257958663012353,12,15,1,0,1,half_ppr,0,True,0.5,6.0,0.0,True,eligible
740257960776941568,2021,740257960776941569,12,15,1,0,1,half_ppr,0,True,0.5,6.0,0.0,True,eligible
740257967198420992,2021,740257967198420993,12,15,1,0,1,half_ppr,0,True,0.5,6.0,0.0,True,eligible
740407870780297216,2021,740407871673630720,12,23,1,1,2,dynasty_2qb,0,True,1.0,6.0,1.0,False,not_1qb;non_redraft_or_idp;te_premium
740614082562002944,2021,740614083480588288,12,24,1,1,0,idp,0,True,0.0,4.0,2.0,False,not_1qb;no_required_te;non_redraft_or_idp;te_premium
740725984587915264,2021,740725984587915265,12,15,1,0,1,half_ppr,0,True,0.5,6.0,0.0,True,eligible
740725998731108352,2021,740725998731108353,12,15,1,0,1,half_ppr,0,True,0.5,6.0,0.0,True,eligible
740726001889419264,2021,740726001889419265,12,15,1,0,1,half_ppr,0,True,0.5,6.0,0.0,True,eligible
740726008512225280,2021,740726008512225281,12,15,1,0,1,half_ppr,0,True,0.5,6.0,0.0,True,eligible
740747213042491392,2021,740747215403966464,12,14,1,0,1,ppr,0,True,1.0,4.0,0.0,True,eligible
740771292810338304,2021,740771292810338305,12,15,1,0,1,half_ppr,0,True,0.5,6.0,0.0,True,eligible
740771296287416320,2021,740771296287416321,12,15,1,0,1,half_ppr,0,True,0.5,6.0,0.0,True,eligible
740771304013324288,2021,740771304013324289,12,15,1,0,1,half_ppr,0,True,0.5,6.0,0.0,True,eligible
737432943009656832,2021,740814721242062848,12,16,1,1,1,2qb,0,True,0.5,4.0,0.0,False,not_1qb;non_redraft_or_idp
741056982416646144,2021,741056982945058816,12,20,1,0,1,dynasty_ppr,0,True,1.0,4.0,0.0,False,non_redraft_or_idp
741088422739030016,2021,741088422739030017,12,15,1,0,1,half_ppr,0,True,0.5,6.0,0.0,True,eligible
741088429525413888,2021,741088429525413889,12,15,1,0,1,half_ppr,0,True,0.5,6.0,0.0,True,eligible
741088433468059648,2021,741088433468059649,12,15,1,0,1,half_ppr,0,True,0.5,6.0,0.0,True,eligible
741125382207627264,2021,741125383541391360,12,26,1,1,1,idp,0,True,1.0,6.0,0.5,False,not_1qb;non_redraft_or_idp;te_premium
741133725101985792,2021,741133725101985793,12,15,1,0,1,half_ppr,0,True,0.5,6.0,0.0,True,eligible
741133734216208384,2021,741133734216208385,12,15,1,0,1,half_ppr,0,True,0.5,6.0,0.0,True,eligible
741133735382224896,2021,741133735382224897,12,15,1,0,1,half_ppr,0,True,0.5,6.0,0.0,True,eligible
741134206520000512,2021,741134206520000513,12,15,1,0,1,half_ppr,0,True,0.5,6.0,0.0,True,eligible
741137511937687552,2021,741137513477038080,12,17,1,0,1,ppr,0,True,1.0,6.0,0.0,True,eligible
741342081808752640,2021,741373784304627712,12,15,1,0,1,ppr,0,True,1.0,6.0,0.0,True,eligible
741450596942610432,2021,741450596942610433,12,15,1,0,1,half_ppr,0,True,0.5,6.0,0.0,True,eligible
741450599593410560,2021,741450599593410561,12,15,1,0,1,half_ppr,0,True,0.5,6.0,0.0,True,eligible
741450600545517568,2021,741450600545517569,12,15,1,0,1,half_ppr,0,True,0.5,6.0,0.0,True,eligible
741450600868478976,2021,741450600868478977,12,15,1,0,1,half_ppr,0,True,0.5,6.0,0.0,True,eligible
741450603015962624,2021,741450603015962625,12,15,1,0,1,half_ppr,0,True,0.5,6.0,0.0,True,eligible
741450606077804545,2021,741450606077804546,12,15,1,0,1,half_ppr,0,True,0.5,6.0,0.0,True,eligible
741481761757876224,2021,741481762751967232,12,30,1,1,1,dynasty_2qb,0,True,1.0,4.0,0.0,False,not_1qb;non_redraft_or_idp
741495939386253312,2021,741495939386253314,12,15,1,0,1,half_ppr,0,True,0.5,6.0,0.0,True,eligible
741495944729796608,2021,741495944729796609,12,15,1,0,1,half_ppr,0,True,0.5,6.0,0.0,True,eligible
741495946638204928,2021,741495946638204929,12,15,1,0,1,half_ppr,0,True,0.5,6.0,0.0,True,eligible
741495947535785984,2021,741495947535785985,12,15,1,0,1,half_ppr,0,True,0.5,6.0,0.0,True,eligible
741495948987015168,2021,741495948987015169,12,15,1,0,1,half_ppr,0,True,0.5,6.0,0.0,True,eligible
741495952304709632,2021,741495952304709633,12,15,1,0,1,half_ppr,0,True,0.5,6.0,0.0,True,eligible
741495952405372928,2021,741495952405372929,12,15,1,0,1,half_ppr,0,True,0.5,6.0,0.0,True,eligible
741495954062123008,2021,741495954062123009,12,15,1,0,1,half_ppr,0,True,0.5,6.0,0.0,True,eligible
741502679720828928,2021,741502681960591360,12,17,1,1,1,2qb,0,True,1.0,4.0,0.5,False,not_1qb;non_redraft_or_idp;te_premium
741771482413301760,2021,741771483663224832,12,15,1,0,1,ppr,0,True,1.0,4.0,0.0,True,eligible
744647069767192576,2021,744723722396614656,12,26,1,1,1,dynasty_2qb,0,True,1.0,6.0,0.5,False,not_1qb;non_redraft_or_idp;te_premium
752323460591710208,2021,752323463255080960,12,25,1,1,1,dynasty_2qb,0,True,1.0,6.0,0.5,False,not_1qb;non_redraft_or_idp;te_premium
754775719489441792,2021,754775720210862080,12,30,1,1,1,dynasty_2qb,0,True,1.0,4.0,0.0,False,not_1qb;non_redraft_or_idp
754790490913746944,2021,754790493149401088,12,24,1,1,1,dynasty_2qb,0,True,1.0,6.0,1.0,False,not_1qb;non_redraft_or_idp;te_premium
756260897495834624,2021,756260899072970752,12,32,1,1,2,dynasty_2qb,0,True,0.5,6.0,1.0,False,not_1qb;non_redraft_or_idp;te_premium
758414657584222208,2021,758414658246995968,12,25,1,0,1,dynasty_ppr,0,True,1.0,6.0,0.5,False,non_redraft_or_idp;te_premium
758749168503287808,2021,758749170902441984,12,25,1,1,1,dynasty_2qb,0,True,1.0,6.0,0.5,False,not_1qb;non_redraft_or_idp;te_premium
764368260647981056,2021,764368263076515840,12,30,1,1,1,dynasty_2qb,0,True,1.0,6.0,0.0,False,not_1qb;non_redraft_or_idp
767190328741572608,2021,767190329827962880,12,25,1,1,1,dynasty_2qb,0,True,1.0,6.0,0.5,False,not_1qb;non_redraft_or_idp;te_premium
767562365070848000,2021,767562366643732480,12,16,1,0,1,half_ppr,0,True,0.5,6.0,0.0,True,eligible
768507387878510592,2021,768507389249982464,12,37,2,0,1,idp,0,True,1.0,6.0,0.5,False,not_1qb;non_redraft_or_idp;te_premium
769316763430203392,2021,769316764705255424,12,24,1,1,1,dynasty_2qb,0,True,1.0,4.0,0.0,False,not_1qb;non_redraft_or_idp
773011245434572800,2022,773011248706093056,12,24,1,0,1,dynasty_ppr,0,True,1.0,4.0,0.0,False,non_redraft_or_idp
781917730134667264,2022,781917732013789184,12,16,1,0,1,ppr,0,True,1.0,6.0,0.0,True,eligible
782896806701977600,2022,782896807771570176,12,38,1,1,1,dynasty_2qb,0,True,1.0,6.0,0.5,False,not_1qb;non_redraft_or_idp;te_premium
781515039520763904,2022,783338289544454144,12,4,1,1,1,dynasty_2qb,0,True,1.0,4.0,1.0,False,not_1qb;short_draft;non_redraft_or_idp;te_premium
784093493445406720,2022,784093493445406721,12,15,1,0,1,ppr,0,True,1.0,6.0,0.5,False,te_premium
784099500502450176,2022,784099500502450177,12,16,1,0,1,half_ppr,0,True,0.5,6.0,0.0,True,eligible
784102813692231680,2022,784102815021813760,12,38,1,1,1,dynasty_2qb,0,True,1.0,6.0,0.5,False,not_1qb;non_redraft_or_idp;te_premium
784361724915675136,2022,784361724915675137,12,14,1,0,1,ppr,0,True,1.0,6.0,0.0,True,eligible
784366854717214720,2022,784366854717214721,12,17,1,0,1,ppr,0,True,1.0,6.0,0.0,True,eligible
784369981382115328,2022,784369981382115329,12,16,1,1,0,2qb,35,True,1.0,6.0,0.0,False,not_1qb;no_required_te;keeper_picks;non_redraft_or_idp
784423351191011328,2022,784423351191011329,12,21,1,1,0,2qb,0,True,1.0,6.0,1.0,False,not_1qb;no_required_te;non_redraft_or_idp;te_premium
784452992773500928,2022,784452992773500929,12,17,1,0,1,half_ppr,0,True,0.5,4.0,0.0,True,eligible
784463704765915136,2022,784463707714510848,12,16,1,1,1,2qb,0,True,1.0,6.0,0.0,False,not_1qb;non_redraft_or_idp
784499666376048640,2022,784499666376048641,12,15,1,0,1,half_ppr,23,True,0.5,4.0,0.0,False,keeper_picks
784514483417694208,2022,784514483417694209,12,16,1,0,1,ppr,0,True,1.0,4.0,0.0,True,eligible
784583314399997952,2022,784583314399997953,12,13,1,0,1,ppr,0,True,1.0,4.0,0.0,True,eligible
784592923479134208,2022,784592923479134209,12,15,1,0,1,ppr,0,True,1.0,4.0,0.0,True,eligible
784593081138810880,2022,784593081138810881,12,15,1,0,1,ppr,0,True,1.0,6.0,0.0,True,eligible
784798665779830784,2022,784798665784025088,12,17,1,1,2,idp,0,True,1.0,4.0,0.0,False,not_1qb;non_redraft_or_idp
784872428546437120,2022,784872428546437121,12,14,1,0,1,ppr,0,True,1.0,6.0,0.0,True,eligible
784937405814857728,2022,784937409442877440,12,29,1,1,1,dynasty_2qb,0,True,0.5,4.0,0.5,False,not_1qb;non_redraft_or_idp;te_premium
784939065488375808,2022,784939065488375809,12,15,1,0,1,ppr,0,True,1.0,6.0,0.0,True,eligible
785234408209788928,2022,785234408209788929,12,21,1,1,1,2qb,0,True,1.0,6.0,0.5,False,not_1qb;non_redraft_or_idp;te_premium
785689941165449216,2022,785689941165449217,12,14,1,0,1,ppr,0,True,1.0,6.0,0.0,True,eligible
785710015142092800,2022,785710015142092801,12,15,1,0,1,ppr,0,True,1.0,4.0,0.0,True,eligible
785913525515247616,2022,785913525515247617,12,17,1,0,1,ppr,0,True,1.0,6.0,0.5,False,te_premium
786135915725938688,2022,786135915725938689,12,15,1,0,1,ppr,12,True,1.0,4.0,0.0,False,keeper_picks
786290025951272960,2022,786290027037614080,12,16,1,0,1,half_ppr,0,True,0.5,4.0,0.0,True,eligible
786382075686174720,2022,786382075686174721,12,5,1,0,1,dynasty_ppr,0,True,1.0,4.0,0.0,False,short_draft;non_redraft_or_idp
786776371497185280,2022,786776371497185281,12,18,2,0,2,2qb,0,True,0.5,4.0,0.0,False,not_1qb;non_redraft_or_idp
787426646528540672,2022,787426646528540673,12,16,1,0,1,half_ppr,0,True,0.5,4.0,0.0,True,eligible
788250164925165568,2022,788250164925165569,12,16,1,0,1,half_ppr,0,True,0.5,6.0,0.0,True,eligible
788353483710574592,2022,788353483710574593,12,27,1,1,1,2qb,0,True,1.0,4.0,0.0,False,not_1qb;non_redraft_or_idp
789770219609501696,2022,789770220712628224,12,25,1,1,1,dynasty_2qb,0,True,1.0,6.0,0.5,False,not_1qb;non_redraft_or_idp;te_premium
791805807602806784,2022,791805807602806785,12,22,1,1,1,2qb,0,True,1.0,6.0,1.0,False,not_1qb;non_redraft_or_idp;te_premium
792117177200250880,2022,792117177200250881,12,18,1,1,1,2qb,23,True,1.0,6.0,0.5,False,not_1qb;keeper_picks;non_redraft_or_idp;te_premium
794348637906907136,2022,794348637906907137,12,16,1,0,1,ppr,0,True,1.0,6.0,0.0,True,eligible
798508019754311680,2022,798508022006661120,12,30,1,1,1,dynasty_2qb,0,True,1.0,5.0,0.7,False,not_1qb;non_redraft_or_idp;te_premium
799652056678932480,2022,799652058176274432,12,15,1,0,1,ppr,0,True,1.0,4.0,0.0,True,eligible
794775850141741056,2022,801174569284149248,12,5,1,1,1,idp,0,True,0.5,6.0,2.0,False,not_1qb;short_draft;non_redraft_or_idp;te_premium
804208904555868160,2022,804208905403072512,12,28,1,1,1,dynasty_2qb,0,True,1.0,6.0,0.75,False,not_1qb;non_redraft_or_idp;te_premium
806255347697303552,2022,806255350343892992,12,17,1,0,1,ppr,0,True,1.0,4.0,0.0,True,eligible
806778381071912960,2022,806778382367969280,12,16,1,0,1,ppr,0,True,1.0,4.0,0.0,True,eligible
808228563751899136,2022,808228565198942208,12,30,1,1,1,dynasty_2qb,0,True,1.0,4.0,0.5,False,not_1qb;non_redraft_or_idp;te_premium
806757216983027712,2022,810396531814412288,12,4,1,1,1,dynasty_2qb,0,True,0.5,6.0,0.5,False,not_1qb;short_draft;non_redraft_or_idp;te_premium
802676252082315264,2022,812493969610096640,12,10,1,1,1,idp,0,True,1.0,6.0,0.5,False,not_1qb;short_draft;non_redraft_or_idp;te_premium
813462876592381952,2022,813462876592381953,12,17,1,1,1,2qb,0,True,1.0,6.0,0.5,False,not_1qb;non_redraft_or_idp;te_premium
815326221914198016,2022,815326221914198017,12,20,1,0,1,idp,46,True,0.5,4.0,0.0,False,keeper_picks;non_redraft_or_idp
815446374853246976,2022,815446376321228800,12,30,1,1,1,dynasty_2qb,0,True,1.0,6.0,0.0,False,not_1qb;non_redraft_or_idp
816757563533164544,2022,816757564715941888,12,13,1,0,1,half_ppr,0,True,0.5,4.0,0.0,True,eligible
817872178623135744,2022,817872178623135745,12,14,1,0,1,ppr,0,True,1.0,6.0,0.0,True,eligible
817968178821984256,2022,817968178821984257,12,18,1,0,1,ppr,34,True,1.0,4.0,0.0,False,keeper_picks
818946910286118912,2022,818946911057842176,12,21,1,1,1,dynasty_2qb,0,True,1.0,6.0,1.0,False,not_1qb;non_redraft_or_idp;te_premium
814678834367537152,2022,819628775221329920,12,4,1,1,1,dynasty_2qb,0,True,1.0,6.0,0.5,False,not_1qb;short_draft;non_redraft_or_idp;te_premium
820735525735493632,2022,820735525735493633,12,16,1,0,1,ppr,0,True,1.0,6.0,0.0,True,eligible
821187704153817088,2022,821187704153817089,12,26,1,1,1,idp,0,True,0.5,6.0,0.0,False,not_1qb;non_redraft_or_idp
822274644370366464,2022,822325038337351680,12,4,1,1,1,dynasty_2qb,0,True,1.0,6.0,0.5,False,not_1qb;short_draft;non_redraft_or_idp;te_premium
822470777591934976,2022,822470781350027264,12,27,1,1,1,dynasty_2qb,0,True,1.0,6.0,0.75,False,not_1qb;non_redraft_or_idp;te_premium
823777296358952960,2022,823777296358952961,12,4,1,0,1,idp,0,True,1.0,6.0,0.0,False,short_draft;non_redraft_or_idp
790695129466937344,2022,824520241844457472,12,5,1,0,1,dynasty_ppr,0,True,1.0,6.0,3.5,False,short_draft;non_redraft_or_idp;te_premium
825833698367750144,2022,825833699374399488,12,27,1,1,1,dynasty_2qb,0,True,0.5,6.0,0.5,False,not_1qb;non_redraft_or_idp;te_premium
827077934534733824,2022,827077937336541184,12,23,1,1,1,dynasty_2qb,0,True,0.5,6.0,0.5,False,not_1qb;non_redraft_or_idp;te_premium
828016859092762624,2022,828016859092762625,12,18,1,1,1,2qb,0,True,1.0,4.0,0.0,False,not_1qb;non_redraft_or_idp
821931439393198080,2022,828098742241579008,12,3,1,1,1,dynasty_2qb,0,True,1.0,6.0,0.5,False,not_1qb;short_draft;non_redraft_or_idp;te_premium
828133560543182848,2022,828133561998626816,12,30,1,1,1,dynasty_2qb,0,True,1.0,4.0,0.0,False,not_1qb;non_redraft_or_idp
828292204312236032,2022,828292207860625408,12,25,1,1,1,dynasty_2qb,0,True,1.0,4.0,0.0,False,not_1qb;non_redraft_or_idp
828394759063187456,2022,828394759063187457,12,19,1,1,1,2qb,23,True,0.5,4.0,0.0,False,not_1qb;keeper_picks;non_redraft_or_idp
828776426021990400,2022,828776426693038080,12,16,1,0,1,ppr,0,True,1.0,6.0,0.5,False,te_premium
829254727068954624,2022,829254728083951616,12,25,1,1,1,dynasty_2qb,0,True,1.0,4.0,0.0,False,not_1qb;non_redraft_or_idp
829418754524966912,2022,829418760036294656,12,34,2,0,1,idp,0,True,1.0,6.0,0.5,False,not_1qb;non_redraft_or_idp;te_premium
829431123028336640,2022,829431123028336641,12,17,1,0,1,ppr,0,True,1.0,6.0,0.0,True,eligible
829475248570220544,2022,829475248570220545,12,16,1,0,1,half_ppr,24,True,0.5,4.0,0.0,False,keeper_picks
829790147309572096,2022,829790148026818560,12,21,1,0,1,idp,0,True,1.0,4.0,0.0,False,non_redraft_or_idp
830468581996244992,2022,830468583099301888,12,19,1,0,1,ppr,0,True,1.0,4.0,0.0,True,eligible
830479324657332224,2022,830479325659766784,12,16,1,0,1,ppr,0,True,1.0,6.0,0.0,True,eligible
784760245972049920,2022,830612406551064576,12,7,1,1,1,idp,0,True,1.0,6.0,0.0,False,not_1qb;short_draft;non_redraft_or_idp
831082995619340288,2022,831082996848234496,12,25,1,1,1,dynasty_2qb,0,True,1.0,4.0,0.0,False,not_1qb;non_redraft_or_idp
829065837259378688,2022,831149904234651648,12,15,1,0,1,ppr,0,True,1.0,6.0,0.0,True,eligible
831444041810956288,2022,831444042792439808,12,20,1,0,1,ppr,0,True,1.0,4.0,0.0,True,eligible
831998135885742080,2022,831998137299210240,12,22,1,1,1,dynasty_2qb,0,True,1.0,6.0,0.5,False,not_1qb;non_redraft_or_idp;te_premium
832017832740003840,2022,832017836011556864,12,23,1,1,1,dynasty_2qb,0,True,1.0,6.0,1.0,False,not_1qb;non_redraft_or_idp;te_premium
832450462765645824,2022,832450463927517184,12,49,1,1,2,idp,0,True,1.0,6.0,0.75,False,not_1qb;non_redraft_or_idp;te_premium
832702823790686208,2022,832702825187385344,12,23,1,1,1,dynasty_2qb,0,True,1.0,4.0,0.0,False,not_1qb;non_redraft_or_idp
833504916818472960,2022,833504920345899008,12,23,1,1,1,dynasty_2qb,0,True,1.0,4.0,0.0,False,not_1qb;non_redraft_or_idp
833848609840685056,2022,833848609840685057,12,16,1,0,1,ppr,0,True,1.0,4.0,0.0,True,eligible
834248184644636672,2022,834248185286328320,12,23,1,1,1,dynasty_2qb,0,True,1.0,4.0,0.0,False,not_1qb;non_redraft_or_idp
834273881790492672,2022,834273882612535296,12,26,1,1,1,dynasty_2qb,0,True,1.0,4.0,0.0,False,not_1qb;non_redraft_or_idp
834984389648711680,2022,834984390261063680,12,18,1,0,1,ppr,0,True,1.0,6.0,0.0,True,eligible
835022344211804160,2022,835022345100984320,12,29,1,1,1,dynasty_2qb,0,True,1.0,4.0,0.0,False,not_1qb;non_redraft_or_idp
835587826631434240,2022,835587826631434241,12,19,1,0,1,ppr,0,True,1.0,6.0,0.0,True,eligible
836046724505120768,2022,836046724505120769,12,17,1,1,1,2qb,11,True,1.0,5.0,0.5,False,not_1qb;keeper_picks;non_redraft_or_idp;te_premium
836394897165615104,2022,836394897165615105,12,16,1,0,1,ppr,11,True,1.0,4.0,0.0,False,keeper_picks
836651978858803200,2022,836651979781562368,12,15,1,0,1,ppr,0,True,1.0,4.0,0.0,True,eligible
837429295528939520,2022,837429297252761600,12,18,1,1,1,2qb,0,True,1.0,4.0,0.0,False,not_1qb;non_redraft_or_idp
837562302445252608,2022,837562303632224256,12,24,1,1,1,dynasty_2qb,0,True,1.0,4.0,1.0,False,not_1qb;non_redraft_or_idp;te_premium
837832117563027456,2022,837832118292848640,12,27,1,1,1,idp,0,True,1.0,6.0,0.5,False,not_1qb;non_redraft_or_idp;te_premium
837848635642335232,2022,837848635642335233,12,15,1,0,1,half_ppr,0,True,0.5,4.0,0.0,True,eligible
837848702327599104,2022,837848702327599105,12,15,1,0,1,half_ppr,0,True,0.5,4.0,0.0,True,eligible
838455338146594816,2022,838455339027374080,12,33,1,1,1,idp,0,True,1.0,6.0,0.95,False,not_1qb;non_redraft_or_idp;te_premium
838556177846624256,2022,838556178836496384,12,24,1,1,1,dynasty_2qb,0,True,1.0,6.0,0.5,False,not_1qb;non_redraft_or_idp;te_premium
838627105678962688,2022,838627106731696128,12,25,1,1,1,dynasty_2qb,0,True,1.0,6.0,0.5,False,not_1qb;non_redraft_or_idp;te_premium
838655210653065216,2022,838655211751985152,12,15,1,0,1,ppr,0,True,1.0,4.0,0.0,True,eligible
838982426318458880,2022,838982428012974080,12,19,1,1,1,2qb,0,True,1.0,6.0,1.0,False,not_1qb;non_redraft_or_idp;te_premium
839247440744939520,2022,839248315685134336,12,19,1,0,1,idp,0,True,1.0,6.0,0.0,False,non_redraft_or_idp
839630294922395648,2022,839630295807414272,12,14,1,0,1,half_ppr,0,True,0.5,4.0,0.0,True,eligible
839681281372594176,2022,839681284975497216,12,14,1,0,1,ppr,0,False,1.0,4.0,0.0,False,incomplete_board
839795908748103680,2022,839795908748103681,12,14,1,0,1,half_ppr,0,True,0.5,4.0,0.5,False,te_premium
840030631227437056,2022,840030659853524992,12,24,1,0,1,dynasty_ppr,0,True,1.0,6.0,0.0,False,non_redraft_or_idp
840145572152315904,2022,840145572152315905,12,15,1,0,1,half_ppr,0,True,0.5,4.0,0.0,True,eligible
840451814582263808,2022,840451816717168640,12,24,1,1,1,dynasty_2qb,0,True,1.0,4.0,0.5,False,not_1qb;non_redraft_or_idp;te_premium
840584387857866752,2022,840584387857866753,12,15,1,0,1,half_ppr,0,True,0.5,4.0,0.0,True,eligible
840673285179039744,2022,840673286810636288,12,25,1,1,1,dynasty_2qb,0,True,1.0,4.0,0.5,False,not_1qb;non_redraft_or_idp;te_premium
841472465900240896,2022,841472469775790080,12,23,1,1,1,dynasty_2qb,0,True,1.0,4.0,0.0,False,not_1qb;non_redraft_or_idp
841503977555243008,2022,841503978662531072,12,15,1,0,1,ppr,0,True,1.0,4.0,0.0,True,eligible
841879472088166400,2022,841879472088166401,12,15,1,0,1,ppr,0,True,1.0,6.0,0.0,True,eligible
842171525753860096,2022,842171526630477824,12,15,1,0,1,ppr,0,True,1.0,6.0,0.0,True,eligible
842606032562819072,2022,842606033783369728,12,23,1,1,1,dynasty_2qb,0,True,1.0,4.0,0.0,False,not_1qb;non_redraft_or_idp
842811316111540224,2022,842811318485504000,12,14,1,0,1,half_ppr,0,True,0.5,6.0,0.0,True,eligible
842844306917154816,2022,842844307890225152,12,18,1,0,1,ppr,0,True,1.0,6.0,0.5,False,te_premium
842845051305426944,2022,842845051305426945,12,18,1,1,1,2qb,0,True,1.0,4.0,0.5,False,not_1qb;non_redraft_or_idp;te_premium
835304049774563328,2022,842940690404077568,12,3,1,1,0,idp,0,True,1.0,6.0,1.0,False,not_1qb;no_required_te;short_draft;non_redraft_or_idp;te_premium
842989672547344384,2022,842989672547344385,12,16,1,0,1,ppr,0,True,1.0,4.0,0.0,True,eligible
843017013227032576,2022,843017013227032577,12,16,1,0,1,ppr,0,True,1.0,4.0,0.0,True,eligible
843117061755486208,2022,843117065933029376,12,27,1,1,1,dynasty_2qb,0,True,1.0,4.0,0.0,False,not_1qb;non_redraft_or_idp
843293015425519616,2022,843293016314716160,12,21,1,1,1,dynasty_2qb,0,True,1.0,6.0,1.0,False,not_1qb;non_redraft_or_idp;te_premium
843348018613846016,2022,843348018613846017,12,14,1,0,1,half_ppr,0,True,0.5,6.0,0.0,True,eligible
843529834117337088,2022,843529838336778240,12,31,1,1,1,dynasty_2qb,0,True,1.0,6.0,1.0,False,not_1qb;non_redraft_or_idp;te_premium
843544795245842432,2022,843544795245842433,12,18,1,1,1,2qb,0,True,1.0,6.0,0.0,False,not_1qb;non_redraft_or_idp
843566890302504960,2022,843566891032313856,12,15,1,0,1,half_ppr,0,True,0.5,4.0,0.0,True,eligible
843595641279078400,2022,843595642050842624,12,23,1,0,1,dynasty_ppr,0,True,1.0,4.0,0.0,False,non_redraft_or_idp
843655021127118848,2022,843655023270404096,12,20,1,1,1,dynasty_2qb,0,True,1.0,5.0,0.0,False,not_1qb;non_redraft_or_idp
844102141256769536,2022,844102144868057088,12,20,1,1,1,dynasty_2qb,0,True,1.0,5.0,0.0,False,not_1qb;non_redraft_or_idp
844818151299489792,2022,844818152117346304,12,22,1,0,1,dynasty_ppr,0,True,1.0,4.0,0.0,False,non_redraft_or_idp
844997429693628416,2022,844997437914464256,12,16,1,1,1,2qb,0,True,1.0,6.0,0.0,False,not_1qb;non_redraft_or_idp
845013913132212224,2022,845013914264657920,12,16,1,0,1,ppr,0,True,1.0,4.0,0.0,True,eligible
845834857467727872,2022,845834858612752384,12,15,1,0,1,ppr,0,True,1.0,5.0,0.5,False,te_premium
846532630987010048,2022,846532631830044672,12,21,1,1,1,idp,0,True,1.0,6.0,1.0,False,not_1qb;non_redraft_or_idp;te_premium
847015723158069248,2022,847015723770425344,12,17,1,1,1,2qb,0,True,1.0,4.0,0.0,False,not_1qb;non_redraft_or_idp
847205698277347328,2022,847205699170725888,12,24,1,1,1,dynasty_2qb,0,True,1.0,6.0,0.5,False,not_1qb;non_redraft_or_idp;te_premium
847543691563347968,2022,847543692234448896,12,18,1,1,1,2qb,0,True,0.5,4.0,0.0,False,not_1qb;non_redraft_or_idp
847607762954350592,2022,847607762954350593,12,17,1,1,1,2qb,3,True,1.0,4.0,0.0,False,not_1qb;keeper_picks;non_redraft_or_idp
847652478018228224,2022,847652479377178624,12,15,1,0,1,ppr,0,True,1.0,4.0,0.0,True,eligible
848006185176113152,2022,848006186333753344,12,16,1,0,1,ppr,0,True,1.0,6.0,0.5,False,te_premium
848049142193332224,2022,848049142998642688,12,32,1,1,1,dynasty_2qb,0,True,0.5,6.0,1.0,False,not_1qb;non_redraft_or_idp;te_premium
848060332378284032,2022,848060333603024896,12,14,1,0,1,ppr,0,True,1.0,6.0,0.0,True,eligible
848627810049327104,2022,848627863254069248,12,18,1,1,1,2qb,0,True,1.0,6.0,0.5,False,not_1qb;non_redraft_or_idp;te_premium
848798510999547904,2022,848798512345878528,12,15,1,0,1,ppr,0,True,1.0,4.0,0.0,True,eligible
848977734997753856,2022,848977736205721600,12,26,1,0,1,dynasty_ppr,0,True,1.0,6.0,0.0,False,non_redraft_or_idp
849016429532532736,2022,849016430774018048,12,25,1,1,1,dynasty_2qb,0,True,1.0,6.0,0.5,False,not_1qb;non_redraft_or_idp;te_premium
849351890889203712,2022,849351891803566080,12,42,0,3,2,dynasty_2qb,0,False,0.5,6.0,1.25,False,incomplete_board;not_1qb;non_redraft_or_idp;te_premium
849723774814236672,2022,849723777381154816,12,19,1,1,1,2qb,0,True,1.0,6.0,0.0,False,not_1qb;non_redraft_or_idp
849128424046968832,2022,849873819463172096,12,8,1,1,1,dynasty_2qb,0,True,1.0,6.0,0.5,False,not_1qb;short_draft;non_redraft_or_idp;te_premium
849894544177762304,2022,849894558740389888,12,25,1,1,1,idp,0,True,1.0,4.0,0.0,False,not_1qb;non_redraft_or_idp
850120880959926272,2022,850120881727479808,12,24,1,1,1,dynasty_2qb,0,True,1.0,6.0,0.5,False,not_1qb;non_redraft_or_idp;te_premium
850429555612180480,2022,850429559563202560,12,15,1,0,1,ppr,0,True,1.0,4.0,0.0,True,eligible
850533487478931456,2022,850533488208756736,12,23,1,1,1,dynasty_2qb,0,True,1.0,4.0,0.0,False,not_1qb;non_redraft_or_idp
850722398855630848,2022,850722400210358272,12,16,2,0,1,2qb,0,True,0.5,4.0,0.0,False,not_1qb;non_redraft_or_idp
850834065098645504,2022,850834066176581632,12,28,1,1,1,dynasty_2qb,0,False,1.0,6.0,0.75,False,incomplete_board;not_1qb;non_redraft_or_idp;te_premium
851190299945467904,2022,851190299945467905,12,15,1,0,1,ppr,0,True,1.0,6.0,0.0,True,eligible
851309968299769856,2022,851309971743309824,12,25,1,1,1,dynasty_2qb,0,True,1.0,6.0,0.0,False,not_1qb;non_redraft_or_idp
851678175439204352,2022,851678176852688896,12,15,1,1,1,2qb,0,True,1.0,4.0,0.0,False,not_1qb;non_redraft_or_idp
851791564442312704,2022,851791565612490752,12,22,1,1,1,2qb,0,True,1.0,6.0,0.5,False,not_1qb;non_redraft_or_idp;te_premium
851863529081417728,2022,851863529937027072,12,16,1,0,1,ppr,0,True,1.0,4.0,0.0,True,eligible
851922956362838016,2022,851922958854225920,12,16,1,0,1,half_ppr,0,True,0.5,4.0,0.0,True,eligible
852023098118082560,2022,852023098659160064,12,23,1,1,1,dynasty_2qb,0,True,1.0,4.0,0.75,False,not_1qb;non_redraft_or_idp;te_premium
852046869977747456,2022,852046872066523136,12,22,1,1,1,dynasty_2qb,0,True,1.0,4.0,1.0,False,not_1qb;non_redraft_or_idp;te_premium
852418568350982144,2022,852418569177268224,12,29,1,1,1,dynasty_2qb,0,True,1.0,4.0,0.5,False,not_1qb;non_redraft_or_idp;te_premium
852716244586049536,2022,852716245311664128,12,25,1,1,1,dynasty_2qb,0,True,5.0,4.0,0.0,False,not_1qb;non_redraft_or_idp
852725745540247552,2022,852725746387492864,12,16,1,0,1,ppr,0,True,1.0,4.0,0.5,False,te_premium
853396815964418048,2022,853396818531291136,12,31,1,0,1,dynasty_ppr,0,True,1.0,4.0,0.0,False,non_redraft_or_idp
853402111210295296,2022,853402111877173248,12,17,0,2,1,idp,0,True,0.5,6.0,1.5,False,not_1qb;non_redraft_or_idp;te_premium
853446014995136512,2022,853446015951413248,12,13,1,0,1,half_ppr,0,True,0.5,4.0,0.0,True,eligible
853509796668735488,2022,853509797583122432,12,15,1,0,1,ppr,0,True,1.0,6.0,0.0,True,eligible
853607570433228800,2022,853607570433228801,12,16,1,0,1,idp,0,True,0.5,6.0,0.0,False,non_redraft_or_idp
853729780770656256,2022,853729783337553920,12,33,1,1,1,dynasty_2qb,0,True,1.0,6.0,1.0,False,not_1qb;non_redraft_or_idp;te_premium
853818695754063872,2022,853818698530672640,12,15,1,1,1,2qb,0,True,1.0,6.0,0.5,False,not_1qb;non_redraft_or_idp;te_premium
853829740837068800,2022,853829741386530816,12,15,1,1,1,2qb,0,True,1.0,4.0,0.0,False,not_1qb;non_redraft_or_idp
789433708200443904,2022,854208054755991553,12,4,1,0,1,dynasty_std,0,True,0.0,4.0,1.5,False,short_draft;non_redraft_or_idp;te_premium
854501971426680832,2022,854501974706610176,12,20,1,0,1,dynasty_half_ppr,0,True,0.5,4.0,0.0,False,non_redraft_or_idp
854616630192349184,2022,854616630905409536,12,14,1,0,1,ppr,0,True,1.0,4.0,0.0,True,eligible
854818391146475520,2022,854818392232816640,12,19,1,1,1,2qb,0,True,1.0,4.0,0.0,False,not_1qb;non_redraft_or_idp
854922271456866304,2022,854922272136339456,12,23,1,1,1,dynasty_2qb,0,True,1.0,6.0,0.75,False,not_1qb;non_redraft_or_idp;te_premium
855021232049979392,2022,855021233723547648,12,15,1,0,0,half_ppr,0,True,0.5,4.0,0.5,False,no_required_te;te_premium
855261636208996352,2022,855261639879024640,12,26,1,1,1,dynasty_2qb,0,True,1.0,6.0,0.5,False,not_1qb;non_redraft_or_idp;te_premium
855592276330655744,2022,855592278591414272,12,14,1,1,1,2qb,0,True,1.0,4.0,0.0,False,not_1qb;non_redraft_or_idp
855605601051455488,2022,855605602150367232,12,25,1,1,1,dynasty_2qb,0,True,1.0,4.0,0.5,False,not_1qb;non_redraft_or_idp;te_premium
855678701709422592,2022,855678704192454656,12,23,1,0,1,dynasty_ppr,0,True,1.0,4.0,0.0,False,non_redraft_or_idp
855889366948630528,2022,855889368005578752,12,32,1,1,1,dynasty_2qb,0,True,1.0,6.0,1.0,False,not_1qb;non_redraft_or_idp;te_premium
855917598011924480,2022,855917598993403904,12,15,1,1,1,2qb,0,True,1.0,6.0,0.0,False,not_1qb;non_redraft_or_idp
856040452690944000,2022,856040455459180544,12,14,1,0,1,ppr,0,True,1.0,4.0,0.0,True,eligible
856281147406172160,2022,856281148165324800,12,23,1,1,1,dynasty_2qb,0,True,1.0,4.0,0.5,False,not_1qb;non_redraft_or_idp;te_premium
856315226633650176,2022,856315227338334208,12,16,1,0,1,half_ppr,0,True,0.5,4.0,0.0,True,eligible
856326011464331264,2022,856326012781309952,12,21,1,0,1,dynasty_ppr,0,True,1.0,4.0,0.0,False,non_redraft_or_idp
856345357536325632,2022,856345358563946496,12,15,1,0,1,ppr,0,True,1.0,6.0,0.0,True,eligible
856636631107624960,2022,856636631992623104,12,46,1,1,2,idp,0,True,1.0,6.0,1.0,False,not_1qb;non_redraft_or_idp;te_premium
856681996468998144,2022,856681997605646336,12,18,1,1,1,2qb,0,True,1.0,4.0,0.5,False,not_1qb;non_redraft_or_idp;te_premium
856688270036275200,2022,856688270036275201,12,19,1,1,1,2qb,0,True,1.0,6.0,1.0,False,not_1qb;non_redraft_or_idp;te_premium
856720647781462016,2022,856720647781462017,12,15,1,0,1,ppr,0,True,1.0,4.0,0.0,True,eligible
856774904975077376,2022,856774906254299136,12,28,1,1,1,dynasty_2qb,0,True,1.0,6.0,0.5,False,not_1qb;non_redraft_or_idp;te_premium
856987179019272192,2022,856987179019272193,12,18,1,1,1,2qb,0,True,0.5,4.0,0.0,False,not_1qb;non_redraft_or_idp
857005632774086656,2022,857005637379411968,12,22,1,1,1,dynasty_2qb,0,True,1.0,6.0,1.0,False,not_1qb;non_redraft_or_idp;te_premium
857042383005671424,2022,857042383739670528,12,18,1,1,1,2qb,0,True,1.0,6.0,0.5,False,not_1qb;non_redraft_or_idp;te_premium
857069908717064192,2022,857069909430108160,12,23,1,1,1,dynasty_2qb,0,True,1.0,4.0,0.5,False,not_1qb;non_redraft_or_idp;te_premium
857080465910272000,2022,857091553674534912,12,16,1,0,1,ppr,0,True,1.0,4.0,0.0,True,eligible
857319628437843968,2022,857319629385732096,12,25,1,1,1,dynasty_2qb,0,True,1.0,6.0,0.5,False,not_1qb;non_redraft_or_idp;te_premium
857355665230974976,2022,857355666057224192,12,18,1,1,1,2qb,0,True,1.0,6.0,0.5,False,not_1qb;non_redraft_or_idp;te_premium
857394283085430784,2022,857394284163371008,12,19,1,0,1,ppr,0,True,1.0,6.0,0.0,True,eligible
857434544654102528,2022,857434544654102529,12,17,1,1,1,2qb,0,True,1.0,6.0,0.5,False,not_1qb;non_redraft_or_idp;te_premium
857474463627862016,2022,857474463627862017,12,14,1,0,1,ppr,0,True,1.0,4.0,0.0,True,eligible
857755532709216256,2022,857755532713410560,12,18,1,0,1,ppr,0,True,1.0,4.0,0.5,False,te_premium
857801744967671808,2022,857801744967671809,12,15,1,0,1,ppr,0,True,1.0,6.0,0.0,True,eligible
857829669171511296,2022,857829669171511297,12,14,1,0,1,ppr,0,True,1.0,4.0,0.0,True,eligible
857819475548979200,2022,857838696890757120,12,25,1,1,1,dynasty_2qb,0,True,1.0,4.0,0.0,False,not_1qb;non_redraft_or_idp
857876422885220352,2022,857876435686240256,12,18,1,1,1,2qb,0,True,1.0,4.0,0.5,False,not_1qb;non_redraft_or_idp;te_premium
857914600199426048,2022,857914603143811072,12,20,1,0,1,idp,0,True,1.0,4.0,0.0,False,non_redraft_or_idp
858018563531837440,2022,858018563531837441,12,15,1,0,1,half_ppr,0,True,0.5,4.0,0.0,True,eligible
858124814303506432,2022,858124814303506433,12,14,1,0,1,half_ppr,0,True,0.5,4.0,0.0,True,eligible
858182649431302144,2022,858182650672812032,12,31,1,1,1,idp,0,True,1.0,6.0,0.5,False,not_1qb;non_redraft_or_idp;te_premium
858188683797458944,2022,858188683797458945,12,15,1,0,1,ppr,0,True,1.0,4.0,0.0,True,eligible
858193966414299136,2022,858210741356957696,12,14,1,0,1,ppr,0,True,1.0,4.0,0.0,True,eligible
858530714335981568,2022,858530715254513664,12,17,1,1,1,2qb,0,True,1.0,6.0,0.5,False,not_1qb;non_redraft_or_idp;te_premium
858537552783745024,2022,858537553962332160,12,17,1,0,1,ppr,0,True,1.0,4.0,0.0,True,eligible
858560965438976000,2022,858560967028617216,12,13,1,0,1,ppr,0,True,1.0,4.0,0.0,True,eligible
858749560791646208,2022,858749561726943232,12,25,2,0,1,dynasty_2qb,0,True,1.0,6.0,0.0,False,not_1qb;non_redraft_or_idp
858811152631717888,2022,858811153378349056,12,17,1,0,1,ppr,0,True,1.0,6.0,0.0,True,eligible
859109318686031872,2022,859109319411617792,12,16,1,0,1,ppr,0,True,1.0,4.0,0.0,True,eligible
859469158168006656,2022,859469158889414656,12,15,1,0,1,ppr,0,True,1.0,4.0,0.0,True,eligible
859559404343758848,2022,859559405421731840,12,18,1,0,1,ppr,0,True,1.0,4.0,0.0,True,eligible
859055606173110272,2022,859605643290603520,12,18,1,0,1,ppr,0,True,1.0,6.0,0.5,False,te_premium
859620201610731520,2022,859620201610731521,12,17,1,0,1,half_ppr,0,True,0.5,4.0,0.0,True,eligible
859622827043696640,2022,859622828188766208,12,26,1,1,1,dynasty_2qb,0,True,1.0,5.0,0.75,False,not_1qb;non_redraft_or_idp;te_premium
859661701883219968,2022,859661702667558912,12,17,1,0,1,ppr,0,True,1.0,6.0,0.0,True,eligible
859847155060457472,2022,859847155060457473,12,15,1,0,1,ppr,0,True,1.0,6.0,0.5,False,te_premium
859847756817215488,2022,859847763163197440,12,15,1,0,1,ppr,0,True,1.0,4.0,0.0,True,eligible
859892243006332928,2022,859892243463507968,12,25,1,0,1,dynasty_ppr,0,True,1.0,4.0,0.0,False,non_redraft_or_idp
859994897858560000,2022,859994898630299648,12,15,1,0,1,ppr,0,True,1.0,4.0,0.0,True,eligible
860022991369650176,2022,860022992166588416,12,15,1,0,1,ppr,0,True,1.0,4.0,0.0,True,eligible
860074459829243904,2022,860074460844257280,12,26,1,1,1,dynasty_2qb,0,True,1.0,6.0,1.0,False,not_1qb;non_redraft_or_idp;te_premium
860190968287203328,2022,860190970254315520,12,15,1,1,1,2qb,0,True,1.0,4.0,0.0,False,not_1qb;non_redraft_or_idp
860252879137660928,2022,860252880601456640,12,22,1,1,1,dynasty_2qb,0,True,1.0,4.0,0.0,False,not_1qb;non_redraft_or_idp
860269271773741056,2022,860269274873335808,12,16,1,1,1,2qb,0,True,1.0,4.0,0.0,False,not_1qb;non_redraft_or_idp
860311314818555904,2022,860311319553896448,12,15,1,0,1,ppr,0,True,1.0,4.0,0.0,True,eligible
860315392646688768,2022,860315393712058368,12,16,1,0,1,ppr,0,True,1.0,6.0,0.0,True,eligible
860334665863680000,2022,860334666488590336,12,16,1,0,1,ppr,0,True,1.0,4.0,0.0,True,eligible
860340114189041664,2022,860340114189041665,12,14,1,0,1,ppr,0,True,1.0,4.0,0.0,True,eligible
860360566663933952,2022,860360566663933953,12,13,1,0,1,ppr,0,True,1.0,4.0,0.0,True,eligible
860457811207917568,2022,860457813384744960,12,14,1,0,1,half_ppr,0,True,0.5,4.0,0.0,True,eligible
860508887684599808,2022,860508887684599809,12,15,1,0,1,half_ppr,0,True,0.5,6.0,0.0,True,eligible
860575910213070848,2022,860575911102238720,12,22,1,1,1,dynasty_2qb,0,True,1.0,6.0,0.0,False,not_1qb;non_redraft_or_idp
860622296031813632,2022,860622296925179904,12,14,1,0,1,ppr,0,True,1.0,6.0,0.0,True,eligible
860667615343931392,2022,860667616291852288,12,19,1,1,1,2qb,0,True,1.0,6.0,0.0,False,not_1qb;non_redraft_or_idp
861056391840935936,2022,861056392876920832,12,15,1,0,1,ppr,0,True,1.0,4.0,0.0,True,eligible
861070995908308992,2022,861070996663287808,12,17,1,0,1,ppr,0,True,1.0,4.0,0.0,True,eligible
861079999623618560,2022,861079999623618561,12,16,1,0,1,half_ppr,3,True,0.5,4.0,0.0,False,keeper_picks
861289928531771392,2022,861289928531771393,12,16,1,0,1,half_ppr,0,True,0.5,6.0,0.0,True,eligible
861293483686785024,2022,861293484869566464,12,27,1,1,1,dynasty_2qb,0,True,0.5,5.0,0.0,False,not_1qb;non_redraft_or_idp
861327268855808000,2022,861327269728260096,12,15,1,0,1,ppr,0,True,1.0,6.0,0.0,True,eligible
861376411636703232,2022,861376412601425920,12,14,1,0,1,ppr,0,True,1.0,4.0,0.0,True,eligible
861431899581726720,2022,861431899581726721,12,16,1,1,1,2qb,0,True,0.5,4.0,0.0,False,not_1qb;non_redraft_or_idp
861607560980086784,2022,861607560980086785,12,16,1,0,1,ppr,0,True,1.0,6.0,0.5,False,te_premium
861690842472128512,2022,861690843143217152,12,28,1,1,1,dynasty_2qb,0,True,1.0,6.0,0.5,False,not_1qb;non_redraft_or_idp;te_premium
861692189313482752,2022,861692190538215424,12,22,1,0,1,dynasty_ppr,0,True,1.0,4.0,0.0,False,non_redraft_or_idp
861693316910141440,2022,861693317635764224,12,13,1,0,1,ppr,0,True,1.0,4.0,0.0,True,eligible
861984848594739200,2022,861984848594739201,12,18,1,1,2,2qb,0,True,1.0,6.0,0.5,False,not_1qb;non_redraft_or_idp;te_premium
862000802703732736,2022,862000803425128448,12,15,1,0,1,half_ppr,0,True,0.5,4.0,0.0,True,eligible
862002944462168064,2022,862002945238077440,12,17,1,0,1,dynasty_half_ppr,0,True,0.5,4.0,0.0,False,non_redraft_or_idp
862004611874177024,2022,862004613434421248,12,17,1,1,1,2qb,0,True,1.0,6.0,0.5,False,not_1qb;non_redraft_or_idp;te_premium
862064840326389760,2022,862064840326389761,12,14,1,0,1,half_ppr,0,False,0.5,4.0,0.0,False,incomplete_board
862361273935966208,2022,862361275122978816,12,16,1,0,1,half_ppr,0,True,0.5,4.0,0.0,True,eligible
862424376878931968,2022,862424377487106048,12,18,1,0,1,ppr,0,True,1.0,4.0,0.0,True,eligible
862448081310994432,2022,862448082003050496,12,17,1,0,1,ppr,0,True,1.0,4.0,0.0,True,eligible
862461624915726336,2022,862461624915726337,12,17,1,0,1,ppr,0,True,1.0,4.0,0.0,True,eligible
859533627950735360,2022,862485441369223168,12,8,1,1,1,dynasty_2qb,0,True,1.0,6.0,0.5,False,not_1qb;short_draft;non_redraft_or_idp;te_premium
862501060592373760,2022,862501061313826816,12,18,1,0,1,ppr,0,True,1.0,6.0,1.0,False,te_premium
862473697196400640,2022,862529362006753280,12,14,1,0,1,ppr,0,False,1.0,4.0,0.0,False,incomplete_board
862717674218762240,2022,862717675049172992,12,15,1,0,1,ppr,0,True,1.0,4.0,0.0,True,eligible
862757193769000960,2022,862757193769000961,12,18,1,0,1,ppr,0,True,1.0,6.0,1.0,False,te_premium
862794520671162368,2022,862794521820368896,12,18,1,0,1,dynasty_ppr,0,True,1.0,4.0,0.0,False,non_redraft_or_idp
862798996601696256,2022,862798997667024896,12,15,1,0,1,half_ppr,0,True,0.5,4.0,0.0,True,eligible
862808649507229696,2022,862808650312527872,12,16,1,0,1,ppr,0,True,1.0,4.0,0.0,True,eligible
862837415755255808,2022,862837415755255809,12,30,1,1,1,idp,0,True,1.0,4.0,0.0,False,not_1qb;non_redraft_or_idp
862862181635612672,2022,862862184345088000,12,17,1,1,1,2qb,0,True,1.0,4.0,0.0,False,not_1qb;non_redraft_or_idp
862906098166931456,2022,862906098166931457,12,15,1,0,1,ppr,0,True,1.0,6.0,0.0,True,eligible
862980818002350080,2022,862980820296654848,12,34,1,1,1,idp,0,True,1.0,4.0,0.0,False,not_1qb;non_redraft_or_idp
863086539465433088,2022,863086540220407808,12,15,1,0,1,ppr,0,True,1.0,4.0,0.0,True,eligible
863095295196631040,2022,863095295196631041,12,15,1,0,1,ppr,0,True,1.0,4.0,0.0,True,eligible
863116770649677824,2022,863116770649677825,12,16,1,0,1,ppr,0,True,1.0,4.0,0.0,True,eligible
863218468533710848,2022,863218469464842240,12,16,1,0,1,ppr,0,True,1.0,4.0,0.0,True,eligible
863254992960765952,2022,863254993732513792,12,14,1,0,1,ppr,0,True,1.0,4.0,0.0,True,eligible
863477866598354944,2022,863477868636819456,12,22,1,1,1,dynasty_2qb,0,True,1.0,6.0,0.5,False,not_1qb;non_redraft_or_idp;te_premium
863577680887689216,2022,863577683475513344,12,15,1,1,1,2qb,0,True,1.0,4.0,0.0,False,not_1qb;non_redraft_or_idp
863578933285736448,2022,863578933285736449,12,17,1,0,2,half_ppr,0,True,0.5,4.0,0.0,True,eligible
863585896514043904,2022,863585897285804032,12,15,1,0,1,ppr,0,True,1.0,4.0,0.0,True,eligible
863606088208097280,2022,863606089239896064,12,16,0,2,1,idp,0,True,1.0,6.0,1.0,False,not_1qb;non_redraft_or_idp;te_premium
863692138901254144,2022,863692139819814912,12,20,1,0,1,ppr,0,True,1.0,4.0,0.5,False,te_premium
863894508809687040,2022,863894508809687041,12,14,1,0,1,half_ppr,0,True,0.5,4.0,0.0,True,eligible
863895096788115456,2022,863895098050621440,12,17,1,1,1,2qb,0,True,1.0,6.0,0.0,False,not_1qb;non_redraft_or_idp
863899920174878720,2022,863899920174878721,12,14,1,0,1,ppr,0,True,1.0,6.0,0.0,True,eligible
863908060782067712,2022,863908060782067713,12,15,1,0,1,ppr,0,True,1.0,4.0,0.0,True,eligible
863909049551486976,2022,863909049551486977,12,15,1,0,1,ppr,0,True,0.5,4.0,0.0,True,eligible
863911264798302208,2022,863911264798302209,12,15,1,0,1,half_ppr,0,True,0.5,4.0,0.5,False,te_premium
863915504555962368,2022,863915504560156672,12,14,1,0,1,half_ppr,0,True,0.5,4.0,0.0,True,eligible
863916128660033536,2022,863916128660033537,12,15,1,0,1,ppr,0,True,1.0,4.0,0.0,True,eligible
863951968048132096,2022,863951968824066048,12,15,1,0,1,ppr,0,True,1.0,4.0,0.25,False,te_premium
864019443288813568,2022,864019446476464128,12,16,1,1,1,2qb,0,True,1.0,4.0,0.0,False,not_1qb;non_redraft_or_idp
864154455858384896,2022,864154455858384897,12,18,1,0,1,ppr,0,True,1.0,6.5,0.75,False,te_premium
864214521236045824,2022,864214521902956544,12,25,1,0,1,dynasty_ppr,0,True,1.0,4.0,0.0,False,non_redraft_or_idp
864268800424538112,2022,864268829356896256,12,23,1,1,1,dynasty_2qb,0,True,1.0,6.0,1.5,False,not_1qb;non_redraft_or_idp;te_premium
864282868006924288,2022,864282871077150720,12,15,1,0,1,ppr,0,True,1.0,6.0,0.0,True,eligible
864391042961637376,2022,864391043544666112,12,15,1,1,1,2qb,0,True,1.0,4.0,0.0,False,not_1qb;non_redraft_or_idp
864517070300250112,2022,864517071550193664,12,12,1,0,1,std,0,True,-0.5,4.0,0.0,True,eligible
864604092180328448,2022,864604092947939328,12,17,1,0,1,ppr,0,True,1.0,4.0,0.0,True,eligible
864691784503164928,2022,864691785400905728,12,18,1,0,1,ppr,0,True,1.0,4.0,0.0,True,eligible
864733413465264128,2022,864733414140563456,12,15,1,0,1,half_ppr,0,True,0.5,4.0,0.0,True,eligible
864776131646205952,2022,864776134552858624,12,17,1,0,1,ppr,0,True,1.0,6.0,0.0,True,eligible
864994469605404672,2022,864994471790661632,12,24,1,0,1,dynasty_ppr,0,True,1.0,6.0,0.0,False,non_redraft_or_idp
865026581054267392,2022,865026581054267393,12,16,1,1,1,2qb,0,True,1.0,4.0,0.0,False,not_1qb;non_redraft_or_idp
865028171249094656,2022,865028172616462336,12,30,1,1,1,idp,0,True,1.0,4.0,0.0,False,not_1qb;non_redraft_or_idp
865044545371545600,2022,865044545371545601,12,15,1,0,1,ppr,0,True,1.0,4.0,0.5,False,te_premium
865059158414712832,2022,865059159278862336,12,15,1,0,1,ppr,0,True,1.0,4.0,0.0,True,eligible
865059836616929280,2022,865059839104151552,12,17,1,0,1,ppr,0,True,1.0,4.0,0.0,True,eligible
865075187022954496,2022,865075188537094144,12,15,1,0,1,ppr,0,True,1.0,4.0,0.0,True,eligible
865310614757728256,2022,865310615562993664,12,14,1,0,1,half_ppr,0,True,0.5,4.0,0.0,True,eligible
865310794483638272,2022,865310795439923200,12,25,1,1,1,idp,0,True,1.0,6.0,1.0,False,not_1qb;non_redraft_or_idp;te_premium
865345576697487360,2022,865345577859272704,12,18,1,0,1,ppr,0,True,1.0,4.0,0.0,True,eligible
865440898266288128,2022,865440900287954944,12,27,1,1,1,dynasty_2qb,0,True,1.0,6.0,1.0,False,not_1qb;non_redraft_or_idp;te_premium
865452342978416640,2022,865452343796350976,12,19,1,1,1,2qb,0,True,1.0,4.0,0.0,False,not_1qb;non_redraft_or_idp
865459262862831616,2022,865459264599212032,12,17,1,1,1,2qb,0,True,1.0,4.0,0.0,False,not_1qb;non_redraft_or_idp
816831627085889536,2022,865525504504127488,12,3,1,1,1,dynasty_2qb,0,True,1.0,6.0,0.0,False,not_1qb;short_draft;non_redraft_or_idp
865653518650949632,2022,865653522530684928,12,15,1,0,1,ppr,0,True,1.0,4.0,0.0,True,eligible
865736628268855296,2022,865736633960509440,12,18,1,0,1,ppr,0,True,1.0,6.0,1.0,False,te_premium
865768598050840576,2022,865768602731687936,12,14,1,1,1,2qb,0,True,1.0,4.0,0.0,False,not_1qb;non_redraft_or_idp
865784218440048640,2022,865784219601899520,12,21,1,0,1,dynasty_ppr,0,True,1.0,6.0,0.0,False,non_redraft_or_idp
865789990314045440,2022,865789992184737792,12,25,1,1,1,dynasty_2qb,0,True,1.0,6.0,1.0,False,not_1qb;non_redraft_or_idp;te_premium
865821362458075136,2022,865821362458075137,12,17,1,0,1,ppr,0,True,1.0,6.0,0.0,True,eligible
866007756719681536,2022,866007756719681537,12,17,1,0,1,ppr,0,True,1.0,4.0,0.0,True,eligible
822639488831467520,2022,866054890064068608,12,4,1,0,1,dynasty_ppr,0,True,0.5,4.0,0.0,False,short_draft;non_redraft_or_idp
866115550831583232,2022,866115551494258688,12,25,1,0,1,dynasty_ppr,0,True,1.0,4.0,0.5,False,non_redraft_or_idp;te_premium
866119908117880832,2022,866119908801503232,12,16,1,1,1,2qb,0,True,1.0,4.0,0.0,False,not_1qb;non_redraft_or_idp
866124781571973120,2022,866124782289141760,12,14,1,0,1,ppr,0,True,1.0,4.0,0.0,True,eligible
866157424241987584,2022,866157425504419840,12,30,2,0,1,dynasty_2qb,0,True,1.0,6.0,1.0,False,not_1qb;non_redraft_or_idp;te_premium
866184353103888384,2022,866184353816928256,12,16,1,1,1,2qb,0,True,1.0,4.0,0.0,False,not_1qb;non_redraft_or_idp
866264084650270720,2022,866264086529331200,12,20,1,0,1,idp,0,True,0.5,4.0,0.0,False,non_redraft_or_idp
866441407718641664,2022,866441408683307008,12,16,1,1,1,2qb,0,True,1.0,4.0,0.0,False,not_1qb;non_redraft_or_idp
866443294945705984,2022,866443296052994048,12,16,1,1,1,2qb,0,True,0.0,6.0,1.5,False,not_1qb;non_redraft_or_idp;te_premium
866476725670916096,2022,866476726572716032,12,16,1,0,1,ppr,0,True,1.0,4.0,0.0,True,eligible
866482753334558720,2022,866482754685136896,12,16,1,1,1,2qb,0,True,1.0,6.0,1.0,False,not_1qb;non_redraft_or_idp;te_premium
866485140359135232,2022,866485140891811840,12,20,1,1,1,2qb,0,True,0.5,4.0,0.0,False,not_1qb;non_redraft_or_idp
866485141592260608,2022,866485142124937216,12,20,1,1,1,2qb,0,True,0.5,4.0,0.0,False,not_1qb;non_redraft_or_idp
866514640635568128,2022,866514641730318336,12,15,1,1,1,2qb,0,True,0.5,6.0,1.0,False,not_1qb;non_redraft_or_idp;te_premium
866522898767142912,2022,866522899568279552,12,15,1,0,1,ppr,0,True,1.0,4.0,0.0,True,eligible
793663824354983936,2022,866532079880486912,12,4,1,0,1,idp,0,True,1.0,6.0,0.0,False,short_draft;non_redraft_or_idp
866541937061175296,2022,866541945466544128,12,23,1,0,1,ppr,0,True,1.0,4.0,1.0,False,te_premium
866548444528013312,2022,866548445597577216,12,30,2,0,1,dynasty_2qb,0,True,1.0,6.0,1.0,False,not_1qb;non_redraft_or_idp;te_premium
866798748578209792,2022,866798749563879424,12,22,1,1,1,dynasty_2qb,0,True,1.0,6.0,1.0,False,not_1qb;non_redraft_or_idp;te_premium
866842116381356032,2022,866842117744500736,12,15,1,0,1,ppr,0,True,1.0,4.0,0.0,True,eligible
866897661612154880,2022,866897662774001664,12,24,1,0,1,dynasty_ppr,0,True,1.0,4.0,0.0,False,non_redraft_or_idp
866943670140657664,2022,866943672032296960,12,14,1,1,1,2qb,0,True,1.0,4.0,0.0,False,not_1qb;non_redraft_or_idp
867125453545132032,2022,867125453545132033,12,20,1,1,1,2qb,21,True,1.0,6.0,0.0,False,not_1qb;keeper_picks;non_redraft_or_idp
867232403704418304,2022,867232405650571264,12,16,1,1,1,2qb,0,True,1.0,6.0,0.5,False,not_1qb;non_redraft_or_idp;te_premium
867273824083857408,2022,867273825254088704,12,18,1,1,1,2qb,0,True,1.0,4.0,0.0,False,not_1qb;non_redraft_or_idp
867278929927548928,2022,867278931571707904,12,50,1,1,1,idp,0,True,0.0,6.0,3.0,False,not_1qb;non_redraft_or_idp;te_premium
867471443888357376,2022,867471447541596160,12,15,1,1,1,idp,0,True,1.0,4.0,0.0,False,not_1qb;non_redraft_or_idp
867490975289884672,2022,867488811528105984,12,15,1,0,1,half_ppr,0,True,0.5,4.0,0.0,True,eligible
867513029682716672,2022,867513030756421632,12,16,1,1,1,2qb,0,True,1.0,6.0,1.0,False,not_1qb;non_redraft_or_idp;te_premium
867566989944745984,2022,867566989944745985,12,16,1,1,1,2qb,0,True,1.0,6.0,0.0,False,not_1qb;non_redraft_or_idp
867621124790501376,2022,867621127235764224,12,15,1,0,1,ppr,0,True,1.0,4.0,0.0,True,eligible
867622778654896128,2022,867622779321761792,12,16,1,0,1,ppr,0,True,1.0,4.0,0.5,False,te_premium
867808392926912512,2022,867808393367310336,12,16,1,1,1,2qb,0,True,1.0,4.0,0.0,False,not_1qb;non_redraft_or_idp
867952479478960128,2022,867952480170962944,12,16,1,0,1,ppr,0,True,1.0,6.0,0.0,True,eligible
868023679043424256,2022,868023679739686912,12,15,1,0,1,dynasty_ppr,0,True,1.0,6.0,1.0,False,non_redraft_or_idp;te_premium
868217545172393984,2022,868217546074165248,12,17,1,1,1,2qb,0,True,1.0,4.0,0.5,False,not_1qb;non_redraft_or_idp;te_premium
868232587909459968,2022,868232588676976640,12,16,1,1,1,2qb,0,True,1.0,4.0,0.0,False,not_1qb;non_redraft_or_idp
868254339582554112,2022,868254340484325376,12,15,1,0,1,ppr,0,True,1.0,4.0,0.0,True,eligible
868260232588140544,2022,868260233288589312,12,16,1,1,1,2qb,0,True,0.5,6.0,0.0,False,not_1qb;non_redraft_or_idp
868270499678072832,2022,868270586357608448,12,17,1,0,1,half_ppr,0,True,0.5,6.0,0.0,True,eligible
867187087139586048,2022,868349562660806656,12,15,1,0,1,ppr,0,True,1.0,4.0,0.0,True,eligible
868528514297667584,2022,868528514851303424,12,16,1,1,1,2qb,0,True,1.0,6.0,0.5,False,not_1qb;non_redraft_or_idp;te_premium
868583954779885568,2022,868583954779885569,12,16,1,0,1,ppr,6,True,1.0,5.0,0.0,False,keeper_picks
868641546268991488,2022,868641547271430144,12,16,1,0,1,ppr,0,True,1.0,4.0,0.0,True,eligible
868646383299780608,2022,868646385224957952,12,16,1,1,1,2qb,0,True,1.0,6.0,0.5,False,not_1qb;non_redraft_or_idp;te_premium
868678022868389888,2022,868678024495783936,12,19,1,1,1,2qb,0,True,1.0,4.0,0.0,False,not_1qb;non_redraft_or_idp
868680318855573504,2022,868680318855573505,12,15,1,0,1,ppr,0,True,1.0,4.0,0.0,True,eligible
868727264785879040,2022,868727265666732032,12,15,1,0,1,ppr,0,True,1.0,6.0,0.0,True,eligible
868888677043036160,2022,868888678594961408,12,15,1,0,1,half_ppr,0,True,0.5,4.0,0.0,True,eligible
868973623480856576,2022,868973624265236480,12,15,1,0,1,ppr,0,True,1.0,4.0,0.0,True,eligible
868985804561747968,2022,868985805417406464,12,16,1,0,1,ppr,0,True,1.0,4.0,0.0,True,eligible
868988309995704320,2022,868988310889115648,12,15,1,0,1,ppr,0,True,1.0,4.0,0.0,True,eligible
869072893571723264,2022,869072894452486144,12,16,1,0,1,ppr,0,True,1.0,6.0,0.0,True,eligible
869091691443978240,2022,869091692253483008,12,16,1,0,1,ppr,0,True,1.0,4.0,0.0,True,eligible
869241742774411264,2022,869241743906893824,12,22,1,1,1,2qb,0,True,0.5,6.0,0.5,False,not_1qb;non_redraft_or_idp;te_premium
869312567699472384,2022,869312568798404608,12,18,1,0,1,dynasty_ppr,0,True,1.0,4.0,0.0,False,non_redraft_or_idp
869334290041872384,2022,869334294882095104,12,25,1,1,1,dynasty_2qb,0,True,1.0,6.0,1.0,False,not_1qb;non_redraft_or_idp;te_premium
869336251076091904,2022,869336252057554944,12,19,1,0,1,ppr,0,True,1.0,6.0,0.0,True,eligible
869385262227156992,2022,869385263359647744,12,13,1,0,1,ppr,0,False,1.0,4.0,0.0,False,incomplete_board
869468168480075776,2022,869468170166104064,12,15,1,0,1,ppr,0,True,1.0,4.0,0.0,True,eligible
869472595861512192,2022,869472597392404480,12,14,1,1,1,2qb,0,True,1.0,6.0,0.0,False,not_1qb;non_redraft_or_idp
869651994669899776,2022,869651996074995712,12,16,2,0,1,2qb,0,True,1.0,4.0,0.0,False,not_1qb;non_redraft_or_idp
869680515043753984,2022,869680515760984064,12,16,1,1,1,2qb,0,True,0.0,4.0,1.0,False,not_1qb;non_redraft_or_idp;te_premium
869759530345701376,2022,869759531075637248,12,15,1,0,1,ppr,0,True,1.0,4.0,0.0,True,eligible
869805930202726400,2022,869805932870348800,12,17,1,1,1,2qb,0,True,1.0,6.0,0.0,False,not_1qb;non_redraft_or_idp
869811771396063232,2022,869811776294920192,12,15,1,0,1,ppr,0,True,1.0,4.0,0.0,True,eligible
869821528991309824,2022,869821549241372672,12,24,1,0,1,dynasty_ppr,0,True,1.0,6.0,0.0,False,non_redraft_or_idp
869825383065882624,2022,869825383686680576,12,15,1,0,1,ppr,0,True,1.0,4.0,0.0,True,eligible
870033669425946624,2022,870033670793293824,12,19,1,1,1,idp,0,True,1.0,6.0,0.0,False,not_1qb;non_redraft_or_idp
870038465012756480,2022,870038466405330944,12,27,1,1,1,dynasty_2qb,0,True,0.5,4.0,0.0,False,not_1qb;non_redraft_or_idp
869839969999564800,2022,870064694780682240,12,15,1,0,1,ppr,0,True,1.0,4.0,0.0,True,eligible
870084181194252288,2022,870084182049902592,12,16,1,1,1,2qb,0,True,1.0,4.0,0.0,False,not_1qb;non_redraft_or_idp
870120636960468992,2022,870120638898221056,12,14,1,0,1,ppr,0,True,1.0,6.0,0.0,True,eligible
870136904975376384,2022,870136905818423296,12,15,1,0,1,ppr,0,True,1.0,4.0,0.0,True,eligible
870177382445858816,2022,870177383356002304,12,18,1,1,1,2qb,0,True,1.0,6.0,0.0,False,not_1qb;non_redraft_or_idp
870178071871942656,2022,870178073964986368,12,23,1,1,1,dynasty_2qb,0,True,1.0,4.0,0.5,False,not_1qb;non_redraft_or_idp;te_premium
870197574030770176,2022,870197575796559872,12,15,1,0,1,ppr,0,True,1.0,4.0,0.0,True,eligible
870307398903087104,2022,870307402677972992,12,15,1,0,1,ppr,0,True,1.0,4.0,0.0,True,eligible
870325890691813376,2022,870325893233610752,12,14,1,0,1,ppr,0,True,1.0,4.0,0.0,True,eligible
870382660730732544,2022,870382661619851264,12,27,1,1,1,dynasty_2qb,0,True,1.0,6.0,0.44999998807907104,False,not_1qb;non_redraft_or_idp;te_premium
870465810018304000,2022,870465811725348864,12,17,1,0,1,ppr,0,True,1.0,6.0,0.0,True,eligible
870476301318914048,2022,870476302183010304,12,16,1,1,1,2qb,0,True,1.0,4.0,0.0,False,not_1qb;non_redraft_or_idp
870569472421982208,2022,870569473084698624,12,15,1,0,1,ppr,0,True,1.0,4.0,0.0,True,eligible
870704827049635840,2022,870704828224040960,12,15,1,0,1,ppr,0,True,1.0,6.0,0.0,True,eligible
870806681557377024,2022,870806682358505472,12,17,1,1,1,2qb,0,True,0.5,6.0,0.0,False,not_1qb;non_redraft_or_idp
870823130271293440,2022,870823131172999168,12,17,1,1,1,2qb,0,True,1.0,5.0,0.5,False,not_1qb;non_redraft_or_idp;te_premium
870899854493310976,2022,870899856452042752,12,16,1,1,1,2qb,0,True,1.0,6.0,0.0,False,not_1qb;non_redraft_or_idp
871067781112733696,2022,871067782312329216,12,24,1,1,1,2qb,0,True,1.0,6.0,1.0,False,not_1qb;non_redraft_or_idp;te_premium
871079039882919936,2022,871079041040572416,12,23,1,0,1,dynasty_half_ppr,0,True,0.5,6.0,0.0,False,non_redraft_or_idp
871134240631410688,2022,871134242074177536,12,16,1,0,1,ppr,0,True,1.0,4.0,0.0,True,eligible
865340537656451072,2022,871135665679728640,12,10,1,0,1,dynasty_ppr,0,True,1.0,4.0,0.0,False,short_draft;non_redraft_or_idp
871165264656498688,2022,871165265470214144,12,16,1,1,1,2qb,0,True,1.0,6.0,1.0,False,not_1qb;non_redraft_or_idp;te_premium
871255517836853248,2022,871255518553997312,12,14,1,0,1,half_ppr,0,True,0.5,6.0,0.0,True,eligible
871482549652889600,2022,871482550722465792,12,15,1,0,1,ppr,0,True,1.0,4.0,0.0,True,eligible
871484751142395904,2022,871484752098709504,12,23,1,1,1,dynasty_2qb,0,True,1.0,6.0,0.5,False,not_1qb;non_redraft_or_idp;te_premium
871501095401340928,2022,871501095401340929,12,17,1,0,1,ppr,0,True,1.0,4.0,0.0,True,eligible
871547380003209216,2022,871547381114662912,12,15,1,1,1,2qb,0,True,0.5,4.0,0.25,False,not_1qb;non_redraft_or_idp;te_premium
871615145728782336,2022,871615146504691712,12,14,1,0,1,ppr,0,True,1.0,4.0,0.0,True,eligible
871784661058265088,2022,871784662094241792,12,18,1,0,1,idp,0,True,1.0,5.0,0.0,False,non_redraft_or_idp
870541566333403136,2022,871797572363333632,12,10,1,0,1,dynasty_ppr,0,True,1.0,4.0,0.0,False,short_draft;non_redraft_or_idp
871870483321237504,2022,871870484340482048,12,17,1,0,1,ppr,0,True,1.0,4.0,0.5,False,te_premium
871878497247891456,2022,871878498002845696,12,25,1,1,1,dynasty_2qb,0,True,1.0,4.0,0.0,False,not_1qb;non_redraft_or_idp
871923969543049216,2022,871923970457448448,12,18,1,1,1,2qb,0,True,1.0,6.0,0.0,False,not_1qb;non_redraft_or_idp
871933929815453696,2022,871933930981511168,12,18,1,1,1,2qb,0,True,1.0,6.0,0.5,False,not_1qb;non_redraft_or_idp;te_premium
871994219764559872,2022,871994227725373440,12,15,1,0,1,ppr,0,True,1.0,4.0,0.0,True,eligible
872136888373469184,2022,872136888373469185,12,16,1,0,1,half_ppr,0,True,0.5,6.0,0.0,True,eligible
872136898376884224,2022,872136898376884225,12,16,1,0,1,half_ppr,0,True,0.5,6.0,0.0,True,eligible
872136900746665984,2022,872136900746665985,12,16,1,0,1,half_ppr,0,True,0.5,6.0,0.0,True,eligible
872136901329674240,2022,872136901329674241,12,16,1,0,1,half_ppr,0,True,0.5,6.0,0.0,True,eligible
872196423851175936,2022,872196425377828864,12,17,1,0,1,ppr,0,True,1.0,4.0,0.5,False,te_premium
872204329338265600,2022,872204330135191552,12,15,1,0,1,ppr,0,True,1.0,4.0,0.0,True,eligible
872208896956289024,2022,872208910747107328,12,14,1,0,1,ppr,0,True,1.0,4.0,0.0,True,eligible
872227483742072832,2022,872227483742072833,12,16,1,0,1,half_ppr,0,True,0.5,6.0,0.0,True,eligible
872227488200617984,2022,872227488200617985,12,16,1,0,1,half_ppr,0,True,0.5,6.0,0.0,True,eligible
872227508064841729,2022,872227508064841730,12,16,1,0,1,half_ppr,0,True,0.5,6.0,0.0,True,eligible
872227512464666624,2022,872227512464666625,12,16,1,0,1,half_ppr,0,True,0.5,6.0,0.0,True,eligible
872227512556941313,2022,872227512556941314,12,16,1,0,1,half_ppr,0,True,0.5,6.0,0.0,True,eligible
872227513555185666,2022,872227513555185667,12,16,1,0,1,half_ppr,0,True,0.5,6.0,0.0,True,eligible
872227513697792001,2022,872227513697792002,12,16,1,0,1,half_ppr,0,True,0.5,6.0,0.0,True,eligible
872227549928189952,2022,872227549928189953,12,16,1,0,1,half_ppr,0,True,0.5,6.0,0.0,True,eligible
872227551048069120,2022,872227551048069121,12,16,1,0,1,half_ppr,0,True,0.5,6.0,0.0,True,eligible
872227553531097088,2022,872227553531097089,12,16,1,0,1,half_ppr,0,True,0.5,6.0,0.0,True,eligible
872227573370155010,2022,872227573370155011,12,16,1,0,1,half_ppr,0,True,0.5,6.0,0.0,True,eligible
872241318473244672,2022,872241319635054592,12,13,1,0,1,ppr,0,True,1.0,4.0,0.0,True,eligible
872318113717424128,2022,872318113717424129,12,16,1,0,1,half_ppr,0,True,0.5,6.0,0.0,True,eligible
872318136781901824,2022,872318136781901825,12,16,1,0,1,half_ppr,0,True,0.5,6.0,0.0,True,eligible
872318137499127808,2022,872318137499127809,12,16,1,0,1,half_ppr,0,True,0.5,6.0,0.0,True,eligible
872318142335160320,2022,872318142335160321,12,16,1,0,1,half_ppr,0,True,0.5,6.0,0.0,True,eligible
872318160467136512,2022,872318160467136513,12,16,1,0,1,half_ppr,0,True,0.5,6.0,0.0,True,eligible
872318161767370752,2022,872318161767370753,12,16,1,0,1,half_ppr,0,True,0.5,6.0,0.0,True,eligible
872318175046537216,2022,872318175046537217,12,16,1,0,1,half_ppr,0,True,0.5,6.0,0.0,True,eligible
872318182923440128,2022,872318182923440129,12,16,1,0,1,half_ppr,0,True,0.5,6.0,0.0,True,eligible
820119490900652032,2022,872341200827527168,12,19,1,1,1,2qb,45,True,1.0,4.0,0.0,False,not_1qb;keeper_picks;non_redraft_or_idp
872366927601954816,2022,872366930550554624,12,16,1,1,1,2qb,0,True,1.0,6.0,0.0,False,not_1qb;non_redraft_or_idp
872499137948680192,2022,872499137948680194,12,16,1,0,1,half_ppr,0,True,0.5,6.0,0.0,True,eligible
872499142096846848,2022,872499142096846849,12,16,1,0,1,half_ppr,0,True,0.5,6.0,0.0,True,eligible
872589844902338561,2022,872589844906532864,12,16,1,0,1,half_ppr,0,True,0.5,6.0,0.0,True,eligible
872589856453451776,2022,872589856457646081,12,16,1,0,1,half_ppr,0,True,0.5,6.0,0.0,True,eligible
872592291515305984,2022,872592294606508032,12,15,1,0,1,ppr,0,True,1.0,6.0,0.0,True,eligible
872670173881085952,2022,872670174569005056,12,14,1,0,1,ppr,0,True,1.0,4.0,0.0,True,eligible
872670396216963072,2022,872670397039063040,12,14,1,1,1,2qb,0,True,1.0,4.0,0.0,False,not_1qb;non_redraft_or_idp
872675684240302080,2022,872675687721537536,12,18,2,0,2,2qb,0,True,1.0,6.0,1.0,False,not_1qb;non_redraft_or_idp;te_premium
872680503709552640,2022,872680503709552641,12,16,1,0,1,half_ppr,0,True,0.5,6.0,0.0,True,eligible
872687048828604416,2022,872687048828604417,12,14,1,1,1,2qb,0,True,0.5,4.0,0.0,False,not_1qb;non_redraft_or_idp
872710646381379584,2022,872710647333437440,12,23,1,0,1,dynasty_ppr,0,True,1.0,4.0,0.0,False,non_redraft_or_idp
872829507898408960,2022,872829509072830464,12,29,1,1,1,dynasty_2qb,0,True,1.0,6.0,0.0,False,not_1qb;non_redraft_or_idp
872941148300361728,2022,872941148942102528,12,14,1,0,1,ppr,0,True,1.0,4.0,0.0,True,eligible
872956918342348800,2022,872956919541878784,12,17,1,0,1,ppr,0,True,1.0,4.0,0.5,False,te_premium
873007514445307904,2022,873007515447746560,12,16,1,1,1,2qb,0,True,1.0,6.0,1.0,False,not_1qb;non_redraft_or_idp;te_premium
864392107597647872,2022,873015031057526784,12,17,1,1,1,2qb,0,True,1.0,4.0,0.0,False,not_1qb;non_redraft_or_idp
873042746238287872,2022,873042746238287873,12,16,1,0,1,half_ppr,0,True,0.5,6.0,0.0,True,eligible
873066536431218688,2022,873066538029252608,12,15,1,1,1,2qb,0,True,1.0,4.0,0.0,False,not_1qb;non_redraft_or_idp
873151215406612480,2022,873151217554132992,12,14,1,1,1,2qb,0,True,1.0,4.0,0.0,False,not_1qb;non_redraft_or_idp
873224010840928256,2022,873224010840928257,12,16,1,0,1,half_ppr,0,True,0.5,6.0,0.0,True,eligible
873239867541381120,2022,873239868258562048,12,16,1,0,1,half_ppr,0,True,0.5,4.0,0.0,True,eligible
873248097181011968,2022,873248098133151744,12,23,1,1,1,dynasty_2qb,0,True,1.0,6.0,0.5,False,not_1qb;non_redraft_or_idp;te_premium
873257698446262272,2022,873257699574562816,12,17,1,0,1,ppr,0,True,1.0,4.0,0.5,False,te_premium
873309505927208960,2022,873309507781046272,12,16,1,0,1,ppr,0,True,1.0,6.0,0.0,True,eligible
873316005588430848,2022,873316006351806464,12,15,1,0,1,ppr,0,True,1.0,4.0,0.0,True,eligible
873331244002443264,2022,873331245621350400,12,14,1,0,1,ppr,0,True,1.0,4.0,0.0,True,eligible
873405156572807168,2022,873405156572807169,12,16,1,0,1,half_ppr,0,True,0.5,6.0,0.0,True,eligible
873405158024036352,2022,873405158024036353,12,16,1,0,1,half_ppr,0,True,0.5,6.0,0.0,True,eligible
873405166240677889,2022,873405166240677890,12,16,1,0,1,half_ppr,0,True,0.5,6.0,0.0,True,eligible
873405166727217152,2022,873405166727217153,12,16,1,0,1,half_ppr,0,True,0.5,6.0,0.0,True,eligible
873405170590171136,2022,873405170590171137,12,16,1,0,1,half_ppr,0,True,0.5,6.0,0.0,True,eligible
873405179263991808,2022,873405179263991809,12,16,1,0,1,half_ppr,0,True,0.5,6.0,0.0,True,eligible
873672162551304192,2022,873672163390029824,12,14,1,0,1,half_ppr,0,True,0.5,4.0,0.0,True,eligible
873688234520190976,2022,873688235522662400,12,23,1,1,1,dynasty_2qb,0,True,1.0,6.0,0.5,False,not_1qb;non_redraft_or_idp;te_premium
873703328755068928,2022,873703329778429952,12,13,1,0,1,half_ppr,0,True,0.5,4.0,0.0,True,eligible
874858729383174144,2022,874858730393976832,12,16,1,1,1,2qb,0,True,1.0,6.0,1.0,False,not_1qb;non_redraft_or_idp;te_premium
875113529202589696,2022,875113533099130880,12,43,1,1,1,idp,0,True,1.0,4.0,0.25,False,not_1qb;non_redraft_or_idp;te_premium
875520933828616192,2022,875520934503710720,12,15,1,0,1,half_ppr,0,True,0.5,4.0,0.0,True,eligible
875752000544047104,2022,875752001307377664,12,23,1,0,1,dynasty_half_ppr,0,True,0.5,4.0,0.0,False,non_redraft_or_idp
877101456946352128,2022,877101456950546432,12,3,1,1,1,dynasty_2qb,0,True,1.0,4.0,1.0,False,not_1qb;short_draft;non_redraft_or_idp;te_premium
878458874024443904,2022,878458875807088640,12,25,1,1,1,dynasty_2qb,0,True,1.0,4.0,0.5,False,not_1qb;non_redraft_or_idp;te_premium
880560547148648448,2022,880560551284142080,12,20,1,1,1,2qb,0,True,1.0,6.0,1.0,False,not_1qb;non_redraft_or_idp;te_premium
881065152827719680,2022,881065158058049536,12,13,1,0,1,ppr,0,True,1.0,6.0,1.0,False,te_premium
884251689329340416,2022,884251693402161152,12,16,1,0,1,ppr,0,True,1.0,6.0,0.0,True,eligible
884496386849394688,2022,884496387813867520,12,32,1,0,1,dynasty_ppr,0,True,1.0,4.0,0.0,False,non_redraft_or_idp
884503524111745024,2022,884503529291792384,12,15,1,0,1,ppr,0,True,1.0,4.0,1.0,False,te_premium
885264951885860864,2022,885264955522506752,12,17,1,1,1,2qb,0,True,1.0,4.0,1.0,False,not_1qb;non_redraft_or_idp;te_premium
886318896116830208,2022,886318899967328256,12,22,1,1,1,dynasty_2qb,0,True,1.0,6.0,0.5,False,not_1qb;non_redraft_or_idp;te_premium
888187793514352640,2022,888187794462400512,12,22,1,1,1,dynasty_2qb,0,True,1.0,6.0,0.5,False,not_1qb;non_redraft_or_idp;te_premium
889447422626111488,2022,889447427969576960,12,25,1,0,1,dynasty_ppr,0,True,1.0,4.0,0.0,False,non_redraft_or_idp
890646907356139520,2022,890646908044161024,12,23,1,1,1,dynasty_2qb,0,True,1.0,6.0,0.75,False,not_1qb;non_redraft_or_idp;te_premium
891147008084209664,2022,891147011192254464,12,30,1,1,1,dynasty_2qb,0,True,1.0,6.0,1.0,False,not_1qb;non_redraft_or_idp;te_premium
892639464412266496,2022,892639465658081280,12,15,1,0,1,ppr,0,True,1.0,4.0,0.0,True,eligible
893937648115347456,2022,893937649310892032,12,15,1,0,1,ppr,0,True,1.0,4.0,0.0,True,eligible
898473839619829760,2022,898473840307494912,12,21,1,1,1,dynasty_2qb,0,True,1.0,4.0,0.0,False,not_1qb;non_redraft_or_idp
903462526602567680,2022,903462528439521280,12,16,1,1,1,2qb,0,True,1.0,6.0,0.5,False,not_1qb;non_redraft_or_idp;te_premium
903838782133223424,2022,903838782745460736,12,22,1,1,1,dynasty_2qb,0,True,1.0,6.0,0.5,False,not_1qb;non_redraft_or_idp;te_premium
906251771687735296,2023,906251772824289280,12,17,1,0,1,ppr,0,True,1.0,6.0,0.5,False,te_premium
914319731433160704,2023,914319732422144000,12,23,1,0,1,dynasty_ppr,0,True,1.0,4.0,0.0,False,non_redraft_or_idp
916327720899018752,2023,916327720899018753,12,15,0,0,0,idp,0,True,1.0,4.0,0.0,False,not_1qb;no_required_te;non_redraft_or_idp
916330452347125760,2023,916330452347125761,12,18,1,0,1,ppr,0,True,1.0,0.0,0.5,False,te_premium
916366856712257536,2023,916366856712257537,12,16,1,0,1,ppr,0,True,1.0,6.0,0.5,False,te_premium
916374183599353856,2023,916374183599353857,12,14,1,0,1,ppr,0,True,1.0,6.0,0.5,False,te_premium
916396726397878272,2023,916396726397878273,12,19,1,1,1,2qb,0,True,1.0,6.0,0.25,False,not_1qb;non_redraft_or_idp;te_premium
916423204313464832,2023,916423204313464833,12,16,1,0,1,ppr,20,True,1.0,6.0,0.0,False,keeper_picks
916423401487626240,2023,916423401487626241,12,14,1,0,1,ppr,24,True,1.0,4.0,0.0,False,keeper_picks
916766312368648192,2023,916766500546060288,12,25,1,0,1,idp,0,True,1.0,4.0,0.25,False,non_redraft_or_idp;te_premium
916815235720437760,2023,916815235720437761,12,16,1,0,1,ppr,0,True,1.0,6.0,0.0,True,eligible
916825676429434880,2023,916825676429434881,12,18,1,0,1,ppr,0,True,1.0,6.0,0.0,True,eligible
916932710030065664,2023,916932710030065665,12,15,1,0,1,std,0,True,0.0,4.0,0.0,True,eligible
917107316498059264,2023,917107316498059265,12,17,1,0,1,half_ppr,0,True,0.5,6.0,0.0,True,eligible
917161027400228864,2023,917161027400228865,12,15,1,0,1,ppr,0,True,1.0,6.0,0.0,True,eligible
917176261296885760,2023,917176261296885761,12,16,1,0,1,ppr,0,True,1.0,6.0,0.5,False,te_premium
917249089866174464,2023,917249089866174465,12,16,1,1,1,2qb,22,True,1.0,6.0,0.0,False,not_1qb;keeper_picks;non_redraft_or_idp
917250006741225472,2023,917250006741225473,12,14,1,0,1,ppr,0,True,1.0,4.0,0.0,True,eligible
917541012049047552,2023,917541012049047553,12,24,1,1,1,2qb,0,True,1.0,6.0,1.0,False,not_1qb;non_redraft_or_idp;te_premium
917861222258085888,2023,917861226393755648,12,17,1,1,1,2qb,0,True,0.0,4.0,1.5,False,not_1qb;non_redraft_or_idp;te_premium
917879567522844672,2023,917879567522844673,12,17,1,0,1,idp,0,True,0.5,6.0,0.0,False,non_redraft_or_idp
917883692247621632,2023,917883692247621633,12,19,1,1,1,idp,0,True,1.0,6.0,0.0,False,not_1qb;non_redraft_or_idp
917970798303223808,2023,917970798303223809,12,16,0,2,1,idp,0,True,0.5,6.0,1.5,False,not_1qb;non_redraft_or_idp;te_premium
918208558309769216,2023,918208560595615744,12,23,1,1,1,dynasty_2qb,0,True,0.5,4.0,0.0,False,not_1qb;non_redraft_or_idp
918264432000790528,2023,918264432000790529,12,15,1,0,1,ppr,0,True,1.0,4.0,0.0,True,eligible
918285611671478272,2023,918285611671478273,12,16,1,1,1,2qb,0,True,1.0,4.0,0.0,False,not_1qb;non_redraft_or_idp
918285774641070080,2023,918285774641070081,12,14,1,1,1,2qb,0,True,1.0,4.0,0.0,False,not_1qb;non_redraft_or_idp
918385268045115392,2023,918385268045115393,12,15,1,0,1,ppr,0,True,1.0,4.0,0.0,True,eligible
918407159291977728,2023,918407159291977729,12,18,1,1,1,2qb,24,True,1.0,6.0,0.5,False,not_1qb;keeper_picks;non_redraft_or_idp;te_premium
918715594596425728,2023,918715594596425729,12,16,1,1,1,2qb,0,True,1.0,6.0,0.0,False,not_1qb;non_redraft_or_idp
919369329169317888,2023,919369329169317889,12,15,1,1,1,2qb,0,True,0.5,6.0,0.0,False,not_1qb;non_redraft_or_idp
919407975914098688,2023,919407975914098689,12,17,1,1,1,2qb,10,True,1.0,5.0,0.5,False,not_1qb;keeper_picks;non_redraft_or_idp;te_premium
919408266134777856,2023,919408266134777857,12,18,1,1,1,idp,0,True,1.0,6.0,1.25,False,not_1qb;non_redraft_or_idp;te_premium
919722995235549184,2023,919722995235549185,12,21,1,1,1,2qb,0,True,1.0,8.0,0.5,False,not_1qb;non_redraft_or_idp;te_premium
920169372960804864,2023,920169372960804865,12,15,1,1,1,2qb,0,True,1.0,4.0,0.0,False,not_1qb;non_redraft_or_idp
920790070322442240,2023,920790071060606976,12,26,1,1,1,dynasty_2qb,0,True,1.0,4.0,0.5,False,not_1qb;non_redraft_or_idp;te_premium
920803432150204416,2023,920803432150204417,12,21,1,1,1,2qb,0,True,1.0,4.0,2.0,False,not_1qb;non_redraft_or_idp;te_premium
920846179653517312,2023,920846179653517313,12,15,1,0,1,half_ppr,27,True,0.5,6.0,0.0,False,keeper_picks
920922617564028928,2023,920922618222510080,12,23,1,1,1,dynasty_2qb,0,True,1.0,4.0,0.5,False,not_1qb;non_redraft_or_idp;te_premium
921083387203399680,2023,921083387203399681,12,14,1,0,1,ppr,0,True,1.0,6.0,0.0,True,eligible
921517395993329664,2023,921517395993329665,12,16,1,0,1,ppr,19,True,1.0,6.0,0.5,False,keeper_picks;te_premium
924253640930500608,2023,924253640930500609,12,16,1,0,1,ppr,0,True,1.0,4.0,0.0,True,eligible
925816183998263296,2023,925816183998263297,12,15,1,0,1,ppr,0,True,1.0,4.0,0.0,True,eligible
927731135130456064,2023,927731135130456065,12,16,1,1,1,2qb,0,True,1.0,4.0,0.5,False,not_1qb;non_redraft_or_idp;te_premium
928391414956818432,2023,928391416999399424,12,23,1,0,1,dynasty_ppr,0,True,1.0,4.0,0.0,False,non_redraft_or_idp
929078238909976576,2023,929078238909976577,12,16,1,0,1,ppr,17,True,1.0,6.0,0.0,False,keeper_picks
929290946460729344,2023,929290946460729345,12,16,1,0,1,ppr,0,True,1.0,4.0,0.0,True,eligible
930017798196256768,2023,930252596705656832,12,24,1,1,1,dynasty_2qb,0,True,1.0,6.0,1.0,False,not_1qb;non_redraft_or_idp;te_premium
925457810199040000,2023,930279370202230784,12,3,1,1,1,dynasty_2qb,0,True,1.0,6.0,0.0,False,not_1qb;short_draft;non_redraft_or_idp
932755216968118272,2023,932755216968118273,12,16,1,0,1,ppr,0,True,1.0,4.0,0.0,True,eligible
933036210849726464,2023,933036212091224064,12,26,1,1,1,dynasty_2qb,0,True,1.0,5.0,0.0,False,not_1qb;non_redraft_or_idp
933548292523266048,2023,933548292523266049,12,16,1,0,1,ppr,0,True,1.0,4.0,0.0,True,eligible
934879811057602560,2023,934879811057602561,12,17,1,1,1,2qb,0,True,0.5,4.0,0.0,False,not_1qb;non_redraft_or_idp
935565607548825600,2023,935565610233294848,12,32,2,0,1,dynasty_2qb,0,True,1.0,6.0,0.0,False,not_1qb;non_redraft_or_idp
944033883815886848,2023,944033885057327104,12,23,1,1,1,dynasty_2qb,0,True,1.0,4.0,0.0,False,not_1qb;non_redraft_or_idp
945207752245219328,2023,945207753046441984,12,25,1,1,1,dynasty_2qb,0,True,1.0,6.0,1.0,False,not_1qb;non_redraft_or_idp;te_premium
945873123906277376,2023,945873125319802880,12,24,1,1,1,dynasty_2qb,0,True,1.0,4.0,1.0,False,not_1qb;non_redraft_or_idp;te_premium
946558273182990336,2023,946558275003187200,12,26,1,1,1,dynasty_2qb,0,True,1.0,6.0,0.5,False,not_1qb;non_redraft_or_idp;te_premium
948314879138562048,2023,948314880057225216,12,26,1,1,1,dynasty_2qb,0,True,1.0,6.0,0.5,False,not_1qb;non_redraft_or_idp;te_premium
949662246697828352,2023,949662247981277184,12,15,1,0,1,ppr,0,True,1.0,4.0,0.0,True,eligible
950508070939996160,2023,950508072093540352,12,25,1,0,1,dynasty_ppr,0,True,1.0,6.0,0.0,False,non_redraft_or_idp
951169889719492608,2023,951169890558308352,12,29,1,1,1,dynasty_2qb,0,True,1.0,6.0,0.25,False,not_1qb;non_redraft_or_idp;te_premium
949399425296793600,2023,952052082549350400,12,6,1,0,1,idp,0,True,1.0,4.0,0.0,False,short_draft;non_redraft_or_idp
915454387806539776,2023,952663296132378624,12,19,1,1,1,2qb,0,True,1.0,4.0,0.0,False,not_1qb;non_redraft_or_idp
954164469163266048,2023,954164470073405440,12,26,1,1,1,dynasty_2qb,0,True,1.0,6.0,0.5,False,not_1qb;non_redraft_or_idp;te_premium
954204654462693376,2023,954204655477735424,12,25,1,1,1,dynasty_2qb,0,True,1.0,6.0,0.0,False,not_1qb;non_redraft_or_idp
954852813182423040,2023,954852818337308672,12,18,1,0,1,ppr,0,True,1.0,4.0,0.0,True,eligible
955695216298721280,2023,955695216298721281,12,17,1,0,1,ppr,5,True,1.0,4.0,0.0,False,keeper_picks
917205262627356672,2023,957692157836496896,12,10,1,2,2,idp,0,True,1.0,4.0,0.0,False,not_1qb;short_draft;non_redraft_or_idp
938178842466877440,2023,958172543096008704,12,4,1,1,1,idp,0,True,1.0,6.0,1.0,False,not_1qb;short_draft;non_redraft_or_idp;te_premium
949508734747815936,2023,958234601690923008,12,5,1,1,1,idp,0,True,1.0,4.0,0.0,False,not_1qb;short_draft;non_redraft_or_idp
958264766374395904,2023,958264770266787840,12,25,1,1,1,dynasty_2qb,0,True,1.0,4.0,0.5,False,not_1qb;non_redraft_or_idp;te_premium
958589733938987008,2023,958593827915272192,12,25,1,1,1,dynasty_2qb,0,True,1.0,4.0,0.5,False,not_1qb;non_redraft_or_idp;te_premium
959245530331152384,2023,959245530331152385,12,3,1,1,1,idp,0,True,1.0,6.0,0.0,False,not_1qb;short_draft;non_redraft_or_idp
959702138303672320,2023,959702139566170112,12,15,1,0,1,ppr,0,True,1.0,6.0,0.5,False,te_premium
959971496271650816,2023,959971497970368512,12,26,1,1,1,dynasty_2qb,0,True,1.0,6.0,0.75,False,not_1qb;non_redraft_or_idp;te_premium
960236983064768512,2023,960236983807205376,12,25,1,0,1,dynasty_ppr,0,True,1.0,4.0,0.0,False,non_redraft_or_idp
960267869697216512,2023,960267870800306176,12,21,2,1,1,idp,0,True,1.0,4.0,0.0,False,not_1qb;non_redraft_or_idp
960361598198001664,2023,960361600873975808,12,21,1,0,1,dynasty_ppr,0,True,1.0,4.0,1.0,False,non_redraft_or_idp;te_premium
960977581749207040,2023,960977581749207041,12,17,1,1,1,2qb,0,True,1.0,6.0,0.0,False,not_1qb;non_redraft_or_idp
961314660022542336,2023,961314661138239488,12,15,1,1,0,2qb,0,True,1.0,4.0,0.0,False,not_1qb;no_required_te;non_redraft_or_idp
961919194298183680,2023,961919198299516928,12,25,1,0,1,idp,0,True,1.0,4.0,0.0,False,non_redraft_or_idp
962389785820053504,2023,962389786797400064,12,23,1,0,1,dynasty_ppr,0,True,1.0,4.0,0.0,False,non_redraft_or_idp
916501232854888448,2023,962452209596178432,12,3,1,0,1,idp,0,True,1.0,4.0,0.0,False,short_draft;non_redraft_or_idp
962503004433788928,2023,962503005494927360,12,27,1,0,1,dynasty_ppr,0,True,1.0,6.0,0.0,False,non_redraft_or_idp
962832190595723264,2023,962832190595723265,12,15,1,0,1,ppr,0,True,1.0,4.0,0.0,True,eligible
963105577394094080,2023,963105581126983680,12,17,1,1,1,2qb,0,True,1.0,6.0,0.5,False,not_1qb;non_redraft_or_idp;te_premium
963235590185476096,2023,963235591125000192,12,24,1,1,1,dynasty_2qb,0,True,1.0,4.0,0.0,False,not_1qb;non_redraft_or_idp
963316276711964672,2023,963316278469468160,12,15,1,0,1,ppr,0,True,1.0,6.0,0.5,False,te_premium
963457577222770688,2023,963457579844227072,12,20,1,1,1,dynasty_2qb,0,True,1.0,6.0,0.0,False,not_1qb;non_redraft_or_idp
963523866247102464,2023,963523867241226240,12,23,1,1,1,dynasty_2qb,0,True,1.0,4.0,0.0,False,not_1qb;non_redraft_or_idp
963636182707920896,2023,963636185102897152,12,28,1,1,1,dynasty_2qb,0,True,1.0,5.0,0.75,False,not_1qb;non_redraft_or_idp;te_premium
963846420304379904,2023,963846420304379905,12,15,1,0,1,half_ppr,0,True,0.5,4.0,0.0,True,eligible
963879376985075712,2023,963879376985075713,12,16,1,0,1,half_ppr,0,True,0.5,6.0,0.0,True,eligible
964015236711862272,2023,964015237995253760,12,29,1,1,1,dynasty_2qb,0,True,1.0,4.0,0.0,False,not_1qb;non_redraft_or_idp
964251013412646912,2023,964251015086182400,12,19,1,0,1,idp,0,True,1.0,6.0,0.0,False,non_redraft_or_idp
964651781999456256,2023,964651791520497664,12,29,1,1,1,dynasty_2qb,0,True,1.0,4.0,1.5,False,not_1qb;non_redraft_or_idp;te_premium
964751705059504128,2023,964751706225528832,12,26,1,1,1,dynasty_2qb,0,True,1.0,6.0,0.5,False,not_1qb;non_redraft_or_idp;te_premium
965137932543705088,2023,965137934116532224,12,29,1,1,1,dynasty_2qb,0,True,1.0,6.0,1.0,False,not_1qb;non_redraft_or_idp;te_premium
922194028312043520,2023,966198415476514816,12,5,1,0,1,dynasty_half_ppr,0,True,0.5,4.0,0.0,False,short_draft;non_redraft_or_idp
966202124453351424,2023,966202125220974592,12,26,1,1,1,dynasty_2qb,0,True,1.0,4.0,0.25,False,not_1qb;non_redraft_or_idp;te_premium
966527017787179008,2023,966527018919583744,12,23,1,1,1,dynasty_2qb,0,True,1.0,4.0,1.0,False,not_1qb;non_redraft_or_idp;te_premium
966553002901385216,2023,966553005975740416,12,22,1,1,1,2qb,0,True,1.0,4.0,0.0,False,not_1qb;non_redraft_or_idp
917710718642921472,2023,966578353362755584,12,35,1,0,1,idp,0,True,1.0,4.0,0.0,False,non_redraft_or_idp
966970669747470336,2023,966970670573838336,12,30,1,1,1,dynasty_2qb,0,True,1.0,6.0,1.0,False,not_1qb;non_redraft_or_idp;te_premium
967060356445081600,2023,967060356445081601,12,18,1,1,1,2qb,0,True,1.0,4.0,0.0,False,not_1qb;non_redraft_or_idp
967060700000575488,2023,967060700000575489,12,15,1,0,1,half_ppr,0,True,0.5,4.0,0.5,False,te_premium
967685753289379840,2023,967685754291871744,12,30,1,1,1,idp,0,True,1.0,4.0,0.0,False,not_1qb;non_redraft_or_idp
967961788207751168,2023,967961789113659392,12,32,2,0,2,dynasty_2qb,0,True,1.0,6.0,0.0,False,not_1qb;non_redraft_or_idp
968575008685522944,2023,968575009629216768,12,26,1,1,1,dynasty_2qb,0,True,1.0,4.0,0.0,False,not_1qb;non_redraft_or_idp
968685373423398912,2023,968685373423398913,12,19,1,1,1,2qb,24,True,0.5,4.0,0.0,False,not_1qb;keeper_picks;non_redraft_or_idp
968719506744938496,2023,968719507843858432,12,50,1,1,1,idp,0,True,1.0,6.0,0.5,False,not_1qb;non_redraft_or_idp;te_premium
969174468696272896,2023,969174470340497408,12,15,1,0,1,ppr,0,True,1.0,4.0,0.0,True,eligible
969297554678566912,2023,969297560387043328,12,25,1,1,1,dynasty_2qb,0,True,1.0,4.0,0.5,False,not_1qb;non_redraft_or_idp;te_premium
969888941035880448,2023,969888941035880449,12,15,1,0,1,ppr,5,True,1.0,5.0,0.0,False,keeper_picks
967862981692342272,2023,970342780834824192,12,4,1,1,1,dynasty_2qb,0,True,1.0,4.0,0.0,False,not_1qb;short_draft;non_redraft_or_idp
970506146492497920,2023,970506147599855616,12,19,1,1,1,dynasty_2qb,0,True,0.0,6.0,1.5,False,not_1qb;non_redraft_or_idp;te_premium
970819451866193920,2023,970819454881902592,12,40,2,0,1,idp,0,True,1.0,4.0,0.0,False,not_1qb;non_redraft_or_idp
970820848556814336,2023,970820852646252544,12,24,1,1,1,dynasty_2qb,0,True,1.0,4.0,0.5,False,not_1qb;non_redraft_or_idp;te_premium
971098730508144640,2023,971098731447672832,12,14,1,0,1,half_ppr,0,True,0.5,4.0,0.0,True,eligible
971103118404399104,2023,971103119394349056,12,14,1,0,1,half_ppr,0,True,0.5,4.0,0.0,True,eligible
971139804903616512,2023,971139805943799808,12,14,1,0,1,half_ppr,0,True,0.5,4.0,0.0,True,eligible
971158999561224192,2023,971159000446242816,12,20,1,1,1,2qb,0,True,1.0,4.0,0.0,False,not_1qb;non_redraft_or_idp
972200252100952064,2023,972200256265932800,12,15,1,0,1,half_ppr,0,True,0.5,4.0,0.5,False,te_premium
972252254600224768,2023,972252261873168384,12,24,1,0,1,dynasty_ppr,0,True,1.0,6.0,0.0,False,non_redraft_or_idp
972573917321682944,2023,972573917321682945,12,15,1,0,1,ppr,0,True,1.0,4.0,0.0,True,eligible
973510181801807872,2023,973510184100225024,12,22,1,1,1,dynasty_2qb,0,True,1.0,4.0,0.0,False,not_1qb;non_redraft_or_idp
973709203829309440,2023,973709204437458944,12,22,1,1,1,dynasty_2qb,0,True,1.0,6.0,0.0,False,not_1qb;non_redraft_or_idp
974122176745975808,2023,974122177412837376,12,15,1,0,1,ppr,0,True,1.0,4.0,0.0,True,eligible
966911804137877504,2023,974381081623371776,12,5,1,1,1,dynasty_2qb,0,True,1.0,4.0,0.5,False,not_1qb;short_draft;non_redraft_or_idp;te_premium
975204746552303616,2023,975241697070256128,12,34,1,1,1,idp,0,True,1.0,6.0,0.5,False,not_1qb;non_redraft_or_idp;te_premium
975414457281155072,2023,975414458212265984,12,15,1,0,1,ppr,0,True,1.0,4.0,0.0,True,eligible
975437566159687680,2023,975437567338323968,12,15,1,0,1,half_ppr,0,True,0.5,4.0,0.0,True,eligible
975518951125905408,2023,975518953244041216,12,19,1,0,1,ppr,0,True,1.0,6.0,0.0,True,eligible
975549927625392128,2023,975549928929845248,12,14,1,0,1,ppr,0,True,1.0,6.0,0.0,True,eligible
975598681246224384,2023,975598684211589120,12,17,1,1,1,2qb,0,True,1.0,6.0,0.5,False,not_1qb;non_redraft_or_idp;te_premium
975914829288452096,2023,975914833881157632,12,17,1,1,1,idp,0,True,1.0,4.0,0.0,False,not_1qb;non_redraft_or_idp
975923346439213056,2023,975923347345199104,12,23,1,1,1,dynasty_2qb,0,True,1.0,4.0,0.5,False,not_1qb;non_redraft_or_idp;te_premium
976226479744888832,2023,976226480885706752,12,17,1,1,1,2qb,0,True,1.0,6.0,0.5,False,not_1qb;non_redraft_or_idp;te_premium
976320178860400640,2023,976320182715002880,12,23,1,1,1,dynasty_2qb,0,True,1.0,6.0,0.0,False,not_1qb;non_redraft_or_idp
976771816381321216,2023,976771817094397952,12,15,1,0,1,ppr,0,True,1.0,4.0,0.0,True,eligible
976864026716110848,2023,976864027479515136,12,28,1,1,1,dynasty_2qb,0,True,1.0,6.0,1.0,False,not_1qb;non_redraft_or_idp;te_premium
976936119080206336,2023,976936123450601472,12,27,1,0,1,dynasty_ppr,0,True,1.0,4.0,0.0,False,non_redraft_or_idp
977144459152461824,2023,977144461513814016,12,32,1,1,1,idp,0,True,1.0,6.0,0.5,False,not_1qb;non_redraft_or_idp;te_premium
977225515784273920,2023,977225516816121856,12,16,1,0,1,ppr,0,True,1.0,6.0,0.5,False,te_premium
977286856352047104,2023,977286860558983168,12,17,1,1,1,idp,0,True,1.0,4.0,0.0,False,not_1qb;non_redraft_or_idp
977380585700163584,2023,977380587151360000,12,15,1,0,1,ppr,0,True,1.0,4.0,0.0,True,eligible
977631697996931072,2023,977631697996931073,12,17,1,1,1,2qb,0,True,1.0,5.0,0.5,False,not_1qb;non_redraft_or_idp;te_premium
977727271337365504,2023,977727272188690432,12,15,1,0,1,ppr,0,True,1.0,4.0,0.0,True,eligible
977820219676647424,2023,977820220385529856,12,25,1,1,1,dynasty_2qb,0,True,1.0,4.0,0.5,False,not_1qb;non_redraft_or_idp;te_premium
978192332661026816,2023,978192333508247552,12,19,1,1,1,dynasty_2qb,0,True,1.0,6.0,1.5,False,not_1qb;non_redraft_or_idp;te_premium
978459008140976128,2023,978459009290219520,12,18,1,1,1,2qb,0,True,1.0,6.0,0.5,False,not_1qb;non_redraft_or_idp;te_premium
978510751864348672,2023,978510752682168320,12,16,1,0,1,half_ppr,0,True,0.5,6.0,0.0,True,eligible
978763283136069632,2023,978800701541261312,12,15,1,0,1,ppr,0,True,1.0,4.0,0.0,True,eligible
978806586791559168,2023,978806587684954112,12,28,1,1,1,dynasty_2qb,0,True,1.0,4.0,0.5,False,not_1qb;non_redraft_or_idp;te_premium
978897068024475648,2023,978897069052133376,12,26,1,1,1,dynasty_2qb,0,True,1.0,6.0,0.0,False,not_1qb;non_redraft_or_idp
979137587237445632,2023,979137587929530368,12,17,1,1,1,2qb,0,True,1.0,4.0,0.0,False,not_1qb;non_redraft_or_idp
979240814020706304,2023,979240814683463680,12,17,1,1,1,2qb,0,True,1.0,4.0,0.0,False,not_1qb;non_redraft_or_idp
979485974616944640,2023,979485975443210240,12,17,1,1,1,idp,0,True,1.0,6.0,1.0,False,not_1qb;non_redraft_or_idp;te_premium
979564426124742656,2023,979564427173220352,12,14,1,0,1,ppr,0,True,1.0,6.0,0.0,True,eligible
979564836633808896,2023,979564838840012800,12,20,1,1,1,2qb,0,True,0.5,4.0,1.0,False,not_1qb;non_redraft_or_idp;te_premium
979612801075306496,2023,979612802899828736,12,15,1,1,1,2qb,0,True,1.0,4.0,0.0,False,not_1qb;non_redraft_or_idp
979806344754606080,2023,979806345723457536,12,17,1,1,1,idp,0,True,1.0,6.0,1.0,False,not_1qb;non_redraft_or_idp;te_premium
979990361655353344,2023,979990362620039168,12,20,1,1,1,2qb,0,True,1.0,6.0,0.5,False,not_1qb;non_redraft_or_idp;te_premium
980271494573899776,2023,980271494573899777,12,15,1,0,1,ppr,0,True,1.0,4.0,0.0,True,eligible
980357228400033792,2023,980357235173892096,12,22,1,1,1,2qb,0,True,1.0,4.0,0.0,False,not_1qb;non_redraft_or_idp
980653496905134080,2023,980653497676886016,12,23,1,0,1,dynasty_ppr,0,True,1.0,6.0,0.0,False,non_redraft_or_idp
980909674159570944,2023,980909674159570945,12,16,1,0,1,half_ppr,0,True,0.5,4.0,0.0,True,eligible
980916371074686976,2023,980916372161036288,12,15,1,0,1,ppr,0,True,1.0,4.0,0.0,True,eligible
981337637317402624,2023,981337638332395520,12,15,1,0,1,ppr,0,True,1.0,4.0,0.0,True,eligible
981383675893882880,2023,981383676716015616,12,15,1,0,1,ppr,0,True,1.0,6.0,0.5,False,te_premium
981440967687376896,2023,981440969172164608,12,15,1,0,1,ppr,0,True,1.0,6.0,0.5,False,te_premium
981472838085390336,2023,981472840333533184,12,16,1,0,1,ppr,0,True,1.0,4.0,0.0,True,eligible
981726035374829568,2023,981726036037513216,12,18,1,1,1,2qb,0,True,1.0,6.0,0.5,False,not_1qb;non_redraft_or_idp;te_premium
981825627084931072,2023,981825627995111424,12,15,1,0,1,ppr,0,True,1.0,6.0,0.5,False,te_premium
982109490323456000,2023,982109494417158144,12,17,1,1,1,idp,0,True,1.0,4.0,0.0,False,not_1qb;non_redraft_or_idp
982133734847623168,2023,982133734847623169,12,15,1,0,0,ppr,0,True,1.0,4.0,0.0,False,no_required_te
982164219342692352,2023,982164219342692353,12,16,1,0,1,idp,0,True,0.5,6.0,0.0,False,non_redraft_or_idp
982208188051148800,2023,982208191188533248,12,17,1,1,1,idp,0,True,1.0,4.0,0.0,False,not_1qb;non_redraft_or_idp
982256768455626752,2023,982256770997366784,12,29,1,1,1,idp,0,True,1.0,6.0,0.5,False,not_1qb;non_redraft_or_idp;te_premium
979058225817452544,2023,982349454407704576,12,8,1,0,1,dynasty_ppr,0,True,1.0,4.0,0.0,False,short_draft;non_redraft_or_idp
982446896981544960,2023,982446898587992064,12,29,1,1,1,idp,0,True,1.0,6.0,0.5,False,not_1qb;non_redraft_or_idp;te_premium
982518670419120128,2023,982518671530639360,12,17,1,1,1,2qb,0,True,1.0,4.0,0.0,False,not_1qb;non_redraft_or_idp
982648266762268672,2023,982648266762268673,12,17,1,0,1,half_ppr,0,True,0.5,4.0,0.0,True,eligible
982812779176361984,2023,982812779985870848,12,20,1,1,1,2qb,0,True,1.0,4.0,0.0,False,not_1qb;non_redraft_or_idp
983086333369380864,2023,983086334958940160,12,23,1,0,1,dynasty_ppr,0,True,1.0,4.0,0.0,False,non_redraft_or_idp
983151066684428288,2023,983151067884068864,12,29,1,1,1,dynasty_2qb,0,True,1.0,4.0,0.0,False,not_1qb;non_redraft_or_idp
983230434316189696,2023,983230435230535680,12,20,1,1,1,dynasty_2qb,0,True,1.0,6.0,0.5,False,not_1qb;non_redraft_or_idp;te_premium
983421434493988864,2023,983421435710320640,12,14,1,0,1,ppr,0,True,1.0,6.0,0.0,True,eligible
983444304775495680,2023,983444304775495681,12,14,1,0,1,ppr,0,True,1.0,4.0,0.0,True,eligible
983736190329221120,2023,983736191516213248,12,15,1,0,2,ppr,0,True,1.0,4.0,2.0,False,te_premium
983847665559519232,2023,983847667107262464,12,15,1,0,1,half_ppr,0,True,0.5,4.0,0.0,True,eligible
983918161667948544,2023,983918162230022144,12,18,1,1,1,2qb,0,True,1.0,6.0,0.5,False,not_1qb;non_redraft_or_idp;te_premium
984519273538207744,2023,984519274649743360,12,15,1,0,1,ppr,0,False,1.0,6.0,0.5,False,incomplete_board;te_premium
984895676825837568,2023,984895676825837569,12,14,1,1,1,2qb,23,True,1.0,6.0,0.0,False,not_1qb;keeper_picks;non_redraft_or_idp
985045991608877056,2023,985045992783372288,12,17,1,1,1,2qb,0,True,1.0,6.0,0.5,False,not_1qb;non_redraft_or_idp;te_premium
985255376008323072,2023,985255376788484096,12,13,1,0,1,ppr,0,True,1.0,4.0,0.0,True,eligible
985283283535646720,2023,985283283535646721,12,16,1,0,1,half_ppr,0,True,0.5,4.0,0.0,True,eligible
985316594219892736,2023,985316595096502272,12,15,1,0,1,ppr,0,True,1.0,4.0,0.0,True,eligible
985419762043797504,2023,985419762043797505,12,16,1,0,1,ppr,4,True,1.0,6.0,0.0,False,keeper_picks
985450322199904256,2023,985450322988466176,12,15,1,0,1,ppr,0,True,1.0,6.0,0.5,False,te_premium
985673808193392640,2023,985673809141342208,12,15,1,0,1,half_ppr,0,True,0.5,4.0,0.0,True,eligible
985902099357614080,2023,985902100263587840,12,16,1,0,1,ppr,0,True,1.0,4.0,0.0,True,eligible
985942606339252224,2023,985942606339252225,12,15,1,0,1,half_ppr,0,True,0.5,4.0,0.0,True,eligible
985951767911292928,2023,985951769802936320,12,20,1,1,1,2qb,0,True,1.0,6.0,0.5,False,not_1qb;non_redraft_or_idp;te_premium
986069316149788672,2023,986069318075056128,12,15,1,1,1,2qb,0,True,1.0,4.0,0.0,False,not_1qb;non_redraft_or_idp
986082052770480128,2023,986082054112710656,12,26,1,0,2,dynasty_ppr,0,True,1.0,6.0,1.5,False,non_redraft_or_idp;te_premium
986376957598253056,2023,986376957598253057,12,15,1,0,1,ppr,0,True,1.0,6.0,0.0,True,eligible
986427250692169728,2023,986427251929505792,12,16,1,0,1,ppr,0,True,1.0,4.0,0.0,True,eligible
986478663891832832,2023,986478663891832833,12,15,1,0,1,ppr,0,True,1.0,4.0,0.0,True,eligible
961699603936505856,2023,987033392233463808,12,15,1,0,1,ppr,0,True,1.0,4.0,0.0,True,eligible
987560632423686144,2023,987560635917471744,12,17,1,1,1,idp,0,True,1.0,4.0,0.0,False,not_1qb;non_redraft_or_idp
987748523892322304,2023,987748527897939968,12,42,1,1,2,idp,0,True,1.0,4.0,0.0,False,not_1qb;non_redraft_or_idp
987794045336416256,2023,987794046661844992,12,23,1,0,1,dynasty_ppr,0,True,1.0,4.0,0.0,False,non_redraft_or_idp
987796665832648704,2023,987796665832648705,12,15,1,0,1,ppr,0,True,1.0,4.0,0.0,True,eligible
987797870910791680,2023,987797870910791681,12,15,1,0,1,ppr,0,True,1.0,5.0,0.0,True,eligible
987810268837224448,2023,987810268837224449,12,18,1,1,2,2qb,0,True,1.0,6.0,0.5,False,not_1qb;non_redraft_or_idp;te_premium
987922333778132992,2023,987922335254601728,12,16,1,0,1,ppr,0,True,1.0,4.0,0.0,True,eligible
987935250477023232,2023,987935250477023233,12,16,1,0,1,ppr,21,True,1.0,6.0,0.0,False,keeper_picks
988170751427588096,2023,988170752732028928,12,15,1,0,1,ppr,0,True,1.0,4.0,0.0,True,eligible
988179170515533824,2023,988179171346034688,12,17,1,1,1,2qb,0,True,1.0,6.0,0.0,False,not_1qb;non_redraft_or_idp
988220388154908672,2023,988220388930863104,12,13,1,0,1,ppr,0,False,1.0,4.0,0.0,False,incomplete_board
988234539417866240,2023,988234539417866241,12,16,1,0,1,ppr,0,True,1.0,6.0,0.0,True,eligible
988564273687326720,2023,988564274328985600,12,18,1,1,1,2qb,0,True,1.0,6.0,0.5,False,not_1qb;non_redraft_or_idp;te_premium
988814240746201088,2023,988814240746201089,12,16,1,0,1,ppr,0,True,1.0,4.0,0.0,True,eligible
989208706476773376,2023,989208706476773377,12,17,1,1,1,2qb,0,True,0.5,6.0,0.0,False,not_1qb;non_redraft_or_idp
989237946991595520,2023,989237947620728832,12,17,1,1,1,2qb,0,True,1.0,6.0,0.0,False,not_1qb;non_redraft_or_idp
989256332156936192,2023,989256332836483072,12,34,1,1,1,dynasty_2qb,0,True,0.5,6.0,1.0,False,not_1qb;non_redraft_or_idp;te_premium
989291239818203136,2023,989291240766119936,12,29,1,0,1,idp,0,True,0.5,6.0,0.25,False,non_redraft_or_idp;te_premium
989330047372718080,2023,989330047372718081,12,16,2,0,1,2qb,0,True,1.0,4.0,0.0,False,not_1qb;non_redraft_or_idp
989428751219904512,2023,989428751219904513,12,16,1,0,1,half_ppr,0,True,0.5,4.0,0.0,True,eligible
989605836571906048,2023,989605836571906049,12,15,1,0,1,half_ppr,10,False,0.5,4.0,0.0,False,incomplete_board;keeper_picks
989630450517794816,2023,989630451344015360,12,30,1,1,1,dynasty_2qb,0,True,1.0,4.0,1.0,False,not_1qb;non_redraft_or_idp;te_premium
989721754916556800,2023,989721757856645120,12,25,1,1,1,dynasty_2qb,0,True,0.5,4.0,0.0,False,not_1qb;non_redraft_or_idp
989767445055406080,2023,989767445055406081,12,14,1,0,1,ppr,0,True,1.0,6.0,0.0,True,eligible
989876750983225344,2023,989876752920948736,12,17,1,0,1,ppr,0,True,1.0,4.0,0.0,True,eligible
989957028711845888,2023,989957028711845889,12,16,1,0,1,ppr,0,True,1.0,4.0,0.0,True,eligible
989974209520517120,2023,989974210766327808,12,16,1,1,1,2qb,0,True,1.0,4.0,0.0,False,not_1qb;non_redraft_or_idp
982670170374086656,2023,990019762459578368,12,6,1,1,1,dynasty_2qb,0,True,1.0,6.0,0.0,False,not_1qb;short_draft;non_redraft_or_idp
990023659395801088,2023,990023660809330688,12,15,1,0,1,ppr,0,True,1.0,4.0,0.0,True,eligible
990041851518398464,2023,990041853875539968,12,15,1,0,1,half_ppr,0,True,0.5,5.0,0.0,True,eligible
990059259511599104,2023,990059260702756864,12,15,1,0,1,ppr,0,True,1.0,4.0,0.0,True,eligible
990077441274126336,2023,990077442691850240,12,24,1,1,1,idp,0,True,1.0,4.0,0.0,False,not_1qb;non_redraft_or_idp
990085135980728320,2023,990085136995729408,12,18,1,0,1,ppr,0,True,1.0,4.0,0.0,True,eligible
990260128735649792,2023,990260129587085312,12,27,1,0,1,dynasty_ppr,0,True,1.0,4.0,0.0,False,non_redraft_or_idp
990280480677277696,2023,990280480677277697,12,14,0,2,1,2qb,0,True,1.0,6.0,0.0,False,not_1qb;non_redraft_or_idp
990335318136029184,2023,990335319675359232,12,21,1,1,0,dynasty_2qb,0,True,1.0,4.0,0.5,False,not_1qb;no_required_te;non_redraft_or_idp;te_premium
990445897295179776,2023,990445898008150016,12,34,1,0,0,idp,0,True,3.0,6.0,0.0,False,no_required_te;non_redraft_or_idp
990459943272636416,2023,990459944543588352,12,17,1,0,1,ppr,0,True,1.0,6.0,0.0,True,eligible
990486553258516480,2023,990486554181234688,12,27,1,1,1,dynasty_2qb,0,True,1.0,6.0,1.0,False,not_1qb;non_redraft_or_idp;te_premium
990506493730480128,2023,990506493730480129,12,16,1,0,1,ppr,0,True,1.0,4.0,0.0,True,eligible
990634831090352128,2023,990634831891488768,12,16,1,0,1,ppr,0,True,1.0,4.0,0.0,True,eligible
990665240167645184,2023,990665241941921792,12,17,1,1,1,2qb,0,True,1.0,6.0,0.5,False,not_1qb;non_redraft_or_idp;te_premium
990702337712807936,2023,990702337712807937,12,15,1,0,1,ppr,0,True,1.0,6.0,0.0,True,eligible
990709645352247296,2023,990709646295908352,12,21,1,1,1,2qb,0,True,1.0,6.0,0.0,False,not_1qb;non_redraft_or_idp
990765562470940672,2023,990765562470940673,12,16,1,0,1,ppr,0,True,1.0,6.0,0.0,True,eligible
990771554487152640,2023,990771555472936960,12,28,1,0,1,idp,0,True,1.0,6.0,0.0,False,non_redraft_or_idp
990831991626985472,2023,990831992268701696,12,17,1,1,1,2qb,0,True,1.0,6.0,0.0,False,not_1qb;non_redraft_or_idp
991046093095956480,2023,991046093804720128,12,18,1,1,1,2qb,0,True,1.0,4.0,0.0,False,not_1qb;non_redraft_or_idp
991071236346175488,2023,991071240817287168,12,15,1,0,1,ppr,0,True,1.0,5.0,0.0,True,eligible
991079631090413568,2023,991079633942626304,12,25,1,1,1,dynasty_2qb,0,True,1.0,6.0,1.0,False,not_1qb;non_redraft_or_idp;te_premium
990322449323446272,2023,991104400183574528,12,23,1,0,1,dynasty_ppr,0,True,1.0,4.0,0.0,False,non_redraft_or_idp
991136188062842880,2023,991136188062842881,12,14,1,0,1,ppr,0,True,1.0,4.0,0.0,True,eligible
991200123482931200,2023,991200124422459392,12,16,1,0,1,ppr,0,True,1.0,4.0,0.0,True,eligible
991220904367538176,2023,991220905340674048,12,15,1,0,1,half_ppr,0,True,0.5,6.0,0.0,True,eligible
991260219395072000,2023,991260220280172544,12,25,1,1,1,dynasty_2qb,0,False,1.0,4.0,0.0,False,incomplete_board;not_1qb;non_redraft_or_idp
991401714978729984,2023,991401714978729985,12,14,1,0,1,ppr,0,True,1.0,4.0,0.0,True,eligible
991421926906159104,2023,991421927698870272,12,20,1,1,1,dynasty_2qb,0,True,1.0,4.0,0.0,False,not_1qb;non_redraft_or_idp
991453096926646272,2023,991453096926646273,12,15,1,1,1,2qb,0,True,1.0,6.0,0.5,False,not_1qb;non_redraft_or_idp;te_premium
991458881182171136,2023,991458884919369728,12,17,1,1,1,idp,0,True,1.0,4.0,0.0,False,not_1qb;non_redraft_or_idp
991477689460604928,2023,991477690253320192,12,20,1,1,1,dynasty_2qb,0,True,1.0,6.0,0.5,False,not_1qb;non_redraft_or_idp;te_premium
991537373722767360,2023,991537373722767361,12,16,1,0,1,half_ppr,0,True,0.5,4.0,0.0,True,eligible
991539602198470656,2023,991539602198470657,12,15,1,0,1,half_ppr,0,True,0.5,4.0,0.0,True,eligible
991567805189255168,2023,991567807210971136,12,17,1,1,1,2qb,0,True,1.0,6.0,0.75,False,not_1qb;non_redraft_or_idp;te_premium
991621943906340864,2023,991621949447028736,12,17,1,1,1,2qb,0,True,1.0,4.0,0.0,False,not_1qb;non_redraft_or_idp
991676079272255488,2023,991676079272255489,12,17,1,1,1,2qb,0,True,1.0,6.0,0.0,False,not_1qb;non_redraft_or_idp
991836809883627520,2023,991836809883627521,12,15,1,1,1,2qb,0,True,1.0,4.0,0.0,False,not_1qb;non_redraft_or_idp
991863486495981568,2023,991863487410266112,12,15,1,0,1,ppr,0,True,1.0,6.0,0.0,True,eligible
991898757727838208,2023,991898760391299072,12,17,1,1,1,2qb,0,True,1.0,6.0,0.0,False,not_1qb;non_redraft_or_idp
991905209863479296,2023,991905210710753280,12,17,1,1,1,idp,0,True,0.5,4.0,0.0,False,not_1qb;non_redraft_or_idp
957428135111221248,2023,991932895256227840,12,15,1,0,1,half_ppr,0,True,0.5,4.0,0.0,True,eligible
992071725481287680,2023,992071725481287681,12,16,1,0,1,half_ppr,0,True,0.0,6.0,0.5,False,te_premium
992073413911007232,2023,992073413911007233,12,16,1,0,1,ppr,0,True,1.0,6.0,0.5,False,te_premium
992093705567883264,2023,992093705567883265,12,15,1,1,1,2qb,0,True,0.5,4.0,0.0,False,not_1qb;non_redraft_or_idp
992110586710261760,2023,992110587536613376,12,17,1,1,1,2qb,0,True,1.0,6.0,0.0,False,not_1qb;non_redraft_or_idp
992112841635213312,2023,992112844088905728,12,15,1,0,1,ppr,0,True,1.0,4.0,0.0,True,eligible
992180504621006848,2023,992180504621006849,12,14,1,0,1,ppr,0,True,1.0,4.0,0.0,True,eligible
992180642026430464,2023,992180642026430465,12,17,1,0,1,ppr,0,True,1.0,4.0,0.0,True,eligible
992182492867895296,2023,992182492867895297,12,14,1,0,1,half_ppr,0,True,0.5,4.0,0.0,True,eligible
992194555170308098,2023,992194555170308099,12,15,1,0,1,half_ppr,0,True,0.5,6.0,0.0,True,eligible
992194715444236288,2023,992194715444236289,12,16,1,1,0,2qb,0,True,1.0,4.0,0.0,False,not_1qb;no_required_te;non_redraft_or_idp
992195025590878208,2023,992195025590878209,12,14,1,0,1,ppr,0,True,1.0,4.0,0.0,True,eligible
992195221108346880,2023,992195221108346881,12,14,1,0,1,half_ppr,0,True,0.5,4.0,0.0,True,eligible
992195230700736512,2023,992195230700736513,12,17,1,1,1,2qb,0,True,1.0,4.0,0.0,False,not_1qb;non_redraft_or_idp
992195528471134208,2023,992195528471134209,12,16,1,0,1,ppr,0,True,1.0,4.0,0.0,True,eligible
992209456173465600,2023,992209456173465601,12,15,1,0,1,ppr,0,True,1.0,4.0,0.0,True,eligible
992209461525389312,2023,992209461525389313,12,15,1,0,1,ppr,0,True,1.0,5.0,0.0,True,eligible
992210388575653888,2023,992210388575653889,12,16,1,0,1,half_ppr,11,True,0.5,4.0,0.0,False,keeper_picks
992210746785996800,2023,992210746785996801,12,15,1,0,1,ppr,0,True,1.0,4.0,0.0,True,eligible
992211021533863936,2023,992211021533863937,12,15,1,0,1,half_ppr,0,True,0.5,6.0,0.0,True,eligible
992211295832952832,2023,992211295832952833,12,15,1,0,1,ppr,0,True,1.0,6.0,0.0,True,eligible
992214321897480192,2023,992214321897480193,12,15,1,0,1,half_ppr,0,True,0.5,4.0,0.0,True,eligible
992215038842429440,2023,992215038842429441,12,16,1,0,1,idp,0,True,1.0,4.0,0.0,False,non_redraft_or_idp
992215918643838976,2023,992215918643838977,12,15,2,0,1,2qb,0,True,1.0,6.0,0.0,False,not_1qb;non_redraft_or_idp
992216209275547648,2023,992216209275547649,12,15,1,0,1,ppr,0,True,1.0,6.0,0.0,True,eligible
992218203306737664,2023,992218206079078400,12,15,1,0,1,ppr,0,True,1.0,4.0,0.0,True,eligible
992218602276974592,2023,992218602276974593,12,15,1,0,1,ppr,0,True,1.0,4.0,0.0,True,eligible
992240236539289600,2023,992240236539289601,12,16,1,0,1,ppr,0,True,1.0,6.0,0.0,True,eligible
992244888974487552,2023,992244889859481600,12,30,1,1,1,dynasty_2qb,0,True,1.0,4.0,0.0,False,not_1qb;non_redraft_or_idp
992258377168261120,2023,992258378602778624,12,14,1,0,1,ppr,0,True,1.0,4.0,0.0,True,eligible
992503034104115200,2023,992503053309861888,12,16,1,0,1,half_ppr,0,True,0.5,4.0,0.0,True,eligible
992512874859884544,2023,992512876252368896,12,16,1,1,1,2qb,0,True,1.0,6.0,0.5,False,not_1qb;non_redraft_or_idp;te_premium
992579560073908224,2023,992579560073908225,12,13,1,0,1,ppr,0,True,1.0,4.0,0.0,True,eligible
992599438189293568,2023,992599438189293569,12,16,1,1,0,2qb,0,True,1.0,6.0,1.0,False,not_1qb;no_required_te;non_redraft_or_idp;te_premium
992621478904406016,2023,992621480196231168,12,15,1,0,1,ppr,0,True,1.0,6.0,0.0,True,eligible
992628972452192256,2023,992628974255734784,12,15,1,0,1,ppr,0,True,1.0,6.0,0.0,True,eligible
992669454846820352,2023,992669455794733056,12,16,1,0,1,ppr,0,True,1.0,6.0,0.0,True,eligible
992826368452784128,2023,992826382826713088,12,15,1,0,1,ppr,0,True,1.0,4.0,0.0,True,eligible
992855459533025280,2023,992855459533025281,12,15,1,0,1,ppr,0,True,1.0,6.0,0.0,True,eligible
992873861802713088,2023,992873862939332608,12,13,1,0,0,half_ppr,0,True,0.5,4.0,0.5,False,no_required_te;te_premium
992874006007062528,2023,992874007101808640,12,13,1,0,0,half_ppr,0,True,0.5,4.0,0.5,False,no_required_te;te_premium
992878035919601664,2023,992878035919601665,12,15,1,0,1,ppr,0,True,1.0,6.0,0.0,True,eligible
992904937036201984,2023,992904938340651008,12,14,1,0,1,ppr,0,True,1.0,4.0,0.0,True,eligible
992910193153323008,2023,992910195246374912,12,25,2,0,1,idp,0,True,1.0,6.0,0.5,False,not_1qb;non_redraft_or_idp;te_premium
992972901521371136,2023,992972902750355456,12,17,1,0,1,ppr,0,True,1.0,6.0,0.0,True,eligible
992995479036272640,2023,992995480185393152,12,23,1,1,1,dynasty_2qb,0,True,1.0,4.0,0.0,False,not_1qb;non_redraft_or_idp
992996451913400320,2023,992996451913400321,12,14,1,0,1,half_ppr,0,True,0.5,4.0,0.0,True,eligible
993015498386259968,2023,993015499841683456,12,15,1,0,1,ppr,0,True,1.0,4.0,0.0,True,eligible
993030068450480128,2023,993033570933403648,12,14,1,1,1,2qb,0,True,1.0,4.0,0.0,False,not_1qb;non_redraft_or_idp
993374276919013376,2023,993374278861058048,12,17,1,0,1,ppr,0,True,1.0,4.0,0.0,True,eligible
993660010318110720,2023,993660010318110721,12,14,1,1,1,2qb,0,True,1.0,4.0,0.0,False,not_1qb;non_redraft_or_idp
993752197806575616,2023,993752197806575617,12,18,1,0,1,ppr,0,True,1.0,4.0,0.0,True,eligible
993914530205937664,2023,993914530918891520,12,28,1,1,1,dynasty_2qb,0,True,1.0,6.0,0.5,False,not_1qb;non_redraft_or_idp;te_premium
993918295629783040,2023,993918299366903808,12,15,1,1,1,2qb,0,True,0.5,4.0,1.0,False,not_1qb;non_redraft_or_idp;te_premium
993919290535464960,2023,993919293626609664,12,15,1,0,1,half_ppr,0,True,0.5,6.0,0.5,False,te_premium
994013070747897856,2023,994013071272103936,12,16,1,0,1,ppr,0,True,1.0,6.0,0.0,True,eligible
994016864806264832,2023,994016864806264833,12,17,1,0,2,half_ppr,0,True,0.5,4.0,0.0,True,eligible
994024366109253632,2023,994024366109253633,12,15,1,0,1,ppr,0,True,1.0,6.0,0.0,True,eligible
994049464056737792,2023,994049468171436032,12,17,1,1,1,2qb,0,True,1.0,6.0,0.5,False,not_1qb;non_redraft_or_idp;te_premium
994078813782937600,2023,994078814965727232,12,17,1,0,1,ppr,0,True,1.0,6.0,0.0,True,eligible
994106116894224384,2023,994106118194483200,12,13,1,0,1,ppr,0,True,1.0,6.0,0.0,True,eligible
994166889356070912,2023,994166890505338880,12,14,1,0,1,ppr,0,True,1.0,6.0,0.0,True,eligible
994168786242609152,2023,994168794115301376,12,20,1,1,1,2qb,0,True,1.0,4.0,0.5,False,not_1qb;non_redraft_or_idp;te_premium
994240665133412352,2023,994240668958515200,12,18,1,0,1,ppr,0,True,1.0,4.0,0.0,True,eligible
994280904866521088,2023,994280905822810112,12,24,1,1,1,dynasty_2qb,0,True,1.0,6.0,0.75,False,not_1qb;non_redraft_or_idp;te_premium
994366877503651840,2023,994366879437316096,12,16,1,1,1,2qb,0,True,0.5,6.0,0.5,False,not_1qb;non_redraft_or_idp;te_premium
994368129969033216,2023,994368131608969216,12,17,1,0,1,ppr,0,True,1.0,4.0,0.0,True,eligible
994405610064080896,2023,994405611167137792,12,15,1,0,1,ppr,0,True,1.0,4.0,0.0,True,eligible
994477438589571072,2023,994477438589571073,12,16,1,1,1,2qb,0,True,1.0,4.0,0.0,False,not_1qb;non_redraft_or_idp
994404728064843776,2023,994485462578311168,12,15,1,1,1,2qb,0,True,1.0,4.0,0.0,False,not_1qb;non_redraft_or_idp
994489100679888896,2023,994489102378598400,12,24,1,1,1,dynasty_2qb,0,True,1.0,4.0,0.0,False,not_1qb;non_redraft_or_idp
994603569678483456,2023,994603570718662656,12,14,1,0,1,half_ppr,0,True,0.5,4.0,0.0,True,eligible
994604099637219328,2023,994604100618706944,12,14,1,0,1,half_ppr,0,True,0.5,4.0,0.0,True,eligible
994620532731457536,2023,994620532731457537,12,16,1,0,1,ppr,0,True,1.0,4.0,0.0,True,eligible
994669528636317696,2023,994669528636317697,12,17,1,1,1,2qb,0,True,0.5,4.0,0.0,False,not_1qb;non_redraft_or_idp
994716260095066112,2023,994716260095066113,12,14,1,0,1,half_ppr,0,True,0.5,4.0,0.0,True,eligible
994755759085006848,2023,994755759085006849,12,18,2,0,1,2qb,0,True,0.5,4.0,0.0,False,not_1qb;non_redraft_or_idp
994816236137631744,2023,994816236137631745,12,14,1,0,1,half_ppr,0,True,0.5,4.0,0.0,True,eligible
994842446758490112,2023,994842447618392064,12,16,1,0,1,ppr,0,True,1.0,4.0,0.0,True,eligible
994978776956112896,2023,994978777803386880,12,15,1,1,1,2qb,0,True,1.0,4.0,0.5,False,not_1qb;non_redraft_or_idp;te_premium
995003160584302592,2023,995003161964347392,12,20,1,1,1,2qb,0,True,0.0,5.0,0.0,False,not_1qb;non_redraft_or_idp
995060981283844096,2023,995060990737690624,12,24,1,1,1,dynasty_2qb,0,True,1.0,6.0,0.5,False,not_1qb;non_redraft_or_idp;te_premium
995102454159089664,2023,995102455178317824,12,14,1,0,1,ppr,0,True,1.0,4.0,0.0,True,eligible
995152286194188288,2023,995152286919733248,12,26,1,1,1,dynasty_2qb,0,True,1.0,6.0,0.0,False,not_1qb;non_redraft_or_idp
995145921543385088,2023,995159987280211968,12,26,1,1,1,dynasty_2qb,0,True,1.0,4.0,0.0,False,not_1qb;non_redraft_or_idp
995367487099236352,2023,995367487757672448,12,17,1,1,1,2qb,0,True,1.0,6.0,0.0,False,not_1qb;non_redraft_or_idp
995389185445908480,2023,995389186976837632,12,16,1,1,1,2qb,0,True,1.0,4.0,0.0,False,not_1qb;non_redraft_or_idp
995428245975658496,2023,995428248156794880,12,16,1,0,1,half_ppr,0,True,0.5,4.0,0.0,True,eligible
995430003317768192,2023,995430008745250816,12,15,1,1,1,2qb,0,True,1.0,6.0,0.0,False,not_1qb;non_redraft_or_idp
995449156334346240,2023,995449157169025024,12,16,1,0,1,ppr,0,True,1.0,4.0,0.0,True,eligible
995473326594273280,2023,995473328083210240,12,16,1,0,1,ppr,0,True,1.0,6.0,0.5,False,te_premium
995542941349441536,2023,995542943178149888,12,18,1,1,1,2qb,0,True,1.0,6.0,0.5,False,not_1qb;non_redraft_or_idp;te_premium
995701199586291712,2023,995701199586291713,12,16,1,0,1,half_ppr,0,True,0.5,4.0,0.0,True,eligible
995709397189844992,2023,995709398381035520,12,16,1,0,1,ppr,0,True,1.0,4.0,0.0,True,eligible
995800852117954560,2023,995800853019758592,12,21,1,1,1,dynasty_2qb,0,True,1.0,6.0,0.0,False,not_1qb;non_redraft_or_idp
995840218349637632,2023,995840221583437824,12,15,1,0,1,ppr,0,True,1.0,4.0,0.0,True,eligible
995904472754888704,2023,995904473514037248,12,14,1,0,1,half_ppr,0,True,0.5,6.0,0.0,True,eligible
995955251696062464,2023,995955251696062465,12,16,1,0,1,ppr,0,True,1.0,6.0,0.0,True,eligible
996152590855462912,2023,996152591535042560,12,17,1,0,1,ppr,0,True,1.0,4.5,0.25,False,te_premium
996158376021291008,2023,996158381159354368,12,29,1,1,1,idp,0,True,1.0,6.0,1.5,False,not_1qb;non_redraft_or_idp;te_premium
996193473554497536,2023,996193473554497537,12,14,1,0,1,ppr,0,True,1.0,4.0,0.0,True,eligible
996195955932364800,2023,996195957144510464,12,17,1,1,1,2qb,0,True,1.0,6.0,1.0,False,not_1qb;non_redraft_or_idp;te_premium
996283118741090304,2023,996283119722471424,12,14,1,0,1,ppr,0,True,1.0,6.0,0.5,False,te_premium
996321136654909440,2023,996321138139701248,12,15,1,0,1,ppr,0,True,1.0,4.0,0.0,True,eligible
996323917461692416,2023,996323919311294464,12,15,1,0,1,ppr,0,True,1.0,4.0,0.0,True,eligible
996493131166167040,2023,996493133905035264,12,17,1,1,1,2qb,0,True,1.0,6.0,0.5,False,not_1qb;non_redraft_or_idp;te_premium
996522775043055616,2023,996522777211568128,12,15,1,1,1,2qb,0,True,1.0,6.0,0.5,False,not_1qb;non_redraft_or_idp;te_premium
996575924437110784,2023,996575925900914688,12,23,1,0,1,dynasty_ppr,0,True,1.0,6.0,0.0,False,non_redraft_or_idp
957678257724256256,2023,996858901255483392,12,17,1,0,1,ppr,29,True,1.0,4.0,0.0,False,keeper_picks
996877449050882048,2023,996877449050882049,12,14,1,0,1,half_ppr,0,True,0.5,4.0,0.0,True,eligible
996962643585839104,2023,996962644726734848,12,17,1,1,1,2qb,0,True,1.0,6.0,0.0,False,not_1qb;non_redraft_or_idp
996970404973465600,2023,996970408085610496,12,15,1,0,1,ppr,0,True,1.0,4.0,0.0,True,eligible
996976206530637824,2023,996976208602533888,12,15,1,0,1,ppr,0,True,1.0,4.0,0.0,True,eligible
997016594666582016,2023,997016596914733056,12,24,1,0,1,dynasty_ppr,0,True,1.0,4.0,0.0,False,non_redraft_or_idp
997224750168555520,2023,997224750168555521,12,16,1,0,1,ppr,0,True,1.0,6.0,0.0,True,eligible
997236845496868864,2023,997236848139251712,12,15,1,0,1,ppr,0,True,1.0,4.0,0.0,True,eligible
997280686153306112,2023,997280686153306113,12,14,1,0,1,ppr,0,True,1.0,4.0,0.0,True,eligible
996802688631336960,2023,997292829057585152,12,15,1,0,1,half_ppr,0,True,0.5,6.0,0.5,False,te_premium
997298669189660672,2023,997298669961494528,12,14,1,0,1,ppr,0,True,1.0,4.0,0.0,True,eligible
997358749662732288,2023,997358750547681280,12,26,1,1,1,dynasty_2qb,0,True,0.5,4.0,0.0,False,not_1qb;non_redraft_or_idp
997541025277083648,2023,997541026078216192,12,29,1,1,1,idp,0,True,1.0,6.0,1.0,False,not_1qb;non_redraft_or_idp;te_premium
997564277730934784,2023,997564277730934785,12,17,1,0,1,ppr,0,True,1.0,4.0,0.0,True,eligible
991368096935985152,2023,997586571995971584,12,16,1,0,1,half_ppr,0,True,0.5,6.0,0.0,True,eligible
997638856759402496,2023,997638857480794112,12,18,1,1,1,2qb,0,True,1.0,4.0,0.0,False,not_1qb;non_redraft_or_idp
997670776708845568,2023,997670777723912192,12,36,1,1,1,idp,0,True,1.0,4.0,0.0,False,not_1qb;non_redraft_or_idp
997712998980472832,2023,997712999852871680,12,14,1,0,1,ppr,0,True,1.0,4.0,0.0,True,eligible
997737214165458944,2023,997737215729975296,12,15,1,0,1,ppr,0,True,1.0,6.0,0.25,False,te_premium
997888968114991104,2023,997888968114991105,12,17,1,0,1,ppr,28,True,1.0,6.0,0.0,False,keeper_picks
997940508561371136,2023,997940509496668160,12,16,1,0,1,ppr,0,True,1.0,4.0,0.0,True,eligible
997946786545221632,2023,997946787644100608,12,15,1,0,1,ppr,0,True,1.0,4.0,0.0,True,eligible
998026711130390528,2023,998026711897944064,12,25,1,1,1,dynasty_2qb,0,True,1.0,4.0,0.5,False,not_1qb;non_redraft_or_idp;te_premium
998054844005003264,2023,998054848245424128,12,13,1,0,1,half_ppr,0,True,0.5,4.0,0.0,True,eligible
998077834084171776,2023,998077835237560320,12,14,1,0,1,ppr,0,True,1.0,6.0,0.0,True,eligible
998078064196337664,2023,998078065005813760,12,14,1,0,1,ppr,0,True,1.0,6.0,0.0,True,eligible
998091329395757056,2023,998091330511351808,12,22,1,1,1,dynasty_2qb,0,True,1.0,6.0,0.5,False,not_1qb;non_redraft_or_idp;te_premium
998099789843800064,2023,998099791731159040,12,15,1,0,1,ppr,0,True,1.0,6.0,0.0,True,eligible
998111180076105728,2023,998111180965224448,12,14,1,0,1,ppr,0,True,1.0,6.0,0.0,True,eligible
998136004424880128,2023,998136006970863616,12,15,1,0,1,ppr,0,True,1.0,4.0,0.0,True,eligible
998179149569216512,2023,998179150860972032,12,16,1,1,1,2qb,0,True,1.0,6.0,0.0,False,not_1qb;non_redraft_or_idp
998271689404248064,2023,998271693560856576,12,15,1,0,1,ppr,0,True,1.0,6.0,0.0,True,eligible
998378781079482368,2023,998378782174171136,12,15,1,0,1,ppr,0,True,1.0,6.0,0.0,True,eligible
998423054252519424,2023,998423054785101824,12,15,1,1,1,2qb,0,True,1.0,4.0,0.0,False,not_1qb;non_redraft_or_idp
998586094713184256,2023,998586101214281728,12,16,1,0,1,ppr,0,True,1.0,4.0,0.0,True,eligible
998837142325575680,2023,998837144812740608,12,15,1,1,1,2qb,0,True,1.0,6.0,0.0,False,not_1qb;non_redraft_or_idp
999004781060468736,2023,999004782696128512,12,15,1,0,1,ppr,0,True,1.0,6.0,0.0,True,eligible
999023365803278336,2023,999023366801616896,12,16,1,0,1,ppr,0,True,1.0,4.0,0.0,True,eligible
999037455590322176,2023,999037456173412352,12,16,1,0,1,half_ppr,0,True,0.5,4.0,0.0,True,eligible
999018624113336320,2023,999057922875346944,12,16,1,0,1,ppr,0,True,1.0,6.0,0.0,True,eligible
999061935012306944,2023,999061935842729984,12,15,1,0,1,ppr,0,True,1.0,4.0,0.0,True,eligible
999065692404076544,2023,999065693045792768,12,14,1,0,1,ppr,0,True,1.0,4.0,0.5,False,te_premium
999092471785132032,2023,999092472984711168,12,25,1,1,1,dynasty_2qb,0,True,1.0,4.0,0.5,False,not_1qb;non_redraft_or_idp;te_premium
999118656871342080,2023,999118657575886848,12,15,1,0,1,ppr,0,True,1.0,5.0,0.0,True,eligible
999149617554034688,2023,999149618225164288,12,15,1,1,1,2qb,0,True,1.0,4.0,0.0,False,not_1qb;non_redraft_or_idp
999153079243202560,2023,999153082640588800,12,17,1,1,1,2qb,0,True,1.0,6.0,0.5,False,not_1qb;non_redraft_or_idp;te_premium
999200843096408064,2023,999200845554196480,12,16,1,1,1,2qb,0,True,1.0,6.0,0.0,False,not_1qb;non_redraft_or_idp
999389020415164416,2023,999389020415164417,12,15,1,0,1,ppr,0,True,1.0,4.0,0.0,True,eligible
999410598515425280,2023,999410601019420672,12,14,1,0,1,ppr,0,True,1.0,4.0,0.0,True,eligible
999467843777368064,2023,999467844666454016,12,24,1,1,1,dynasty_2qb,0,True,1.0,6.0,0.5,False,not_1qb;non_redraft_or_idp;te_premium
999474766081900544,2023,999474768783089664,12,17,1,1,1,2qb,0,True,1.0,6.0,0.5,False,not_1qb;non_redraft_or_idp;te_premium
999476210138771456,2023,999476211426426880,12,14,1,0,1,ppr,0,True,1.0,4.0,0.0,True,eligible
999499548613599232,2023,999499550010322944,12,31,1,1,1,dynasty_2qb,0,True,1.0,6.0,1.0,False,not_1qb;non_redraft_or_idp;te_premium
1001723714158927872,2023,999529484929916928,12,20,1,0,1,ppr,0,True,1.0,4.0,0.0,True,eligible
999714896998739968,2023,999714901964771328,12,20,0,0,0,idp,0,True,1.0,4.0,0.0,False,not_1qb;no_required_te;non_redraft_or_idp
999801658391494656,2023,999801658391494657,12,18,1,0,1,half_ppr,0,True,0.5,6.0,0.0,True,eligible
999879957213933568,2023,999879958078029824,12,15,1,0,1,ppr,0,True,1.0,4.0,0.0,True,eligible
999888175361298432,2023,999888176149762048,12,13,1,0,1,ppr,0,True,1.0,4.0,0.0,True,eligible
